timestamp,beats per minute
2023-04-29T00:00:02Z,135.0
2023-04-29T00:00:07Z,131.0
2023-04-29T00:00:12Z,130.0
2023-04-29T00:00:17Z,128.0
2023-04-29T00:00:22Z,127.0
2023-04-29T00:00:32Z,130.0
2023-04-29T00:00:37Z,129.0
2023-04-29T00:00:47Z,131.0
2023-04-29T00:00:52Z,127.0
2023-04-29T00:00:57Z,130.0
2023-04-29T00:01:02Z,136.0
2023-04-29T00:01:07Z,138.0
2023-04-29T00:01:12Z,139.0
2023-04-29T00:01:22Z,140.0
2023-04-29T00:01:27Z,139.0
2023-04-29T00:01:32Z,135.0
2023-04-29T00:01:37Z,129.0
2023-04-29T00:01:42Z,128.0
2023-04-29T00:01:47Z,127.0
2023-04-29T00:01:52Z,128.0
2023-04-29T00:01:57Z,130.0
2023-04-29T00:02:07Z,134.0
2023-04-29T00:02:12Z,135.0
2023-04-29T00:02:17Z,136.0
2023-04-29T00:02:22Z,133.0
2023-04-29T00:02:27Z,130.0
2023-04-29T00:02:32Z,136.0
2023-04-29T00:02:37Z,139.0
2023-04-29T00:02:42Z,138.0
2023-04-29T00:02:47Z,137.0
2023-04-29T00:02:52Z,134.0
2023-04-29T00:02:57Z,127.0
2023-04-29T00:03:02Z,122.0
2023-04-29T00:03:12Z,123.0
2023-04-29T00:03:17Z,124.0
2023-04-29T00:03:22Z,126.0
2023-04-29T00:03:27Z,130.0
2023-04-29T00:03:32Z,132.0
2023-04-29T00:03:37Z,129.0
2023-04-29T00:03:42Z,128.0
2023-04-29T00:03:52Z,127.0
2023-04-29T00:04:02Z,131.0
2023-04-29T00:04:12Z,131.0
2023-04-29T00:04:17Z,129.0
2023-04-29T00:04:22Z,128.0
2023-04-29T00:04:27Z,127.0
2023-04-29T00:04:32Z,126.0
2023-04-29T00:04:37Z,125.0
2023-04-29T00:04:42Z,126.0
2023-04-29T00:04:52Z,125.0
2023-04-29T00:04:57Z,124.0
2023-04-29T00:05:02Z,124.0
2023-04-29T00:05:12Z,123.0
2023-04-29T00:05:22Z,124.0
2023-04-29T00:05:27Z,126.0
2023-04-29T00:05:32Z,125.0
2023-04-29T00:05:37Z,123.0
2023-04-29T00:05:42Z,125.0
2023-04-29T00:05:47Z,124.0
2023-04-29T00:05:52Z,122.0
2023-04-29T00:05:57Z,119.0
2023-04-29T00:06:02Z,116.0
2023-04-29T00:06:07Z,114.0
2023-04-29T00:06:12Z,112.0
2023-04-29T00:06:27Z,112.0
2023-04-29T00:06:32Z,111.0
2023-04-29T00:06:37Z,112.0
2023-04-29T00:06:42Z,113.0
2023-04-29T00:06:47Z,110.0
2023-04-29T00:06:52Z,109.0
2023-04-29T00:06:57Z,113.0
2023-04-29T00:07:02Z,117.0
2023-04-29T00:07:12Z,116.0
2023-04-29T00:07:18Z,116.0
2023-04-29T00:07:23Z,117.0
2023-04-29T00:07:28Z,119.0
2023-04-29T00:07:38Z,120.0
2023-04-29T00:07:43Z,121.0
2023-04-29T00:07:48Z,123.0
2023-04-29T00:07:53Z,124.0
2023-04-29T00:07:58Z,125.0
2023-04-29T00:08:03Z,126.0
2023-04-29T00:08:08Z,128.0
2023-04-29T00:08:13Z,128.0
2023-04-29T00:08:18Z,129.0
2023-04-29T00:08:23Z,130.0
2023-04-29T00:08:28Z,133.0
2023-04-29T00:08:33Z,134.0
2023-04-29T00:08:43Z,139.0
2023-04-29T00:08:48Z,141.0
2023-04-29T00:08:53Z,138.0
2023-04-29T00:08:58Z,139.0
2023-04-29T00:09:03Z,140.0
2023-04-29T00:09:08Z,139.0
2023-04-29T00:09:13Z,136.0
2023-04-29T00:09:18Z,133.0
2023-04-29T00:09:23Z,130.0
2023-04-29T00:09:33Z,133.0
2023-04-29T00:09:38Z,134.0
2023-04-29T00:09:43Z,130.0
2023-04-29T00:09:48Z,126.0
2023-04-29T00:09:53Z,124.0
2023-04-29T00:09:58Z,130.0
2023-04-29T00:10:03Z,133.0
2023-04-29T00:10:13Z,131.0
2023-04-29T00:10:18Z,129.0
2023-04-29T00:10:28Z,128.0
2023-04-29T00:10:33Z,127.0
2023-04-29T00:10:38Z,126.0
2023-04-29T00:10:43Z,122.0
2023-04-29T00:10:48Z,119.0
2023-04-29T00:10:53Z,116.0
2023-04-29T00:10:58Z,115.0
2023-04-29T00:11:03Z,111.0
2023-04-29T00:11:08Z,108.0
2023-04-29T00:11:13Z,107.0
2023-04-29T00:11:18Z,109.0
2023-04-29T00:11:23Z,113.0
2023-04-29T00:11:28Z,119.0
2023-04-29T00:11:33Z,123.0
2023-04-29T00:11:38Z,121.0
2023-04-29T00:11:44Z,118.0
2023-04-29T00:11:54Z,119.0
2023-04-29T00:11:59Z,120.0
2023-04-29T00:12:04Z,124.0
2023-04-29T00:12:09Z,125.0
2023-04-29T00:12:14Z,126.0
2023-04-29T00:12:19Z,128.0
2023-04-29T00:12:24Z,131.0
2023-04-29T00:12:29Z,133.0
2023-04-29T00:12:34Z,137.0
2023-04-29T00:12:39Z,140.0
2023-04-29T00:12:44Z,141.0
2023-04-29T00:12:49Z,142.0
2023-04-29T00:12:54Z,140.0
2023-04-29T00:12:59Z,134.0
2023-04-29T00:13:04Z,133.0
2023-04-29T00:13:09Z,132.0
2023-04-29T00:13:14Z,129.0
2023-04-29T00:13:19Z,127.0
2023-04-29T00:13:24Z,126.0
2023-04-29T00:13:29Z,124.0
2023-04-29T00:13:34Z,121.0
2023-04-29T00:13:39Z,119.0
2023-04-29T00:13:44Z,103.0
2023-04-29T00:13:49Z,104.0
2023-04-29T00:13:54Z,105.0
2023-04-29T00:13:59Z,108.0
2023-04-29T00:14:14Z,110.0
2023-04-29T00:14:19Z,111.0
2023-04-29T00:14:24Z,113.0
2023-04-29T00:14:29Z,116.0
2023-04-29T00:14:34Z,115.0
2023-04-29T00:14:39Z,116.0
2023-04-29T00:14:44Z,115.0
2023-04-29T00:14:49Z,113.0
2023-04-29T00:14:54Z,114.0
2023-04-29T00:14:59Z,115.0
2023-04-29T00:15:04Z,116.0
2023-04-29T00:15:09Z,115.0
2023-04-29T00:15:14Z,117.0
2023-04-29T00:15:19Z,120.0
2023-04-29T00:15:24Z,125.0
2023-04-29T00:15:29Z,121.0
2023-04-29T00:15:34Z,119.0
2023-04-29T00:15:39Z,123.0
2023-04-29T00:15:44Z,130.0
2023-04-29T00:15:59Z,128.0
2023-04-29T00:16:14Z,128.0
2023-04-29T00:16:19Z,125.0
2023-04-29T00:16:24Z,124.0
2023-04-29T00:16:29Z,129.0
2023-04-29T00:16:34Z,133.0
2023-04-29T00:16:39Z,134.0
2023-04-29T00:16:44Z,135.0
2023-04-29T00:16:49Z,134.0
2023-04-29T00:16:54Z,132.0
2023-04-29T00:16:59Z,129.0
2023-04-29T00:17:04Z,131.0
2023-04-29T00:17:09Z,132.0
2023-04-29T00:17:14Z,134.0
2023-04-29T00:17:29Z,134.0
2023-04-29T00:17:34Z,135.0
2023-04-29T00:17:39Z,136.0
2023-04-29T00:17:44Z,135.0
2023-04-29T00:17:49Z,132.0
2023-04-29T00:17:54Z,128.0
2023-04-29T00:17:59Z,127.0
2023-04-29T00:18:04Z,128.0
2023-04-29T00:18:09Z,126.0
2023-04-29T00:18:14Z,128.0
2023-04-29T00:18:19Z,127.0
2023-04-29T00:18:24Z,126.0
2023-04-29T00:18:29Z,122.0
2023-04-29T00:18:34Z,116.0
2023-04-29T00:18:39Z,111.0
2023-04-29T00:18:44Z,117.0
2023-04-29T00:18:49Z,118.0
2023-04-29T00:18:54Z,116.0
2023-04-29T00:18:59Z,115.0
2023-04-29T00:19:04Z,116.0
2023-04-29T00:19:09Z,114.0
2023-04-29T00:19:19Z,114.0
2023-04-29T00:19:24Z,113.0
2023-04-29T00:19:29Z,114.0
2023-04-29T00:19:34Z,110.0
2023-04-29T00:19:39Z,105.0
2023-04-29T00:19:44Z,104.0
2023-04-29T00:19:49Z,106.0
2023-04-29T00:19:54Z,110.0
2023-04-29T00:19:59Z,109.0
2023-04-29T00:20:09Z,110.0
2023-04-29T00:20:14Z,115.0
2023-04-29T00:20:19Z,118.0
2023-04-29T00:20:24Z,120.0
2023-04-29T00:20:29Z,128.0
2023-04-29T00:20:39Z,121.0
2023-04-29T00:20:44Z,120.0
2023-04-29T00:20:49Z,118.0
2023-04-29T00:20:54Z,116.0
2023-04-29T00:20:59Z,117.0
2023-04-29T00:21:04Z,116.0
2023-04-29T00:21:09Z,115.0
2023-04-29T00:21:14Z,112.0
2023-04-29T00:21:19Z,110.0
2023-04-29T00:21:29Z,108.0
2023-04-29T00:21:34Z,107.0
2023-04-29T00:21:39Z,107.0
2023-04-29T00:21:44Z,106.0
2023-04-29T00:21:49Z,105.0
2023-04-29T00:21:54Z,102.0
2023-04-29T00:21:59Z,100.0
2023-04-29T00:22:04Z,101.0
2023-04-29T00:22:14Z,102.0
2023-04-29T00:22:19Z,103.0
2023-04-29T00:22:24Z,102.0
2023-04-29T00:22:29Z,101.0
2023-04-29T00:22:39Z,104.0
2023-04-29T00:22:49Z,102.0
2023-04-29T00:22:54Z,101.0
2023-04-29T00:22:59Z,104.0
2023-04-29T00:23:04Z,106.0
2023-04-29T00:23:14Z,105.0
2023-04-29T00:23:19Z,107.0
2023-04-29T00:23:24Z,114.0
2023-04-29T00:23:29Z,117.0
2023-04-29T00:23:34Z,116.0
2023-04-29T00:23:39Z,118.0
2023-04-29T00:23:44Z,119.0
2023-04-29T00:23:49Z,122.0
2023-04-29T00:24:00Z,121.0
2023-04-29T00:24:05Z,118.0
2023-04-29T00:24:10Z,117.0
2023-04-29T00:24:15Z,122.0
2023-04-29T00:24:20Z,121.0
2023-04-29T00:24:25Z,120.0
2023-04-29T00:24:30Z,125.0
2023-04-29T00:24:35Z,130.0
2023-04-29T00:24:40Z,132.0
2023-04-29T00:24:45Z,130.0
2023-04-29T00:24:50Z,133.0
2023-04-29T00:25:00Z,132.0
2023-04-29T00:25:05Z,131.0
2023-04-29T00:25:10Z,128.0
2023-04-29T00:25:15Z,125.0
2023-04-29T00:25:20Z,122.0
2023-04-29T00:25:25Z,121.0
2023-04-29T00:25:30Z,119.0
2023-04-29T00:25:35Z,115.0
2023-04-29T00:25:40Z,111.0
2023-04-29T00:25:45Z,107.0
2023-04-29T00:25:50Z,108.0
2023-04-29T00:25:55Z,109.0
2023-04-29T00:26:00Z,113.0
2023-04-29T00:26:05Z,116.0
2023-04-29T00:26:10Z,118.0
2023-04-29T00:26:15Z,117.0
2023-04-29T00:26:20Z,116.0
2023-04-29T00:26:25Z,116.0
2023-04-29T00:26:30Z,115.0
2023-04-29T00:26:35Z,113.0
2023-04-29T00:26:40Z,111.0
2023-04-29T00:26:45Z,112.0
2023-04-29T00:26:50Z,111.0
2023-04-29T00:26:55Z,113.0
2023-04-29T00:27:00Z,112.0
2023-04-29T00:27:05Z,107.0
2023-04-29T00:27:10Z,104.0
2023-04-29T00:27:15Z,103.0
2023-04-29T00:27:20Z,106.0
2023-04-29T00:27:25Z,110.0
2023-04-29T00:27:30Z,109.0
2023-04-29T00:27:37Z,108.0
2023-04-29T00:27:44Z,108.0
2023-04-29T00:27:54Z,106.0
2023-04-29T00:27:59Z,107.0
2023-04-29T00:28:09Z,108.0
2023-04-29T00:28:14Z,109.0
2023-04-29T00:28:19Z,111.0
2023-04-29T00:28:24Z,116.0
2023-04-29T00:28:29Z,114.0
2023-04-29T00:28:34Z,112.0
2023-04-29T00:28:44Z,106.0
2023-04-29T00:28:54Z,104.0
2023-04-29T00:28:59Z,103.0
2023-04-29T00:29:04Z,107.0
2023-04-29T00:29:09Z,109.0
2023-04-29T00:29:14Z,112.0
2023-04-29T00:29:19Z,113.0
2023-04-29T00:29:29Z,116.0
2023-04-29T00:29:34Z,120.0
2023-04-29T00:29:39Z,122.0
2023-04-29T00:29:44Z,120.0
2023-04-29T00:29:54Z,121.0
2023-04-29T00:29:59Z,120.0
2023-04-29T00:30:04Z,117.0
2023-04-29T00:30:09Z,115.0
2023-04-29T00:30:14Z,112.0
2023-04-29T00:30:19Z,109.0
2023-04-29T00:30:24Z,108.0
2023-04-29T00:30:29Z,113.0
2023-04-29T00:30:34Z,119.0
2023-04-29T00:30:39Z,123.0
2023-04-29T00:30:49Z,118.0
2023-04-29T00:30:54Z,116.0
2023-04-29T00:30:59Z,120.0
2023-04-29T00:31:04Z,121.0
2023-04-29T00:31:09Z,122.0
2023-04-29T00:31:14Z,120.0
2023-04-29T00:31:19Z,118.0
2023-04-29T00:31:24Z,121.0
2023-04-29T00:31:29Z,124.0
2023-04-29T00:31:34Z,120.0
2023-04-29T00:31:39Z,117.0
2023-04-29T00:31:49Z,115.0
2023-04-29T00:31:54Z,115.0
2023-04-29T00:31:59Z,116.0
2023-04-29T00:32:04Z,117.0
2023-04-29T00:32:09Z,121.0
2023-04-29T00:32:14Z,123.0
2023-04-29T00:32:29Z,122.0
2023-04-29T00:32:34Z,121.0
2023-04-29T00:32:39Z,122.0
2023-04-29T00:32:44Z,121.0
2023-04-29T00:32:49Z,120.0
2023-04-29T00:32:54Z,120.0
2023-04-29T00:33:04Z,123.0
2023-04-29T00:33:09Z,122.0
2023-04-29T00:33:14Z,124.0
2023-04-29T00:33:19Z,127.0
2023-04-29T00:33:24Z,126.0
2023-04-29T00:33:29Z,125.0
2023-04-29T00:33:34Z,121.0
2023-04-29T00:33:39Z,119.0
2023-04-29T00:33:44Z,121.0
2023-04-29T00:33:49Z,125.0
2023-04-29T00:33:54Z,127.0
2023-04-29T00:33:59Z,130.0
2023-04-29T00:34:04Z,131.0
2023-04-29T00:34:14Z,134.0
2023-04-29T00:34:19Z,135.0
2023-04-29T00:34:24Z,133.0
2023-04-29T00:34:29Z,136.0
2023-04-29T00:34:34Z,137.0
2023-04-29T00:34:39Z,136.0
2023-04-29T00:34:44Z,133.0
2023-04-29T00:34:49Z,131.0
2023-04-29T00:34:54Z,131.0
2023-04-29T00:34:59Z,129.0
2023-04-29T00:35:04Z,127.0
2023-04-29T00:35:09Z,126.0
2023-04-29T00:35:24Z,125.0
2023-04-29T00:35:29Z,128.0
2023-04-29T00:35:34Z,132.0
2023-04-29T00:35:39Z,133.0
2023-04-29T00:35:44Z,130.0
2023-04-29T00:35:49Z,125.0
2023-04-29T00:35:54Z,121.0
2023-04-29T00:35:59Z,120.0
2023-04-29T00:36:09Z,122.0
2023-04-29T00:36:14Z,124.0
2023-04-29T00:36:19Z,123.0
2023-04-29T00:36:24Z,125.0
2023-04-29T00:36:29Z,129.0
2023-04-29T00:36:34Z,133.0
2023-04-29T00:36:49Z,132.0
2023-04-29T00:36:54Z,135.0
2023-04-29T00:36:59Z,134.0
2023-04-29T00:37:04Z,135.0
2023-04-29T00:37:09Z,135.0
2023-04-29T00:37:14Z,131.0
2023-04-29T00:37:24Z,135.0
2023-04-29T00:37:29Z,134.0
2023-04-29T00:37:34Z,133.0
2023-04-29T00:37:39Z,132.0
2023-04-29T00:37:49Z,130.0
2023-04-29T00:37:54Z,125.0
2023-04-29T00:37:59Z,123.0
2023-04-29T00:38:14Z,122.0
2023-04-29T00:38:24Z,121.0
2023-04-29T00:38:29Z,118.0
2023-04-29T00:38:34Z,115.0
2023-04-29T00:38:39Z,112.0
2023-04-29T00:38:49Z,113.0
2023-04-29T00:38:54Z,118.0
2023-04-29T00:39:04Z,116.0
2023-04-29T00:39:09Z,111.0
2023-04-29T00:39:14Z,107.0
2023-04-29T00:39:19Z,108.0
2023-04-29T00:39:24Z,104.0
2023-04-29T00:39:29Z,103.0
2023-04-29T00:39:34Z,104.0
2023-04-29T00:39:39Z,106.0
2023-04-29T00:39:44Z,110.0
2023-04-29T00:39:59Z,108.0
2023-04-29T00:40:04Z,106.0
2023-04-29T00:40:09Z,104.0
2023-04-29T00:40:14Z,105.0
2023-04-29T00:40:19Z,106.0
2023-04-29T00:40:29Z,99.0
2023-04-29T00:40:39Z,104.0
2023-04-29T00:40:44Z,113.0
2023-04-29T00:40:49Z,107.0
2023-04-29T00:40:54Z,105.0
2023-04-29T00:41:04Z,104.0
2023-04-29T00:41:14Z,94.0
2023-04-29T00:41:19Z,87.0
2023-04-29T00:41:24Z,90.0
2023-04-29T00:41:29Z,94.0
2023-04-29T00:41:34Z,98.0
2023-04-29T00:41:39Z,101.0
2023-04-29T00:41:44Z,107.0
2023-04-29T00:41:49Z,108.0
2023-04-29T00:41:54Z,110.0
2023-04-29T00:41:59Z,111.0
2023-04-29T00:42:04Z,108.0
2023-04-29T00:42:09Z,106.0
2023-04-29T00:42:14Z,108.0
2023-04-29T00:42:19Z,95.0
2023-04-29T00:42:24Z,84.0
2023-04-29T00:42:29Z,85.0
2023-04-29T00:42:35Z,86.0
2023-04-29T00:42:40Z,87.0
2023-04-29T00:42:45Z,88.0
2023-04-29T00:42:50Z,90.0
2023-04-29T00:42:55Z,93.0
2023-04-29T00:43:00Z,91.0
2023-04-29T00:43:05Z,92.0
2023-04-29T00:43:10Z,95.0
2023-04-29T00:43:15Z,96.0
2023-04-29T00:43:20Z,102.0
2023-04-29T00:43:25Z,99.0
2023-04-29T00:43:30Z,100.0
2023-04-29T00:43:41Z,100.0
2023-04-29T00:43:56Z,100.0
2023-04-29T00:44:01Z,99.0
2023-04-29T00:44:06Z,99.0
2023-04-29T00:44:11Z,101.0
2023-04-29T00:44:16Z,104.0
2023-04-29T00:44:26Z,111.0
2023-04-29T00:44:31Z,110.0
2023-04-29T00:44:36Z,110.0
2023-04-29T00:44:41Z,109.0
2023-04-29T00:44:46Z,107.0
2023-04-29T00:44:51Z,105.0
2023-04-29T00:44:56Z,106.0
2023-04-29T00:45:01Z,107.0
2023-04-29T00:45:11Z,106.0
2023-04-29T00:45:16Z,103.0
2023-04-29T00:45:21Z,100.0
2023-04-29T00:45:26Z,99.0
2023-04-29T00:45:36Z,97.0
2023-04-29T00:45:42Z,97.0
2023-04-29T00:45:47Z,96.0
2023-04-29T00:45:52Z,93.0
2023-04-29T00:46:02Z,94.0
2023-04-29T00:46:07Z,96.0
2023-04-29T00:46:12Z,100.0
2023-04-29T00:46:17Z,103.0
2023-04-29T00:46:22Z,102.0
2023-04-29T00:46:32Z,108.0
2023-04-29T00:46:37Z,110.0
2023-04-29T00:46:42Z,112.0
2023-04-29T00:46:47Z,114.0
2023-04-29T00:46:52Z,113.0
2023-04-29T00:47:02Z,115.0
2023-04-29T00:47:07Z,113.0
2023-04-29T00:47:17Z,114.0
2023-04-29T00:47:22Z,115.0
2023-04-29T00:47:27Z,114.0
2023-04-29T00:47:32Z,113.0
2023-04-29T00:47:37Z,114.0
2023-04-29T00:47:42Z,112.0
2023-04-29T00:47:47Z,113.0
2023-04-29T00:47:52Z,112.0
2023-04-29T00:47:57Z,113.0
2023-04-29T00:48:02Z,111.0
2023-04-29T00:48:07Z,109.0
2023-04-29T00:48:12Z,105.0
2023-04-29T00:48:17Z,104.0
2023-04-29T00:48:22Z,108.0
2023-04-29T00:48:27Z,109.0
2023-04-29T00:48:32Z,107.0
2023-04-29T00:48:37Z,104.0
2023-04-29T00:48:42Z,106.0
2023-04-29T00:48:52Z,107.0
2023-04-29T00:48:57Z,105.0
2023-04-29T00:49:02Z,103.0
2023-04-29T00:49:07Z,104.0
2023-04-29T00:49:12Z,107.0
2023-04-29T00:49:17Z,109.0
2023-04-29T00:49:22Z,110.0
2023-04-29T00:49:32Z,108.0
2023-04-29T00:49:37Z,106.0
2023-04-29T00:49:42Z,109.0
2023-04-29T00:49:52Z,108.0
2023-04-29T00:49:57Z,107.0
2023-04-29T00:50:07Z,99.0
2023-04-29T00:50:12Z,97.0
2023-04-29T00:50:17Z,96.0
2023-04-29T00:50:22Z,94.0
2023-04-29T00:50:27Z,93.0
2023-04-29T00:50:32Z,94.0
2023-04-29T00:50:37Z,99.0
2023-04-29T00:50:47Z,100.0
2023-04-29T00:50:52Z,99.0
2023-04-29T00:50:57Z,99.0
2023-04-29T00:51:02Z,97.0
2023-04-29T00:51:12Z,98.0
2023-04-29T00:51:17Z,99.0
2023-04-29T00:51:22Z,102.0
2023-04-29T00:51:27Z,101.0
2023-04-29T00:51:32Z,95.0
2023-04-29T00:51:37Z,93.0
2023-04-29T00:51:42Z,93.0
2023-04-29T00:51:47Z,97.0
2023-04-29T00:51:52Z,99.0
2023-04-29T00:51:57Z,100.0
2023-04-29T00:52:02Z,97.0
2023-04-29T00:52:07Z,100.0
2023-04-29T00:52:12Z,106.0
2023-04-29T00:52:17Z,110.0
2023-04-29T00:52:22Z,111.0
2023-04-29T00:52:27Z,112.0
2023-04-29T00:52:32Z,112.0
2023-04-29T00:52:37Z,110.0
2023-04-29T00:52:42Z,111.0
2023-04-29T00:52:47Z,109.0
2023-04-29T00:52:52Z,107.0
2023-04-29T00:52:57Z,104.0
2023-04-29T00:53:02Z,103.0
2023-04-29T00:53:07Z,104.0
2023-04-29T00:53:12Z,105.0
2023-04-29T00:53:17Z,105.0
2023-04-29T00:53:22Z,102.0
2023-04-29T00:53:27Z,100.0
2023-04-29T00:53:32Z,94.0
2023-04-29T00:53:42Z,94.0
2023-04-29T00:53:52Z,95.0
2023-04-29T00:54:02Z,98.0
2023-04-29T00:54:07Z,100.0
2023-04-29T00:54:12Z,99.0
2023-04-29T00:54:27Z,100.0
2023-04-29T00:54:32Z,98.0
2023-04-29T00:54:37Z,99.0
2023-04-29T00:54:42Z,101.0
2023-04-29T00:54:47Z,96.0
2023-04-29T00:55:02Z,97.0
2023-04-29T00:55:07Z,98.0
2023-04-29T00:55:12Z,101.0
2023-04-29T00:55:17Z,95.0
2023-04-29T00:55:22Z,94.0
2023-04-29T00:55:27Z,93.0
2023-04-29T00:55:32Z,91.0
2023-04-29T00:55:42Z,92.0
2023-04-29T00:55:47Z,93.0
2023-04-29T00:55:57Z,94.0
2023-04-29T00:56:07Z,95.0
2023-04-29T00:56:22Z,95.0
2023-04-29T00:56:32Z,99.0
2023-04-29T00:56:37Z,101.0
2023-04-29T00:56:47Z,91.0
2023-04-29T00:56:52Z,84.0
2023-04-29T00:56:57Z,83.0
2023-04-29T00:57:12Z,83.0
2023-04-29T00:57:22Z,82.0
2023-04-29T00:57:37Z,82.0
2023-04-29T00:57:47Z,83.0
2023-04-29T00:57:52Z,84.0
2023-04-29T00:58:02Z,83.0
2023-04-29T00:58:07Z,82.0
2023-04-29T00:58:12Z,78.0
2023-04-29T00:58:17Z,77.0
2023-04-29T00:58:27Z,78.0
2023-04-29T00:58:32Z,75.0
2023-04-29T00:58:42Z,74.0
2023-04-29T00:58:47Z,74.0
2023-04-29T00:59:02Z,75.0
2023-04-29T00:59:17Z,76.0
2023-04-29T00:59:27Z,79.0
2023-04-29T00:59:37Z,80.0
2023-04-29T00:59:43Z,80.0
2023-04-29T00:59:58Z,81.0
2023-04-29T01:00:03Z,79.0
2023-04-29T01:00:08Z,78.0
2023-04-29T01:00:13Z,77.0
2023-04-29T01:00:28Z,77.0
2023-04-29T01:00:43Z,76.0
2023-04-29T01:00:53Z,75.0
2023-04-29T01:00:58Z,73.0
2023-04-29T01:01:13Z,75.0
2023-04-29T01:01:28Z,75.0
2023-04-29T01:01:33Z,75.0
2023-04-29T01:01:38Z,74.0
2023-04-29T01:01:43Z,76.0
2023-04-29T01:01:48Z,75.0
2023-04-29T01:01:53Z,74.0
2023-04-29T01:02:03Z,73.0
2023-04-29T01:02:13Z,76.0
2023-04-29T01:02:18Z,77.0
2023-04-29T01:02:23Z,80.0
2023-04-29T01:02:28Z,82.0
2023-04-29T01:02:33Z,83.0
2023-04-29T01:02:43Z,84.0
2023-04-29T01:02:48Z,82.0
2023-04-29T01:02:53Z,81.0
2023-04-29T01:03:08Z,82.0
2023-04-29T01:03:13Z,85.0
2023-04-29T01:03:18Z,85.0
2023-04-29T01:03:28Z,83.0
2023-04-29T01:03:33Z,82.0
2023-04-29T01:03:43Z,83.0
2023-04-29T01:03:49Z,83.0
2023-04-29T01:04:04Z,85.0
2023-04-29T01:04:09Z,86.0
2023-04-29T01:04:19Z,83.0
2023-04-29T01:04:34Z,83.0
2023-04-29T01:04:39Z,81.0
2023-04-29T01:04:49Z,80.0
2023-04-29T01:04:54Z,74.0
2023-04-29T01:04:59Z,73.0
2023-04-29T01:05:04Z,73.0
2023-04-29T01:05:09Z,73.0
2023-04-29T01:05:19Z,74.0
2023-04-29T01:05:24Z,77.0
2023-04-29T01:05:29Z,77.0
2023-04-29T01:05:44Z,77.0
2023-04-29T01:05:49Z,78.0
2023-04-29T01:05:59Z,78.0
2023-04-29T01:06:09Z,77.0
2023-04-29T01:06:24Z,77.0
2023-04-29T01:06:29Z,79.0
2023-04-29T01:06:34Z,80.0
2023-04-29T01:06:39Z,76.0
2023-04-29T01:06:44Z,77.0
2023-04-29T01:06:49Z,75.0
2023-04-29T01:07:04Z,75.0
2023-04-29T01:07:19Z,75.0
2023-04-29T01:07:24Z,77.0
2023-04-29T01:07:29Z,79.0
2023-04-29T01:07:34Z,80.0
2023-04-29T01:07:39Z,79.0
2023-04-29T01:07:44Z,78.0
2023-04-29T01:07:59Z,78.0
2023-04-29T01:08:14Z,78.0
2023-04-29T01:08:24Z,79.0
2023-04-29T01:08:29Z,80.0
2023-04-29T01:08:39Z,75.0
2023-04-29T01:08:49Z,76.0
2023-04-29T01:08:54Z,75.0
2023-04-29T01:08:59Z,74.0
2023-04-29T01:09:04Z,73.0
2023-04-29T01:09:09Z,72.0
2023-04-29T01:09:24Z,72.0
2023-04-29T01:09:34Z,74.0
2023-04-29T01:09:39Z,76.0
2023-04-29T01:09:44Z,78.0
2023-04-29T01:09:49Z,78.0
2023-04-29T01:09:54Z,79.0
2023-04-29T01:09:59Z,82.0
2023-04-29T01:10:04Z,83.0
2023-04-29T01:10:09Z,82.0
2023-04-29T01:10:14Z,83.0
2023-04-29T01:10:19Z,85.0
2023-04-29T01:10:24Z,87.0
2023-04-29T01:10:29Z,89.0
2023-04-29T01:10:34Z,90.0
2023-04-29T01:10:39Z,89.0
2023-04-29T01:10:49Z,88.0
2023-04-29T01:10:59Z,87.0
2023-04-29T01:11:04Z,85.0
2023-04-29T01:11:19Z,84.0
2023-04-29T01:11:24Z,87.0
2023-04-29T01:11:29Z,93.0
2023-04-29T01:11:34Z,91.0
2023-04-29T01:11:39Z,88.0
2023-04-29T01:11:44Z,86.0
2023-04-29T01:11:49Z,89.0
2023-04-29T01:11:54Z,91.0
2023-04-29T01:12:09Z,91.0
2023-04-29T01:12:19Z,92.0
2023-04-29T01:12:24Z,93.0
2023-04-29T01:12:29Z,92.0
2023-04-29T01:12:34Z,93.0
2023-04-29T01:12:44Z,91.0
2023-04-29T01:12:49Z,89.0
2023-04-29T01:12:54Z,85.0
2023-04-29T01:12:59Z,85.0
2023-04-29T01:13:09Z,84.0
2023-04-29T01:13:14Z,83.0
2023-04-29T01:13:19Z,80.0
2023-04-29T01:13:24Z,79.0
2023-04-29T01:13:29Z,80.0
2023-04-29T01:13:34Z,80.0
2023-04-29T01:13:39Z,79.0
2023-04-29T01:13:44Z,78.0
2023-04-29T01:13:49Z,79.0
2023-04-29T01:13:59Z,81.0
2023-04-29T01:14:04Z,81.0
2023-04-29T01:14:09Z,82.0
2023-04-29T01:14:14Z,85.0
2023-04-29T01:14:19Z,86.0
2023-04-29T01:14:24Z,85.0
2023-04-29T01:14:29Z,86.0
2023-04-29T01:14:34Z,87.0
2023-04-29T01:14:39Z,89.0
2023-04-29T01:14:44Z,88.0
2023-04-29T01:14:49Z,89.0
2023-04-29T01:14:54Z,88.0
2023-04-29T01:14:59Z,90.0
2023-04-29T01:15:09Z,89.0
2023-04-29T01:15:24Z,88.0
2023-04-29T01:15:34Z,87.0
2023-04-29T01:15:41Z,87.0
2023-04-29T01:15:46Z,86.0
2023-04-29T01:15:51Z,85.0
2023-04-29T01:15:56Z,84.0
2023-04-29T01:16:06Z,85.0
2023-04-29T01:16:11Z,87.0
2023-04-29T01:16:16Z,86.0
2023-04-29T01:16:31Z,87.0
2023-04-29T01:16:36Z,86.0
2023-04-29T01:16:41Z,85.0
2023-04-29T01:16:56Z,83.0
2023-04-29T01:17:06Z,81.0
2023-04-29T01:17:16Z,82.0
2023-04-29T01:17:21Z,85.0
2023-04-29T01:17:26Z,86.0
2023-04-29T01:17:41Z,88.0
2023-04-29T01:17:46Z,87.0
2023-04-29T01:17:51Z,84.0
2023-04-29T01:17:56Z,85.0
2023-04-29T01:18:01Z,86.0
2023-04-29T01:18:06Z,88.0
2023-04-29T01:18:21Z,88.0
2023-04-29T01:18:26Z,89.0
2023-04-29T01:18:36Z,90.0
2023-04-29T01:18:41Z,91.0
2023-04-29T01:18:46Z,92.0
2023-04-29T01:18:56Z,93.0
2023-04-29T01:19:01Z,92.0
2023-04-29T01:19:16Z,89.0
2023-04-29T01:19:21Z,86.0
2023-04-29T01:19:26Z,85.0
2023-04-29T01:19:31Z,84.0
2023-04-29T01:19:36Z,79.0
2023-04-29T01:19:46Z,78.0
2023-04-29T01:20:01Z,77.0
2023-04-29T01:20:06Z,76.0
2023-04-29T01:20:21Z,76.0
2023-04-29T01:20:31Z,80.0
2023-04-29T01:20:36Z,84.0
2023-04-29T01:20:46Z,85.0
2023-04-29T01:20:51Z,86.0
2023-04-29T01:21:06Z,88.0
2023-04-29T01:21:11Z,86.0
2023-04-29T01:21:16Z,84.0
2023-04-29T01:21:26Z,83.0
2023-04-29T01:21:41Z,83.0
2023-04-29T01:21:46Z,86.0
2023-04-29T01:21:51Z,89.0
2023-04-29T01:21:56Z,90.0
2023-04-29T01:22:01Z,91.0
2023-04-29T01:22:11Z,90.0
2023-04-29T01:22:16Z,88.0
2023-04-29T01:22:21Z,89.0
2023-04-29T01:22:26Z,90.0
2023-04-29T01:22:31Z,89.0
2023-04-29T01:22:36Z,90.0
2023-04-29T01:22:41Z,92.0
2023-04-29T01:22:51Z,91.0
2023-04-29T01:22:56Z,91.0
2023-04-29T01:23:01Z,92.0
2023-04-29T01:23:06Z,91.0
2023-04-29T01:23:11Z,92.0
2023-04-29T01:23:21Z,93.0
2023-04-29T01:23:26Z,94.0
2023-04-29T01:23:31Z,95.0
2023-04-29T01:23:46Z,96.0
2023-04-29T01:24:01Z,98.0
2023-04-29T01:24:06Z,97.0
2023-04-29T01:24:11Z,95.0
2023-04-29T01:24:16Z,94.0
2023-04-29T01:24:21Z,95.0
2023-04-29T01:24:26Z,98.0
2023-04-29T01:24:32Z,100.0
2023-04-29T01:24:37Z,103.0
2023-04-29T01:24:42Z,104.0
2023-04-29T01:24:52Z,100.0
2023-04-29T01:24:57Z,97.0
2023-04-29T01:25:02Z,95.0
2023-04-29T01:25:07Z,94.0
2023-04-29T01:25:22Z,93.0
2023-04-29T01:25:37Z,95.0
2023-04-29T01:25:42Z,96.0
2023-04-29T01:25:47Z,95.0
2023-04-29T01:25:57Z,97.0
2023-04-29T01:26:02Z,98.0
2023-04-29T01:26:07Z,97.0
2023-04-29T01:26:17Z,99.0
2023-04-29T01:26:22Z,100.0
2023-04-29T01:26:27Z,99.0
2023-04-29T01:26:32Z,98.0
2023-04-29T01:26:37Z,97.0
2023-04-29T01:26:42Z,95.0
2023-04-29T01:26:57Z,94.0
2023-04-29T01:27:07Z,96.0
2023-04-29T01:27:17Z,98.0
2023-04-29T01:27:22Z,100.0
2023-04-29T01:27:32Z,103.0
2023-04-29T01:27:37Z,102.0
2023-04-29T01:27:42Z,100.0
2023-04-29T01:27:47Z,99.0
2023-04-29T01:27:52Z,104.0
2023-04-29T01:27:57Z,108.0
2023-04-29T01:28:02Z,107.0
2023-04-29T01:28:07Z,101.0
2023-04-29T01:28:12Z,105.0
2023-04-29T01:28:17Z,108.0
2023-04-29T01:28:22Z,112.0
2023-04-29T01:28:27Z,111.0
2023-04-29T01:28:32Z,112.0
2023-04-29T01:28:37Z,114.0
2023-04-29T01:28:42Z,113.0
2023-04-29T01:28:52Z,112.0
2023-04-29T01:28:57Z,107.0
2023-04-29T01:29:02Z,100.0
2023-04-29T01:29:07Z,97.0
2023-04-29T01:29:17Z,99.0
2023-04-29T01:29:22Z,100.0
2023-04-29T01:29:27Z,101.0
2023-04-29T01:29:37Z,87.0
2023-04-29T01:29:42Z,88.0
2023-04-29T01:29:47Z,92.0
2023-04-29T01:29:52Z,96.0
2023-04-29T01:29:57Z,97.0
2023-04-29T01:30:02Z,102.0
2023-04-29T01:30:07Z,105.0
2023-04-29T01:30:12Z,106.0
2023-04-29T01:30:22Z,108.0
2023-04-29T01:30:27Z,107.0
2023-04-29T01:30:37Z,110.0
2023-04-29T01:30:42Z,113.0
2023-04-29T01:30:47Z,115.0
2023-04-29T01:30:52Z,108.0
2023-04-29T01:30:57Z,107.0
2023-04-29T01:31:02Z,104.0
2023-04-29T01:31:07Z,101.0
2023-04-29T01:31:12Z,101.0
2023-04-29T01:31:17Z,99.0
2023-04-29T01:31:22Z,98.0
2023-04-29T01:31:27Z,97.0
2023-04-29T01:31:32Z,94.0
2023-04-29T01:31:37Z,92.0
2023-04-29T01:31:43Z,89.0
2023-04-29T01:31:48Z,83.0
2023-04-29T01:31:53Z,84.0
2023-04-29T01:31:58Z,90.0
2023-04-29T01:32:03Z,96.0
2023-04-29T01:32:08Z,94.0
2023-04-29T01:32:13Z,97.0
2023-04-29T01:32:18Z,100.0
2023-04-29T01:32:23Z,96.0
2023-04-29T01:32:28Z,94.0
2023-04-29T01:32:33Z,93.0
2023-04-29T01:32:48Z,92.0
2023-04-29T01:32:58Z,91.0
2023-04-29T01:33:03Z,89.0
2023-04-29T01:33:08Z,88.0
2023-04-29T01:33:18Z,84.0
2023-04-29T01:33:23Z,80.0
2023-04-29T01:33:38Z,79.0
2023-04-29T01:33:43Z,79.0
2023-04-29T01:33:48Z,78.0
2023-04-29T01:34:09Z,80.0
2023-04-29T01:34:14Z,82.0
2023-04-29T01:34:19Z,81.0
2023-04-29T01:34:24Z,80.0
2023-04-29T01:34:34Z,79.0
2023-04-29T01:34:44Z,77.0
2023-04-29T01:34:49Z,76.0
2023-04-29T01:34:54Z,73.0
2023-04-29T01:35:04Z,74.0
2023-04-29T01:35:09Z,75.0
2023-04-29T01:35:14Z,76.0
2023-04-29T01:35:19Z,75.0
2023-04-29T01:35:24Z,74.0
2023-04-29T01:35:34Z,75.0
2023-04-29T01:35:44Z,77.0
2023-04-29T01:35:49Z,78.0
2023-04-29T01:35:54Z,79.0
2023-04-29T01:35:59Z,78.0
2023-04-29T01:36:04Z,76.0
2023-04-29T01:36:09Z,78.0
2023-04-29T01:36:14Z,79.0
2023-04-29T01:36:24Z,77.0
2023-04-29T01:36:29Z,76.0
2023-04-29T01:36:34Z,76.0
2023-04-29T01:36:44Z,75.0
2023-04-29T01:36:54Z,74.0
2023-04-29T01:37:09Z,74.0
2023-04-29T01:37:14Z,75.0
2023-04-29T01:37:19Z,77.0
2023-04-29T01:37:24Z,78.0
2023-04-29T01:37:39Z,77.0
2023-04-29T01:37:44Z,78.0
2023-04-29T01:37:49Z,80.0
2023-04-29T01:37:54Z,80.0
2023-04-29T01:37:59Z,81.0
2023-04-29T01:38:04Z,82.0
2023-04-29T01:38:19Z,82.0
2023-04-29T01:38:34Z,83.0
2023-04-29T01:38:39Z,82.0
2023-04-29T01:38:44Z,79.0
2023-04-29T01:38:49Z,76.0
2023-04-29T01:39:04Z,76.0
2023-04-29T01:39:09Z,77.0
2023-04-29T01:39:19Z,78.0
2023-04-29T01:39:24Z,79.0
2023-04-29T01:39:29Z,80.0
2023-04-29T01:39:34Z,79.0
2023-04-29T01:39:49Z,79.0
2023-04-29T01:40:04Z,80.0
2023-04-29T01:40:09Z,79.0
2023-04-29T01:40:24Z,79.0
2023-04-29T01:40:39Z,79.0
2023-04-29T01:40:54Z,79.0
2023-04-29T01:40:59Z,78.0
2023-04-29T01:41:04Z,74.0
2023-04-29T01:41:09Z,72.0
2023-04-29T01:41:14Z,75.0
2023-04-29T01:41:29Z,75.0
2023-04-29T01:41:34Z,74.0
2023-04-29T01:41:44Z,73.0
2023-04-29T01:41:54Z,74.0
2023-04-29T01:41:59Z,76.0
2023-04-29T01:42:14Z,77.0
2023-04-29T01:42:19Z,78.0
2023-04-29T01:42:34Z,78.0
2023-04-29T01:42:39Z,79.0
2023-04-29T01:42:44Z,80.0
2023-04-29T01:42:49Z,81.0
2023-04-29T01:42:54Z,82.0
2023-04-29T01:42:59Z,81.0
2023-04-29T01:43:14Z,81.0
2023-04-29T01:43:24Z,82.0
2023-04-29T01:43:39Z,81.0
2023-04-29T01:43:44Z,78.0
2023-04-29T01:43:59Z,77.0
2023-04-29T01:44:09Z,78.0
2023-04-29T01:44:14Z,80.0
2023-04-29T01:44:19Z,81.0
2023-04-29T01:44:34Z,81.0
2023-04-29T01:44:44Z,80.0
2023-04-29T01:44:59Z,80.0
2023-04-29T01:45:04Z,80.0
2023-04-29T01:45:14Z,73.0
2023-04-29T01:45:24Z,74.0
2023-04-29T01:45:29Z,76.0
2023-04-29T01:45:34Z,77.0
2023-04-29T01:45:49Z,76.0
2023-04-29T01:45:54Z,75.0
2023-04-29T01:46:09Z,75.0
2023-04-29T01:46:14Z,76.0
2023-04-29T01:46:24Z,72.0
2023-04-29T01:46:29Z,71.0
2023-04-29T01:46:34Z,72.0
2023-04-29T01:46:49Z,72.0
2023-04-29T01:47:04Z,71.0
2023-04-29T01:47:14Z,72.0
2023-04-29T01:47:24Z,70.0
2023-04-29T01:47:40Z,70.0
2023-04-29T01:47:45Z,70.0
2023-04-29T01:47:50Z,70.0
2023-04-29T01:48:05Z,70.0
2023-04-29T01:48:10Z,73.0
2023-04-29T01:48:15Z,74.0
2023-04-29T01:48:30Z,73.0
2023-04-29T01:48:35Z,72.0
2023-04-29T01:48:45Z,73.0
2023-04-29T01:48:50Z,74.0
2023-04-29T01:48:55Z,76.0
2023-04-29T01:49:00Z,77.0
2023-04-29T01:49:05Z,79.0
2023-04-29T01:49:10Z,80.0
2023-04-29T01:49:20Z,81.0
2023-04-29T01:49:25Z,82.0
2023-04-29T01:49:35Z,83.0
2023-04-29T01:49:40Z,82.0
2023-04-29T01:49:45Z,84.0
2023-04-29T01:50:00Z,84.0
2023-04-29T01:50:10Z,85.0
2023-04-29T01:50:25Z,85.0
2023-04-29T01:50:30Z,84.0
2023-04-29T01:50:45Z,85.0
2023-04-29T01:51:00Z,83.0
2023-04-29T01:51:05Z,81.0
2023-04-29T01:51:10Z,80.0
2023-04-29T01:51:15Z,80.0
2023-04-29T01:51:25Z,80.0
2023-04-29T01:51:31Z,80.0
2023-04-29T01:51:36Z,81.0
2023-04-29T01:51:51Z,81.0
2023-04-29T01:51:56Z,82.0
2023-04-29T01:52:06Z,83.0
2023-04-29T01:52:21Z,83.0
2023-04-29T01:52:36Z,84.0
2023-04-29T01:52:41Z,85.0
2023-04-29T01:52:46Z,84.0
2023-04-29T01:53:01Z,84.0
2023-04-29T01:53:06Z,85.0
2023-04-29T01:53:11Z,86.0
2023-04-29T01:53:16Z,85.0
2023-04-29T01:53:21Z,84.0
2023-04-29T01:53:31Z,87.0
2023-04-29T01:53:36Z,88.0
2023-04-29T01:53:41Z,89.0
2023-04-29T01:53:46Z,88.0
2023-04-29T01:53:51Z,89.0
2023-04-29T01:54:06Z,89.0
2023-04-29T01:54:21Z,89.0
2023-04-29T01:54:36Z,89.0
2023-04-29T01:54:41Z,90.0
2023-04-29T01:54:56Z,90.0
2023-04-29T01:55:01Z,91.0
2023-04-29T01:55:06Z,92.0
2023-04-29T01:55:16Z,90.0
2023-04-29T01:55:21Z,88.0
2023-04-29T01:55:36Z,89.0
2023-04-29T01:55:51Z,90.0
2023-04-29T01:56:01Z,91.0
2023-04-29T01:56:11Z,90.0
2023-04-29T01:56:16Z,89.0
2023-04-29T01:56:26Z,90.0
2023-04-29T01:56:31Z,89.0
2023-04-29T01:56:46Z,90.0
2023-04-29T01:56:56Z,91.0
2023-04-29T01:57:01Z,88.0
2023-04-29T01:57:06Z,85.0
2023-04-29T01:57:21Z,85.0
2023-04-29T01:57:26Z,77.0
2023-04-29T01:57:31Z,75.0
2023-04-29T01:57:46Z,75.0
2023-04-29T01:58:01Z,76.0
2023-04-29T01:58:06Z,77.0
2023-04-29T01:58:11Z,79.0
2023-04-29T01:58:16Z,80.0
2023-04-29T01:58:26Z,81.0
2023-04-29T01:58:31Z,79.0
2023-04-29T01:58:36Z,80.0
2023-04-29T01:58:41Z,81.0
2023-04-29T01:58:51Z,82.0
2023-04-29T01:59:01Z,83.0
2023-04-29T01:59:06Z,84.0
2023-04-29T01:59:11Z,84.0
2023-04-29T01:59:16Z,85.0
2023-04-29T01:59:21Z,86.0
2023-04-29T01:59:26Z,85.0
2023-04-29T01:59:31Z,84.0
2023-04-29T01:59:36Z,82.0
2023-04-29T01:59:46Z,82.0
2023-04-29T02:00:01Z,83.0
2023-04-29T02:00:06Z,84.0
2023-04-29T02:00:21Z,83.0
2023-04-29T02:00:26Z,81.0
2023-04-29T02:00:41Z,83.0
2023-04-29T02:00:46Z,84.0
2023-04-29T02:00:51Z,85.0
2023-04-29T02:00:56Z,87.0
2023-04-29T02:01:11Z,87.0
2023-04-29T02:01:16Z,88.0
2023-04-29T02:01:21Z,89.0
2023-04-29T02:01:36Z,89.0
2023-04-29T02:01:46Z,90.0
2023-04-29T02:01:51Z,89.0
2023-04-29T02:02:06Z,87.0
2023-04-29T02:02:11Z,83.0
2023-04-29T02:02:26Z,83.0
2023-04-29T02:02:36Z,82.0
2023-04-29T02:02:41Z,84.0
2023-04-29T02:02:51Z,85.0
2023-04-29T02:02:56Z,85.0
2023-04-29T02:03:01Z,86.0
2023-04-29T02:03:11Z,84.0
2023-04-29T02:03:16Z,85.0
2023-04-29T02:03:21Z,86.0
2023-04-29T02:03:31Z,87.0
2023-04-29T02:03:36Z,90.0
2023-04-29T02:03:41Z,93.0
2023-04-29T02:03:46Z,95.0
2023-04-29T02:03:51Z,96.0
2023-04-29T02:03:56Z,96.0
2023-04-29T02:04:01Z,95.0
2023-04-29T02:04:16Z,95.0
2023-04-29T02:04:21Z,96.0
2023-04-29T02:04:26Z,94.0
2023-04-29T02:04:36Z,89.0
2023-04-29T02:04:43Z,89.0
2023-04-29T02:04:58Z,89.0
2023-04-29T02:05:03Z,87.0
2023-04-29T02:05:08Z,84.0
2023-04-29T02:05:13Z,86.0
2023-04-29T02:05:18Z,90.0
2023-04-29T02:05:28Z,91.0
2023-04-29T02:05:33Z,88.0
2023-04-29T02:05:48Z,88.0
2023-04-29T02:05:58Z,85.0
2023-04-29T02:06:03Z,83.0
2023-04-29T02:06:18Z,83.0
2023-04-29T02:06:23Z,82.0
2023-04-29T02:06:28Z,80.0
2023-04-29T02:06:33Z,79.0
2023-04-29T02:06:43Z,81.0
2023-04-29T02:06:48Z,82.0
2023-04-29T02:06:53Z,81.0
2023-04-29T02:07:03Z,76.0
2023-04-29T02:07:08Z,74.0
2023-04-29T02:07:13Z,75.0
2023-04-29T02:07:18Z,76.0
2023-04-29T02:07:23Z,77.0
2023-04-29T02:07:28Z,79.0
2023-04-29T02:07:33Z,79.0
2023-04-29T02:07:38Z,80.0
2023-04-29T02:07:48Z,78.0
2023-04-29T02:07:53Z,78.0
2023-04-29T02:08:03Z,79.0
2023-04-29T02:08:13Z,79.0
2023-04-29T02:08:23Z,75.0
2023-04-29T02:08:28Z,74.0
2023-04-29T02:08:33Z,72.0
2023-04-29T02:08:38Z,70.0
2023-04-29T02:08:48Z,70.0
2023-04-29T02:09:03Z,70.0
2023-04-29T02:09:08Z,71.0
2023-04-29T02:09:13Z,72.0
2023-04-29T02:09:18Z,73.0
2023-04-29T02:09:23Z,74.0
2023-04-29T02:09:28Z,75.0
2023-04-29T02:09:33Z,76.0
2023-04-29T02:09:38Z,77.0
2023-04-29T02:09:43Z,77.0
2023-04-29T02:09:48Z,76.0
2023-04-29T02:09:53Z,76.0
2023-04-29T02:09:58Z,77.0
2023-04-29T02:10:03Z,78.0
2023-04-29T02:10:08Z,79.0
2023-04-29T02:10:13Z,80.0
2023-04-29T02:10:18Z,79.0
2023-04-29T02:10:28Z,78.0
2023-04-29T02:10:33Z,79.0
2023-04-29T02:10:38Z,79.0
2023-04-29T02:10:44Z,80.0
2023-04-29T02:10:49Z,81.0
2023-04-29T02:10:54Z,81.0
2023-04-29T02:11:09Z,80.0
2023-04-29T02:11:14Z,78.0
2023-04-29T02:11:19Z,76.0
2023-04-29T02:11:24Z,74.0
2023-04-29T02:11:29Z,73.0
2023-04-29T02:11:34Z,71.0
2023-04-29T02:11:39Z,72.0
2023-04-29T02:11:44Z,71.0
2023-04-29T02:11:54Z,72.0
2023-04-29T02:11:59Z,73.0
2023-04-29T02:12:04Z,74.0
2023-04-29T02:12:09Z,76.0
2023-04-29T02:12:19Z,77.0
2023-04-29T02:12:24Z,76.0
2023-04-29T02:12:29Z,75.0
2023-04-29T02:12:34Z,74.0
2023-04-29T02:12:49Z,74.0
2023-04-29T02:12:59Z,71.0
2023-04-29T02:13:04Z,67.0
2023-04-29T02:13:09Z,66.0
2023-04-29T02:13:14Z,69.0
2023-04-29T02:13:19Z,71.0
2023-04-29T02:13:24Z,70.0
2023-04-29T02:13:34Z,71.0
2023-04-29T02:13:39Z,70.0
2023-04-29T02:13:54Z,70.0
2023-04-29T02:13:59Z,71.0
2023-04-29T02:14:04Z,73.0
2023-04-29T02:14:09Z,76.0
2023-04-29T02:14:14Z,79.0
2023-04-29T02:14:19Z,78.0
2023-04-29T02:14:24Z,77.0
2023-04-29T02:14:39Z,77.0
2023-04-29T02:14:54Z,78.0
2023-04-29T02:15:09Z,79.0
2023-04-29T02:15:19Z,82.0
2023-04-29T02:15:24Z,81.0
2023-04-29T02:15:29Z,79.0
2023-04-29T02:15:34Z,78.0
2023-04-29T02:15:39Z,76.0
2023-04-29T02:15:54Z,76.0
2023-04-29T02:16:04Z,74.0
2023-04-29T02:16:14Z,73.0
2023-04-29T02:16:29Z,73.0
2023-04-29T02:16:44Z,74.0
2023-04-29T02:16:49Z,75.0
2023-04-29T02:16:54Z,76.0
2023-04-29T02:16:59Z,75.0
2023-04-29T02:17:04Z,73.0
2023-04-29T02:17:09Z,72.0
2023-04-29T02:17:14Z,71.0
2023-04-29T02:17:19Z,71.0
2023-04-29T02:17:29Z,70.0
2023-04-29T02:17:39Z,71.0
2023-04-29T02:17:49Z,72.0
2023-04-29T02:17:59Z,73.0
2023-04-29T02:18:04Z,74.0
2023-04-29T02:18:09Z,75.0
2023-04-29T02:18:14Z,76.0
2023-04-29T02:18:24Z,77.0
2023-04-29T02:18:29Z,78.0
2023-04-29T02:18:34Z,77.0
2023-04-29T02:18:39Z,75.0
2023-04-29T02:18:44Z,75.0
2023-04-29T02:18:49Z,74.0
2023-04-29T02:19:04Z,72.0
2023-04-29T02:19:09Z,71.0
2023-04-29T02:19:14Z,70.0
2023-04-29T02:19:24Z,71.0
2023-04-29T02:19:39Z,72.0
2023-04-29T02:19:54Z,72.0
2023-04-29T02:20:09Z,72.0
2023-04-29T02:20:14Z,73.0
2023-04-29T02:20:19Z,75.0
2023-04-29T02:20:24Z,76.0
2023-04-29T02:20:29Z,75.0
2023-04-29T02:20:34Z,74.0
2023-04-29T02:20:40Z,74.0
2023-04-29T02:20:50Z,75.0
2023-04-29T02:20:55Z,77.0
2023-04-29T02:21:00Z,72.0
2023-04-29T02:21:05Z,71.0
2023-04-29T02:21:10Z,72.0
2023-04-29T02:21:20Z,73.0
2023-04-29T02:21:25Z,75.0
2023-04-29T02:21:30Z,77.0
2023-04-29T02:21:35Z,76.0
2023-04-29T02:21:45Z,75.0
2023-04-29T02:21:55Z,74.0
2023-04-29T02:22:00Z,73.0
2023-04-29T02:22:05Z,71.0
2023-04-29T02:22:20Z,70.0
2023-04-29T02:22:25Z,68.0
2023-04-29T02:22:30Z,64.0
2023-04-29T02:22:35Z,65.0
2023-04-29T02:22:40Z,66.0
2023-04-29T02:22:50Z,67.0
2023-04-29T02:22:55Z,68.0
2023-04-29T02:23:00Z,69.0
2023-04-29T02:23:05Z,77.0
2023-04-29T02:23:10Z,78.0
2023-04-29T02:23:15Z,79.0
2023-04-29T02:23:30Z,81.0
2023-04-29T02:23:35Z,82.0
2023-04-29T02:23:45Z,83.0
2023-04-29T02:23:50Z,82.0
2023-04-29T02:23:55Z,82.0
2023-04-29T02:24:05Z,81.0
2023-04-29T02:24:10Z,82.0
2023-04-29T02:24:25Z,81.0
2023-04-29T02:24:40Z,82.0
2023-04-29T02:24:55Z,82.0
2023-04-29T02:25:00Z,82.0
2023-04-29T02:25:05Z,82.0
2023-04-29T02:25:10Z,81.0
2023-04-29T02:25:25Z,81.0
2023-04-29T02:25:30Z,82.0
2023-04-29T02:25:35Z,83.0
2023-04-29T02:25:40Z,82.0
2023-04-29T02:25:45Z,81.0
2023-04-29T02:25:50Z,80.0
2023-04-29T02:25:55Z,78.0
2023-04-29T02:26:00Z,76.0
2023-04-29T02:26:10Z,77.0
2023-04-29T02:26:15Z,78.0
2023-04-29T02:26:20Z,79.0
2023-04-29T02:26:25Z,78.0
2023-04-29T02:26:30Z,77.0
2023-04-29T02:26:40Z,78.0
2023-04-29T02:26:50Z,77.0
2023-04-29T02:26:55Z,77.0
2023-04-29T02:27:10Z,76.0
2023-04-29T02:27:20Z,77.0
2023-04-29T02:27:25Z,76.0
2023-04-29T02:27:35Z,75.0
2023-04-29T02:27:45Z,76.0
2023-04-29T02:28:00Z,76.0
2023-04-29T02:28:15Z,75.0
2023-04-29T02:28:30Z,76.0
2023-04-29T02:28:35Z,75.0
2023-04-29T02:28:45Z,74.0
2023-04-29T02:29:00Z,75.0
2023-04-29T02:29:15Z,75.0
2023-04-29T02:29:20Z,76.0
2023-04-29T02:29:25Z,75.0
2023-04-29T02:29:30Z,75.0
2023-04-29T02:29:40Z,76.0
2023-04-29T02:29:51Z,77.0
2023-04-29T02:30:01Z,77.0
2023-04-29T02:30:11Z,78.0
2023-04-29T02:30:26Z,78.0
2023-04-29T02:30:31Z,78.0
2023-04-29T02:30:41Z,78.0
2023-04-29T02:30:46Z,79.0
2023-04-29T02:30:56Z,79.0
2023-04-29T02:31:01Z,80.0
2023-04-29T02:31:06Z,81.0
2023-04-29T02:31:11Z,83.0
2023-04-29T02:31:16Z,76.0
2023-04-29T02:31:21Z,75.0
2023-04-29T02:31:26Z,76.0
2023-04-29T02:31:41Z,76.0
2023-04-29T02:31:51Z,75.0
2023-04-29T02:31:56Z,74.0
2023-04-29T02:32:11Z,72.0
2023-04-29T02:32:26Z,72.0
2023-04-29T02:32:41Z,72.0
2023-04-29T02:32:46Z,71.0
2023-04-29T02:32:51Z,70.0
2023-04-29T02:32:56Z,71.0
2023-04-29T02:33:01Z,72.0
2023-04-29T02:33:11Z,73.0
2023-04-29T02:33:16Z,74.0
2023-04-29T02:33:21Z,75.0
2023-04-29T02:33:26Z,75.0
2023-04-29T02:33:41Z,72.0
2023-04-29T02:33:46Z,71.0
2023-04-29T02:34:01Z,71.0
2023-04-29T02:34:06Z,72.0
2023-04-29T02:34:11Z,74.0
2023-04-29T02:34:16Z,73.0
2023-04-29T02:34:31Z,73.0
2023-04-29T02:34:46Z,72.0
2023-04-29T02:34:56Z,74.0
2023-04-29T02:35:06Z,73.0
2023-04-29T02:35:16Z,74.0
2023-04-29T02:35:21Z,75.0
2023-04-29T02:35:26Z,77.0
2023-04-29T02:35:41Z,78.0
2023-04-29T02:35:46Z,79.0
2023-04-29T02:35:51Z,80.0
2023-04-29T02:35:56Z,81.0
2023-04-29T02:36:06Z,80.0
2023-04-29T02:36:21Z,79.0
2023-04-29T02:36:26Z,78.0
2023-04-29T02:36:31Z,77.0
2023-04-29T02:36:36Z,78.0
2023-04-29T02:36:44Z,79.0
2023-04-29T02:36:59Z,78.0
2023-04-29T02:37:14Z,78.0
2023-04-29T02:37:29Z,78.0
2023-04-29T02:37:44Z,79.0
2023-04-29T02:37:59Z,79.0
2023-04-29T02:38:04Z,80.0
2023-04-29T02:38:14Z,79.0
2023-04-29T02:38:19Z,77.0
2023-04-29T02:38:36Z,76.0
2023-04-29T02:38:41Z,73.0
2023-04-29T02:38:46Z,72.0
2023-04-29T02:38:51Z,70.0
2023-04-29T02:39:01Z,71.0
2023-04-29T02:39:16Z,71.0
2023-04-29T02:39:21Z,72.0
2023-04-29T02:39:26Z,73.0
2023-04-29T02:39:31Z,77.0
2023-04-29T02:39:36Z,78.0
2023-04-29T02:39:51Z,79.0
2023-04-29T02:40:01Z,78.0
2023-04-29T02:40:06Z,79.0
2023-04-29T02:40:11Z,79.0
2023-04-29T02:40:16Z,78.0
2023-04-29T02:40:21Z,78.0
2023-04-29T02:40:36Z,79.0
2023-04-29T02:40:46Z,78.0
2023-04-29T02:40:51Z,77.0
2023-04-29T02:41:06Z,76.0
2023-04-29T02:41:21Z,69.0
2023-04-29T02:41:26Z,68.0
2023-04-29T02:41:31Z,69.0
2023-04-29T02:41:41Z,70.0
2023-04-29T02:41:56Z,71.0
2023-04-29T02:42:01Z,72.0
2023-04-29T02:42:11Z,73.0
2023-04-29T02:42:16Z,74.0
2023-04-29T02:42:26Z,75.0
2023-04-29T02:42:36Z,76.0
2023-04-29T02:42:46Z,77.0
2023-04-29T02:42:51Z,78.0
2023-04-29T02:43:06Z,78.0
2023-04-29T02:43:11Z,79.0
2023-04-29T02:43:26Z,78.0
2023-04-29T02:43:36Z,77.0
2023-04-29T02:43:46Z,78.0
2023-04-29T02:43:51Z,77.0
2023-04-29T02:44:06Z,78.0
2023-04-29T02:44:16Z,80.0
2023-04-29T02:44:21Z,82.0
2023-04-29T02:44:26Z,83.0
2023-04-29T02:44:31Z,83.0
2023-04-29T02:44:36Z,84.0
2023-04-29T02:44:41Z,85.0
2023-04-29T02:44:46Z,87.0
2023-04-29T02:44:51Z,88.0
2023-04-29T02:44:56Z,89.0
2023-04-29T02:45:11Z,90.0
2023-04-29T02:45:16Z,89.0
2023-04-29T02:45:21Z,86.0
2023-04-29T02:45:26Z,86.0
2023-04-29T02:45:31Z,87.0
2023-04-29T02:45:36Z,88.0
2023-04-29T02:45:41Z,80.0
2023-04-29T02:45:56Z,80.0
2023-04-29T02:46:06Z,81.0
2023-04-29T02:46:16Z,81.0
2023-04-29T02:46:31Z,82.0
2023-04-29T02:46:41Z,83.0
2023-04-29T02:46:46Z,84.0
2023-04-29T02:46:51Z,84.0
2023-04-29T02:46:56Z,87.0
2023-04-29T02:47:01Z,89.0
2023-04-29T02:47:16Z,88.0
2023-04-29T02:47:21Z,86.0
2023-04-29T02:47:26Z,85.0
2023-04-29T02:47:31Z,86.0
2023-04-29T02:47:36Z,76.0
2023-04-29T02:47:41Z,73.0
2023-04-29T02:47:46Z,70.0
2023-04-29T02:47:56Z,70.0
2023-04-29T02:48:06Z,71.0
2023-04-29T02:48:11Z,72.0
2023-04-29T02:48:16Z,73.0
2023-04-29T02:48:21Z,74.0
2023-04-29T02:48:26Z,73.0
2023-04-29T02:48:31Z,72.0
2023-04-29T02:48:36Z,71.0
2023-04-29T02:48:51Z,71.0
2023-04-29T02:48:56Z,71.0
2023-04-29T02:49:02Z,70.0
2023-04-29T02:49:12Z,71.0
2023-04-29T02:49:17Z,70.0
2023-04-29T02:49:22Z,67.0
2023-04-29T02:49:27Z,66.0
2023-04-29T02:49:37Z,67.0
2023-04-29T02:49:42Z,68.0
2023-04-29T02:49:47Z,69.0
2023-04-29T02:50:02Z,69.0
2023-04-29T02:50:07Z,68.0
2023-04-29T02:50:12Z,69.0
2023-04-29T02:50:27Z,69.0
2023-04-29T02:50:37Z,68.0
2023-04-29T02:50:52Z,69.0
2023-04-29T02:50:57Z,70.0
2023-04-29T02:51:07Z,71.0
2023-04-29T02:51:17Z,70.0
2023-04-29T02:51:32Z,70.0
2023-04-29T02:51:47Z,70.0
2023-04-29T02:51:57Z,69.0
2023-04-29T02:52:07Z,70.0
2023-04-29T02:52:22Z,70.0
2023-04-29T02:52:43Z,70.0
2023-04-29T02:52:58Z,70.0
2023-04-29T02:53:08Z,71.0
2023-04-29T02:53:23Z,72.0
2023-04-29T02:53:28Z,71.0
2023-04-29T02:53:43Z,72.0
2023-04-29T02:53:53Z,73.0
2023-04-29T02:53:58Z,75.0
2023-04-29T02:54:03Z,77.0
2023-04-29T02:54:08Z,78.0
2023-04-29T02:54:18Z,79.0
2023-04-29T02:54:33Z,79.0
2023-04-29T02:54:38Z,78.0
2023-04-29T02:54:48Z,73.0
2023-04-29T02:54:53Z,69.0
2023-04-29T02:54:58Z,73.0
2023-04-29T02:55:03Z,75.0
2023-04-29T02:55:18Z,75.0
2023-04-29T02:55:33Z,74.0
2023-04-29T02:55:38Z,73.0
2023-04-29T02:55:43Z,72.0
2023-04-29T02:55:48Z,73.0
2023-04-29T02:55:53Z,74.0
2023-04-29T02:56:08Z,72.0
2023-04-29T02:56:13Z,71.0
2023-04-29T02:56:18Z,69.0
2023-04-29T02:56:23Z,70.0
2023-04-29T02:56:28Z,71.0
2023-04-29T02:56:33Z,70.0
2023-04-29T02:56:38Z,71.0
2023-04-29T02:56:43Z,74.0
2023-04-29T02:56:48Z,73.0
2023-04-29T02:56:53Z,72.0
2023-04-29T02:56:58Z,71.0
2023-04-29T02:57:08Z,70.0
2023-04-29T02:57:13Z,70.0
2023-04-29T02:57:18Z,69.0
2023-04-29T02:57:23Z,69.0
2023-04-29T02:57:28Z,72.0
2023-04-29T02:57:33Z,72.0
2023-04-29T02:57:48Z,71.0
2023-04-29T02:57:53Z,72.0
2023-04-29T02:58:03Z,72.0
2023-04-29T02:58:13Z,70.0
2023-04-29T02:58:18Z,69.0
2023-04-29T02:58:23Z,69.0
2023-04-29T02:58:33Z,70.0
2023-04-29T02:58:38Z,70.0
2023-04-29T02:58:43Z,69.0
2023-04-29T02:58:53Z,70.0
2023-04-29T02:58:58Z,71.0
2023-04-29T02:59:13Z,71.0
2023-04-29T02:59:18Z,72.0
2023-04-29T02:59:23Z,70.0
2023-04-29T02:59:28Z,69.0
2023-04-29T02:59:33Z,70.0
2023-04-29T02:59:38Z,69.0
2023-04-29T02:59:43Z,70.0
2023-04-29T02:59:48Z,74.0
2023-04-29T02:59:53Z,75.0
2023-04-29T02:59:58Z,73.0
2023-04-29T03:00:08Z,74.0
2023-04-29T03:00:13Z,75.0
2023-04-29T03:00:28Z,74.0
2023-04-29T03:00:33Z,72.0
2023-04-29T03:00:38Z,73.0
2023-04-29T03:00:48Z,70.0
2023-04-29T03:00:53Z,68.0
2023-04-29T03:00:58Z,69.0
2023-04-29T03:01:08Z,70.0
2023-04-29T03:01:18Z,71.0
2023-04-29T03:01:23Z,72.0
2023-04-29T03:01:38Z,72.0
2023-04-29T03:01:43Z,73.0
2023-04-29T03:01:48Z,72.0
2023-04-29T03:01:53Z,71.0
2023-04-29T03:01:58Z,70.0
2023-04-29T03:02:13Z,71.0
2023-04-29T03:02:23Z,73.0
2023-04-29T03:02:28Z,72.0
2023-04-29T03:02:33Z,74.0
2023-04-29T03:02:38Z,75.0
2023-04-29T03:02:43Z,76.0
2023-04-29T03:02:58Z,76.0
2023-04-29T03:03:08Z,75.0
2023-04-29T03:03:18Z,73.0
2023-04-29T03:03:23Z,72.0
2023-04-29T03:03:28Z,70.0
2023-04-29T03:03:38Z,71.0
2023-04-29T03:03:43Z,74.0
2023-04-29T03:03:48Z,75.0
2023-04-29T03:04:03Z,74.0
2023-04-29T03:04:08Z,73.0
2023-04-29T03:04:13Z,72.0
2023-04-29T03:04:28Z,72.0
2023-04-29T03:04:33Z,69.0
2023-04-29T03:04:38Z,68.0
2023-04-29T03:04:53Z,68.0
2023-04-29T03:04:58Z,69.0
2023-04-29T03:05:08Z,70.0
2023-04-29T03:05:18Z,71.0
2023-04-29T03:05:33Z,70.0
2023-04-29T03:05:48Z,70.0
2023-04-29T03:06:03Z,70.0
2023-04-29T03:06:18Z,70.0
2023-04-29T03:06:23Z,69.0
2023-04-29T03:06:28Z,69.0
2023-04-29T03:06:33Z,69.0
2023-04-29T03:06:38Z,69.0
2023-04-29T03:06:48Z,68.0
2023-04-29T03:06:53Z,68.0
2023-04-29T03:06:58Z,69.0
2023-04-29T03:07:08Z,69.0
2023-04-29T03:07:18Z,70.0
2023-04-29T03:07:33Z,70.0
2023-04-29T03:07:48Z,70.0
2023-04-29T03:07:53Z,70.0
2023-04-29T03:07:58Z,71.0
2023-04-29T03:08:08Z,72.0
2023-04-29T03:08:13Z,73.0
2023-04-29T03:08:23Z,74.0
2023-04-29T03:08:28Z,76.0
2023-04-29T03:08:42Z,76.0
2023-04-29T03:08:57Z,77.0
2023-04-29T03:09:02Z,78.0
2023-04-29T03:09:07Z,77.0
2023-04-29T03:09:12Z,78.0
2023-04-29T03:09:22Z,77.0
2023-04-29T03:09:27Z,76.0
2023-04-29T03:09:32Z,75.0
2023-04-29T03:09:47Z,75.0
2023-04-29T03:10:02Z,75.0
2023-04-29T03:10:07Z,75.0
2023-04-29T03:10:12Z,75.0
2023-04-29T03:10:22Z,74.0
2023-04-29T03:10:27Z,70.0
2023-04-29T03:10:32Z,77.0
2023-04-29T03:10:37Z,86.0
2023-04-29T03:10:47Z,87.0
2023-04-29T03:10:57Z,88.0
2023-04-29T03:11:12Z,89.0
2023-04-29T03:11:17Z,91.0
2023-04-29T03:11:22Z,94.0
2023-04-29T03:11:37Z,95.0
2023-04-29T03:11:42Z,96.0
2023-04-29T03:11:52Z,97.0
2023-04-29T03:11:57Z,96.0
2023-04-29T03:12:02Z,95.0
2023-04-29T03:12:07Z,96.0
2023-04-29T03:12:12Z,99.0
2023-04-29T03:12:27Z,100.0
2023-04-29T03:12:32Z,101.0
2023-04-29T03:12:47Z,101.0
2023-04-29T03:13:02Z,101.0
2023-04-29T03:13:12Z,99.0
2023-04-29T03:13:17Z,97.0
2023-04-29T03:13:22Z,96.0
2023-04-29T03:13:32Z,97.0
2023-04-29T03:13:37Z,104.0
2023-04-29T03:13:52Z,101.0
2023-04-29T03:13:57Z,98.0
2023-04-29T03:14:02Z,95.0
2023-04-29T03:14:17Z,95.0
2023-04-29T03:14:22Z,94.0
2023-04-29T03:14:27Z,93.0
2023-04-29T03:14:37Z,94.0
2023-04-29T03:14:42Z,93.0
2023-04-29T03:14:57Z,94.0
2023-04-29T03:15:07Z,94.0
2023-04-29T03:15:12Z,92.0
2023-04-29T03:15:27Z,91.0
2023-04-29T03:15:37Z,89.0
2023-04-29T03:15:42Z,87.0
2023-04-29T03:15:47Z,86.0
2023-04-29T03:15:57Z,88.0
2023-04-29T03:16:02Z,88.0
2023-04-29T03:16:07Z,87.0
2023-04-29T03:16:17Z,88.0
2023-04-29T03:16:27Z,86.0
2023-04-29T03:16:32Z,84.0
2023-04-29T03:16:42Z,83.0
2023-04-29T03:16:48Z,83.0
2023-04-29T03:16:53Z,84.0
2023-04-29T03:16:58Z,83.0
2023-04-29T03:17:13Z,82.0
2023-04-29T03:17:24Z,81.0
2023-04-29T03:17:34Z,80.0
2023-04-29T03:17:44Z,79.0
2023-04-29T03:17:49Z,76.0
2023-04-29T03:17:54Z,75.0
2023-04-29T03:17:59Z,74.0
2023-04-29T03:18:04Z,73.0
2023-04-29T03:18:09Z,72.0
2023-04-29T03:18:24Z,72.0
2023-04-29T03:18:29Z,71.0
2023-04-29T03:18:39Z,72.0
2023-04-29T03:18:54Z,72.0
2023-04-29T03:18:59Z,73.0
2023-04-29T03:19:04Z,72.0
2023-04-29T03:19:19Z,71.0
2023-04-29T03:19:29Z,73.0
2023-04-29T03:19:34Z,75.0
2023-04-29T03:19:49Z,75.0
2023-04-29T03:20:04Z,75.0
2023-04-29T03:20:14Z,76.0
2023-04-29T03:20:19Z,77.0
2023-04-29T03:20:24Z,76.0
2023-04-29T03:20:34Z,78.0
2023-04-29T03:20:39Z,83.0
2023-04-29T03:20:44Z,85.0
2023-04-29T03:20:49Z,83.0
2023-04-29T03:20:54Z,81.0
2023-04-29T03:20:59Z,81.0
2023-04-29T03:21:04Z,82.0
2023-04-29T03:21:09Z,85.0
2023-04-29T03:21:14Z,86.0
2023-04-29T03:21:29Z,86.0
2023-04-29T03:21:34Z,85.0
2023-04-29T03:21:39Z,87.0
2023-04-29T03:21:44Z,91.0
2023-04-29T03:21:49Z,92.0
2023-04-29T03:21:54Z,91.0
2023-04-29T03:22:04Z,92.0
2023-04-29T03:22:09Z,93.0
2023-04-29T03:22:19Z,91.0
2023-04-29T03:22:24Z,90.0
2023-04-29T03:22:29Z,89.0
2023-04-29T03:22:34Z,91.0
2023-04-29T03:22:49Z,91.0
2023-04-29T03:22:54Z,89.0
2023-04-29T03:23:04Z,92.0
2023-04-29T03:23:09Z,93.0
2023-04-29T03:23:14Z,94.0
2023-04-29T03:23:19Z,91.0
2023-04-29T03:23:24Z,90.0
2023-04-29T03:23:29Z,89.0
2023-04-29T03:23:34Z,91.0
2023-04-29T03:23:39Z,90.0
2023-04-29T03:23:49Z,92.0
2023-04-29T03:23:54Z,91.0
2023-04-29T03:23:59Z,90.0
2023-04-29T03:24:04Z,88.0
2023-04-29T03:24:09Z,87.0
2023-04-29T03:24:14Z,88.0
2023-04-29T03:24:19Z,91.0
2023-04-29T03:24:24Z,92.0
2023-04-29T03:24:29Z,91.0
2023-04-29T03:24:34Z,90.0
2023-04-29T03:24:48Z,90.0
2023-04-29T03:24:53Z,91.0
2023-04-29T03:24:58Z,92.0
2023-04-29T03:25:03Z,93.0
2023-04-29T03:25:08Z,96.0
2023-04-29T03:25:23Z,97.0
2023-04-29T03:25:28Z,96.0
2023-04-29T03:25:33Z,95.0
2023-04-29T03:25:43Z,94.0
2023-04-29T03:25:53Z,95.0
2023-04-29T03:25:58Z,96.0
2023-04-29T03:26:08Z,97.0
2023-04-29T03:26:13Z,98.0
2023-04-29T03:26:18Z,100.0
2023-04-29T03:26:23Z,101.0
2023-04-29T03:26:33Z,103.0
2023-04-29T03:26:38Z,106.0
2023-04-29T03:26:43Z,109.0
2023-04-29T03:26:48Z,111.0
2023-04-29T03:27:03Z,110.0
2023-04-29T03:27:08Z,109.0
2023-04-29T03:27:13Z,108.0
2023-04-29T03:27:18Z,104.0
2023-04-29T03:27:23Z,98.0
2023-04-29T03:27:28Z,94.0
2023-04-29T03:27:33Z,95.0
2023-04-29T03:27:38Z,96.0
2023-04-29T03:27:43Z,96.0
2023-04-29T03:27:48Z,95.0
2023-04-29T03:27:53Z,97.0
2023-04-29T03:27:58Z,101.0
2023-04-29T03:28:03Z,100.0
2023-04-29T03:28:08Z,96.0
2023-04-29T03:28:13Z,94.0
2023-04-29T03:28:18Z,92.0
2023-04-29T03:28:28Z,93.0
2023-04-29T03:28:33Z,98.0
2023-04-29T03:28:38Z,100.0
2023-04-29T03:28:43Z,100.0
2023-04-29T03:28:48Z,99.0
2023-04-29T03:28:53Z,100.0
2023-04-29T03:28:58Z,99.0
2023-04-29T03:29:03Z,100.0
2023-04-29T03:29:08Z,103.0
2023-04-29T03:29:13Z,100.0
2023-04-29T03:29:18Z,98.0
2023-04-29T03:29:23Z,97.0
2023-04-29T03:29:28Z,92.0
2023-04-29T03:29:33Z,91.0
2023-04-29T03:29:38Z,90.0
2023-04-29T03:29:53Z,89.0
2023-04-29T03:29:58Z,87.0
2023-04-29T03:30:13Z,87.0
2023-04-29T03:30:18Z,90.0
2023-04-29T03:30:23Z,91.0
2023-04-29T03:30:28Z,89.0
2023-04-29T03:30:33Z,89.0
2023-04-29T03:30:38Z,88.0
2023-04-29T03:30:43Z,86.0
2023-04-29T03:30:48Z,76.0
2023-04-29T03:30:53Z,75.0
2023-04-29T03:31:14Z,74.0
2023-04-29T03:31:29Z,74.0
2023-04-29T03:31:34Z,72.0
2023-04-29T03:31:44Z,70.0
2023-04-29T03:31:54Z,71.0
2023-04-29T03:32:09Z,74.0
2023-04-29T03:32:14Z,75.0
2023-04-29T03:32:19Z,76.0
2023-04-29T03:32:29Z,75.0
2023-04-29T03:32:44Z,74.0
2023-04-29T03:32:49Z,75.0
2023-04-29T03:32:54Z,78.0
2023-04-29T03:32:59Z,82.0
2023-04-29T03:33:04Z,80.0
2023-04-29T03:33:09Z,74.0
2023-04-29T03:33:14Z,70.0
2023-04-29T03:33:19Z,69.0
2023-04-29T03:33:24Z,69.0
2023-04-29T03:33:29Z,69.0
2023-04-29T03:33:34Z,70.0
2023-04-29T03:33:39Z,71.0
2023-04-29T03:33:44Z,73.0
2023-04-29T03:33:49Z,74.0
2023-04-29T03:33:54Z,73.0
2023-04-29T03:33:59Z,74.0
2023-04-29T03:34:04Z,76.0
2023-04-29T03:34:09Z,74.0
2023-04-29T03:34:14Z,73.0
2023-04-29T03:34:24Z,74.0
2023-04-29T03:34:29Z,75.0
2023-04-29T03:34:34Z,74.0
2023-04-29T03:34:39Z,75.0
2023-04-29T03:34:49Z,74.0
2023-04-29T03:34:54Z,75.0
2023-04-29T03:34:59Z,76.0
2023-04-29T03:35:04Z,77.0
2023-04-29T03:35:14Z,78.0
2023-04-29T03:35:19Z,79.0
2023-04-29T03:35:24Z,81.0
2023-04-29T03:35:29Z,75.0
2023-04-29T03:35:39Z,72.0
2023-04-29T03:35:44Z,68.0
2023-04-29T03:35:49Z,68.0
2023-04-29T03:35:59Z,67.0
2023-04-29T03:36:04Z,66.0
2023-04-29T03:36:09Z,67.0
2023-04-29T03:36:19Z,69.0
2023-04-29T03:36:29Z,71.0
2023-04-29T03:36:34Z,73.0
2023-04-29T03:36:39Z,74.0
2023-04-29T03:36:54Z,75.0
2023-04-29T03:37:04Z,74.0
2023-04-29T03:37:14Z,76.0
2023-04-29T03:37:29Z,77.0
2023-04-29T03:37:34Z,78.0
2023-04-29T03:37:39Z,81.0
2023-04-29T03:37:44Z,76.0
2023-04-29T03:37:59Z,78.0
2023-04-29T03:38:04Z,75.0
2023-04-29T03:38:09Z,74.0
2023-04-29T03:38:24Z,74.0
2023-04-29T03:38:29Z,75.0
2023-04-29T03:38:34Z,77.0
2023-04-29T03:38:44Z,76.0
2023-04-29T03:38:59Z,73.0
2023-04-29T03:39:04Z,68.0
2023-04-29T03:39:09Z,69.0
2023-04-29T03:39:14Z,71.0
2023-04-29T03:39:19Z,74.0
2023-04-29T03:39:24Z,75.0
2023-04-29T03:39:34Z,74.0
2023-04-29T03:39:49Z,75.0
2023-04-29T03:39:54Z,78.0
2023-04-29T03:39:59Z,80.0
2023-04-29T03:40:04Z,78.0
2023-04-29T03:40:14Z,77.0
2023-04-29T03:40:19Z,76.0
2023-04-29T03:40:24Z,73.0
2023-04-29T03:40:29Z,75.0
2023-04-29T03:40:34Z,75.0
2023-04-29T03:40:39Z,74.0
2023-04-29T03:40:44Z,71.0
2023-04-29T03:40:49Z,73.0
2023-04-29T03:40:54Z,73.0
2023-04-29T03:40:59Z,74.0
2023-04-29T03:41:04Z,75.0
2023-04-29T03:41:09Z,76.0
2023-04-29T03:41:14Z,77.0
2023-04-29T03:41:24Z,76.0
2023-04-29T03:41:34Z,77.0
2023-04-29T03:41:42Z,78.0
2023-04-29T03:41:52Z,79.0
2023-04-29T03:41:57Z,78.0
2023-04-29T03:42:07Z,79.0
2023-04-29T03:42:17Z,78.0
2023-04-29T03:42:27Z,76.0
2023-04-29T03:42:32Z,75.0
2023-04-29T03:42:42Z,76.0
2023-04-29T03:42:47Z,77.0
2023-04-29T03:42:52Z,74.0
2023-04-29T03:42:57Z,72.0
2023-04-29T03:43:02Z,68.0
2023-04-29T03:43:17Z,68.0
2023-04-29T03:43:22Z,71.0
2023-04-29T03:43:27Z,72.0
2023-04-29T03:43:42Z,74.0
2023-04-29T03:43:47Z,76.0
2023-04-29T03:43:52Z,76.0
2023-04-29T03:43:57Z,77.0
2023-04-29T03:44:02Z,76.0
2023-04-29T03:44:07Z,74.0
2023-04-29T03:44:12Z,72.0
2023-04-29T03:44:17Z,71.0
2023-04-29T03:44:32Z,72.0
2023-04-29T03:44:37Z,73.0
2023-04-29T03:44:42Z,75.0
2023-04-29T03:44:52Z,76.0
2023-04-29T03:44:57Z,76.0
2023-04-29T03:45:02Z,77.0
2023-04-29T03:45:07Z,76.0
2023-04-29T03:45:17Z,74.0
2023-04-29T03:45:22Z,78.0
2023-04-29T03:45:27Z,80.0
2023-04-29T03:45:32Z,76.0
2023-04-29T03:45:37Z,73.0
2023-04-29T03:45:42Z,72.0
2023-04-29T03:45:47Z,70.0
2023-04-29T03:45:52Z,70.0
2023-04-29T03:45:57Z,72.0
2023-04-29T03:46:02Z,77.0
2023-04-29T03:46:07Z,83.0
2023-04-29T03:46:12Z,83.0
2023-04-29T03:46:17Z,78.0
2023-04-29T03:46:32Z,78.0
2023-04-29T03:46:37Z,77.0
2023-04-29T03:46:42Z,78.0
2023-04-29T03:46:47Z,76.0
2023-04-29T03:46:52Z,75.0
2023-04-29T03:46:57Z,71.0
2023-04-29T03:47:02Z,74.0
2023-04-29T03:47:07Z,77.0
2023-04-29T03:47:12Z,73.0
2023-04-29T03:47:17Z,74.0
2023-04-29T03:47:22Z,77.0
2023-04-29T03:47:27Z,77.0
2023-04-29T03:47:37Z,75.0
2023-04-29T03:47:42Z,73.0
2023-04-29T03:47:47Z,74.0
2023-04-29T03:47:52Z,75.0
2023-04-29T03:47:57Z,75.0
2023-04-29T03:48:02Z,74.0
2023-04-29T03:48:17Z,74.0
2023-04-29T03:48:22Z,75.0
2023-04-29T03:48:32Z,73.0
2023-04-29T03:48:37Z,73.0
2023-04-29T03:48:42Z,74.0
2023-04-29T03:48:47Z,73.0
2023-04-29T03:48:52Z,70.0
2023-04-29T03:49:07Z,70.0
2023-04-29T03:49:17Z,70.0
2023-04-29T03:49:22Z,71.0
2023-04-29T03:49:27Z,71.0
2023-04-29T03:49:37Z,72.0
2023-04-29T03:49:42Z,73.0
2023-04-29T03:49:52Z,75.0
2023-04-29T03:50:07Z,76.0
2023-04-29T03:50:12Z,81.0
2023-04-29T03:50:17Z,83.0
2023-04-29T03:50:22Z,81.0
2023-04-29T03:50:27Z,77.0
2023-04-29T03:50:32Z,77.0
2023-04-29T03:50:37Z,77.0
2023-04-29T03:50:42Z,78.0
2023-04-29T03:50:47Z,79.0
2023-04-29T03:50:52Z,77.0
2023-04-29T03:50:57Z,76.0
2023-04-29T03:51:02Z,74.0
2023-04-29T03:51:07Z,72.0
2023-04-29T03:51:23Z,72.0
2023-04-29T03:51:38Z,72.0
2023-04-29T03:51:48Z,71.0
2023-04-29T03:51:58Z,70.0
2023-04-29T03:52:13Z,69.0
2023-04-29T03:52:18Z,70.0
2023-04-29T03:52:33Z,70.0
2023-04-29T03:52:38Z,71.0
2023-04-29T03:52:43Z,71.0
2023-04-29T03:52:48Z,71.0
2023-04-29T03:52:53Z,71.0
2023-04-29T03:53:03Z,71.0
2023-04-29T03:53:18Z,72.0
2023-04-29T03:53:28Z,73.0
2023-04-29T03:53:33Z,77.0
2023-04-29T03:53:38Z,78.0
2023-04-29T03:53:43Z,79.0
2023-04-29T03:53:48Z,82.0
2023-04-29T03:53:53Z,83.0
2023-04-29T03:53:58Z,82.0
2023-04-29T03:54:03Z,83.0
2023-04-29T03:54:18Z,86.0
2023-04-29T03:54:23Z,92.0
2023-04-29T03:54:28Z,97.0
2023-04-29T03:54:38Z,96.0
2023-04-29T03:54:43Z,94.0
2023-04-29T03:54:48Z,89.0
2023-04-29T03:54:53Z,86.0
2023-04-29T03:54:58Z,82.0
2023-04-29T03:55:08Z,80.0
2023-04-29T03:55:13Z,78.0
2023-04-29T03:55:18Z,76.0
2023-04-29T03:55:23Z,74.0
2023-04-29T03:55:28Z,71.0
2023-04-29T03:55:38Z,72.0
2023-04-29T03:55:43Z,71.0
2023-04-29T03:55:48Z,72.0
2023-04-29T03:55:53Z,76.0
2023-04-29T03:55:58Z,75.0
2023-04-29T03:56:13Z,75.0
2023-04-29T03:56:18Z,77.0
2023-04-29T03:56:23Z,91.0
2023-04-29T03:56:28Z,94.0
2023-04-29T03:56:33Z,90.0
2023-04-29T03:56:38Z,87.0
2023-04-29T03:56:43Z,84.0
2023-04-29T03:56:48Z,85.0
2023-04-29T03:56:53Z,83.0
2023-04-29T03:56:58Z,80.0
2023-04-29T03:57:03Z,79.0
2023-04-29T03:57:08Z,84.0
2023-04-29T03:57:13Z,87.0
2023-04-29T03:57:18Z,88.0
2023-04-29T03:57:23Z,88.0
2023-04-29T03:57:28Z,86.0
2023-04-29T03:57:33Z,84.0
2023-04-29T03:57:38Z,82.0
2023-04-29T03:57:44Z,78.0
2023-04-29T03:57:54Z,79.0
2023-04-29T03:58:04Z,80.0
2023-04-29T03:58:09Z,81.0
2023-04-29T03:58:14Z,83.0
2023-04-29T03:58:19Z,84.0
2023-04-29T03:58:29Z,82.0
2023-04-29T03:58:34Z,80.0
2023-04-29T03:58:39Z,77.0
2023-04-29T03:58:44Z,74.0
2023-04-29T03:58:54Z,76.0
2023-04-29T03:58:59Z,78.0
2023-04-29T03:59:04Z,79.0
2023-04-29T03:59:09Z,80.0
2023-04-29T03:59:14Z,80.0
2023-04-29T03:59:29Z,80.0
2023-04-29T03:59:34Z,81.0
2023-04-29T03:59:39Z,82.0
2023-04-29T03:59:50Z,82.0
2023-04-29T03:59:55Z,82.0
2023-04-29T04:00:00Z,82.0
2023-04-29T04:00:15Z,84.0
2023-04-29T04:00:20Z,83.0
2023-04-29T04:00:25Z,89.0
2023-04-29T04:00:30Z,90.0
2023-04-29T04:00:45Z,90.0
2023-04-29T04:00:50Z,91.0
2023-04-29T04:00:55Z,91.0
2023-04-29T04:01:10Z,91.0
2023-04-29T04:01:15Z,92.0
2023-04-29T04:01:20Z,86.0
2023-04-29T04:01:35Z,86.0
2023-04-29T04:01:50Z,86.0
2023-04-29T04:01:55Z,85.0
2023-04-29T04:02:10Z,83.0
2023-04-29T04:02:15Z,84.0
2023-04-29T04:02:20Z,85.0
2023-04-29T04:02:35Z,85.0
2023-04-29T04:02:50Z,85.0
2023-04-29T04:03:05Z,85.0
2023-04-29T04:03:15Z,84.0
2023-04-29T04:03:25Z,85.0
2023-04-29T04:03:35Z,82.0
2023-04-29T04:03:40Z,81.0
2023-04-29T04:03:55Z,81.0
2023-04-29T04:04:00Z,82.0
2023-04-29T04:04:05Z,83.0
2023-04-29T04:04:10Z,83.0
2023-04-29T04:04:25Z,84.0
2023-04-29T04:04:40Z,84.0
2023-04-29T04:04:45Z,85.0
2023-04-29T04:04:50Z,87.0
2023-04-29T04:05:00Z,87.0
2023-04-29T04:05:05Z,88.0
2023-04-29T04:05:15Z,89.0
2023-04-29T04:05:30Z,89.0
2023-04-29T04:05:35Z,94.0
2023-04-29T04:05:40Z,98.0
2023-04-29T04:05:45Z,97.0
2023-04-29T04:05:50Z,96.0
2023-04-29T04:05:55Z,94.0
2023-04-29T04:06:05Z,94.0
2023-04-29T04:06:15Z,97.0
2023-04-29T04:06:20Z,99.0
2023-04-29T04:06:25Z,101.0
2023-04-29T04:06:30Z,103.0
2023-04-29T04:06:35Z,98.0
2023-04-29T04:06:40Z,93.0
2023-04-29T04:06:45Z,94.0
2023-04-29T04:06:50Z,97.0
2023-04-29T04:06:55Z,102.0
2023-04-29T04:07:00Z,103.0
2023-04-29T04:07:05Z,103.0
2023-04-29T04:07:15Z,102.0
2023-04-29T04:07:20Z,100.0
2023-04-29T04:07:35Z,101.0
2023-04-29T04:07:40Z,103.0
2023-04-29T04:07:45Z,104.0
2023-04-29T04:07:50Z,101.0
2023-04-29T04:07:55Z,100.0
2023-04-29T04:08:00Z,102.0
2023-04-29T04:08:10Z,100.0
2023-04-29T04:08:15Z,97.0
2023-04-29T04:08:20Z,101.0
2023-04-29T04:08:25Z,96.0
2023-04-29T04:08:30Z,95.0
2023-04-29T04:08:35Z,94.0
2023-04-29T04:08:40Z,95.0
2023-04-29T04:08:55Z,95.0
2023-04-29T04:09:00Z,94.0
2023-04-29T04:09:05Z,93.0
2023-04-29T04:09:10Z,79.0
2023-04-29T04:09:15Z,77.0
2023-04-29T04:09:25Z,75.0
2023-04-29T04:09:30Z,74.0
2023-04-29T04:09:40Z,75.0
2023-04-29T04:09:50Z,76.0
2023-04-29T04:09:55Z,77.0
2023-04-29T04:10:00Z,77.0
2023-04-29T04:10:05Z,78.0
2023-04-29T04:10:20Z,78.0
2023-04-29T04:10:25Z,77.0
2023-04-29T04:10:35Z,78.0
2023-04-29T04:10:45Z,75.0
2023-04-29T04:10:50Z,76.0
2023-04-29T04:10:55Z,77.0
2023-04-29T04:11:00Z,80.0
2023-04-29T04:11:05Z,84.0
2023-04-29T04:11:10Z,91.0
2023-04-29T04:11:15Z,94.0
2023-04-29T04:11:20Z,93.0
2023-04-29T04:11:35Z,95.0
2023-04-29T04:11:40Z,96.0
2023-04-29T04:11:50Z,94.0
2023-04-29T04:11:55Z,92.0
2023-04-29T04:12:00Z,93.0
2023-04-29T04:12:05Z,92.0
2023-04-29T04:12:10Z,90.0
2023-04-29T04:12:25Z,90.0
2023-04-29T04:12:35Z,89.0
2023-04-29T04:12:40Z,87.0
2023-04-29T04:12:45Z,84.0
2023-04-29T04:12:50Z,82.0
2023-04-29T04:13:00Z,83.0
2023-04-29T04:13:10Z,84.0
2023-04-29T04:13:15Z,84.0
2023-04-29T04:13:30Z,84.0
2023-04-29T04:13:35Z,85.0
2023-04-29T04:13:43Z,85.0
2023-04-29T04:13:48Z,84.0
2023-04-29T04:14:03Z,84.0
2023-04-29T04:14:18Z,84.0
2023-04-29T04:14:23Z,83.0
2023-04-29T04:14:38Z,83.0
2023-04-29T04:14:48Z,84.0
2023-04-29T04:14:53Z,83.0
2023-04-29T04:14:58Z,82.0
2023-04-29T04:15:13Z,81.0
2023-04-29T04:15:23Z,83.0
2023-04-29T04:15:28Z,84.0
2023-04-29T04:15:33Z,86.0
2023-04-29T04:15:43Z,85.0
2023-04-29T04:15:48Z,83.0
2023-04-29T04:15:53Z,81.0
2023-04-29T04:15:58Z,82.0
2023-04-29T04:16:03Z,81.0
2023-04-29T04:16:08Z,82.0
2023-04-29T04:16:13Z,83.0
2023-04-29T04:16:23Z,82.0
2023-04-29T04:16:28Z,83.0
2023-04-29T04:16:38Z,84.0
2023-04-29T04:16:43Z,83.0
2023-04-29T04:16:48Z,82.0
2023-04-29T04:16:58Z,83.0
2023-04-29T04:17:08Z,84.0
2023-04-29T04:17:13Z,83.0
2023-04-29T04:17:28Z,83.0
2023-04-29T04:17:33Z,82.0
2023-04-29T04:17:38Z,83.0
2023-04-29T04:17:43Z,88.0
2023-04-29T04:17:53Z,87.0
2023-04-29T04:18:03Z,86.0
2023-04-29T04:18:13Z,85.0
2023-04-29T04:18:23Z,84.0
2023-04-29T04:18:28Z,85.0
2023-04-29T04:18:33Z,83.0
2023-04-29T04:18:38Z,82.0
2023-04-29T04:18:43Z,83.0
2023-04-29T04:18:58Z,84.0
2023-04-29T04:19:03Z,83.0
2023-04-29T04:19:08Z,84.0
2023-04-29T04:19:18Z,92.0
2023-04-29T04:19:23Z,94.0
2023-04-29T04:19:28Z,93.0
2023-04-29T04:19:43Z,92.0
2023-04-29T04:19:48Z,93.0
2023-04-29T04:19:58Z,92.0
2023-04-29T04:20:13Z,89.0
2023-04-29T04:20:18Z,87.0
2023-04-29T04:20:28Z,86.0
2023-04-29T04:20:33Z,87.0
2023-04-29T04:20:38Z,87.0
2023-04-29T04:20:43Z,89.0
2023-04-29T04:20:53Z,90.0
2023-04-29T04:20:58Z,91.0
2023-04-29T04:21:03Z,93.0
2023-04-29T04:21:13Z,95.0
2023-04-29T04:21:18Z,96.0
2023-04-29T04:21:28Z,96.0
2023-04-29T04:21:33Z,92.0
2023-04-29T04:21:38Z,91.0
2023-04-29T04:21:43Z,95.0
2023-04-29T04:21:48Z,96.0
2023-04-29T04:21:53Z,99.0
2023-04-29T04:21:58Z,101.0
2023-04-29T04:22:03Z,103.0
2023-04-29T04:22:08Z,100.0
2023-04-29T04:22:13Z,101.0
2023-04-29T04:22:18Z,103.0
2023-04-29T04:22:23Z,104.0
2023-04-29T04:22:33Z,107.0
2023-04-29T04:22:38Z,106.0
2023-04-29T04:22:53Z,105.0
2023-04-29T04:22:58Z,103.0
2023-04-29T04:23:03Z,101.0
2023-04-29T04:23:08Z,99.0
2023-04-29T04:23:18Z,98.0
2023-04-29T04:23:28Z,94.0
2023-04-29T04:23:33Z,89.0
2023-04-29T04:23:38Z,85.0
2023-04-29T04:23:43Z,80.0
2023-04-29T04:23:48Z,79.0
2023-04-29T04:23:58Z,80.0
2023-04-29T04:24:03Z,81.0
2023-04-29T04:24:08Z,84.0
2023-04-29T04:24:13Z,86.0
2023-04-29T04:24:18Z,88.0
2023-04-29T04:24:33Z,88.0
2023-04-29T04:24:38Z,89.0
2023-04-29T04:24:43Z,88.0
2023-04-29T04:24:53Z,87.0
2023-04-29T04:24:58Z,86.0
2023-04-29T04:25:03Z,88.0
2023-04-29T04:25:08Z,89.0
2023-04-29T04:25:13Z,90.0
2023-04-29T04:25:18Z,91.0
2023-04-29T04:25:33Z,91.0
2023-04-29T04:25:38Z,90.0
2023-04-29T04:25:48Z,89.0
2023-04-29T04:25:53Z,87.0
2023-04-29T04:26:03Z,88.0
2023-04-29T04:26:08Z,90.0
2023-04-29T04:26:13Z,91.0
2023-04-29T04:26:23Z,92.0
2023-04-29T04:26:33Z,91.0
2023-04-29T04:26:38Z,91.0
2023-04-29T04:26:43Z,92.0
2023-04-29T04:26:48Z,93.0
2023-04-29T04:26:53Z,94.0
2023-04-29T04:26:58Z,92.0
2023-04-29T04:27:03Z,90.0
2023-04-29T04:27:08Z,91.0
2023-04-29T04:27:13Z,89.0
2023-04-29T04:27:28Z,89.0
2023-04-29T04:27:43Z,89.0
2023-04-29T04:27:48Z,88.0
2023-04-29T04:27:58Z,87.0
2023-04-29T04:28:03Z,86.0
2023-04-29T04:28:13Z,88.0
2023-04-29T04:28:18Z,90.0
2023-04-29T04:28:23Z,89.0
2023-04-29T04:28:28Z,90.0
2023-04-29T04:28:33Z,91.0
2023-04-29T04:28:38Z,91.0
2023-04-29T04:28:43Z,90.0
2023-04-29T04:28:53Z,95.0
2023-04-29T04:28:58Z,97.0
2023-04-29T04:29:03Z,96.0
2023-04-29T04:29:08Z,97.0
2023-04-29T04:29:18Z,98.0
2023-04-29T04:29:23Z,99.0
2023-04-29T04:29:29Z,99.0
2023-04-29T04:29:44Z,98.0
2023-04-29T04:29:49Z,97.0
2023-04-29T04:29:54Z,96.0
2023-04-29T04:29:59Z,95.0
2023-04-29T04:30:04Z,94.0
2023-04-29T04:30:09Z,93.0
2023-04-29T04:30:24Z,94.0
2023-04-29T04:30:29Z,95.0
2023-04-29T04:30:34Z,94.0
2023-04-29T04:30:44Z,95.0
2023-04-29T04:30:49Z,99.0
2023-04-29T04:30:54Z,107.0
2023-04-29T04:30:59Z,107.0
2023-04-29T04:31:04Z,102.0
2023-04-29T04:31:09Z,99.0
2023-04-29T04:31:14Z,98.0
2023-04-29T04:31:19Z,97.0
2023-04-29T04:31:24Z,96.0
2023-04-29T04:31:29Z,95.0
2023-04-29T04:31:34Z,95.0
2023-04-29T04:31:44Z,94.0
2023-04-29T04:31:49Z,91.0
2023-04-29T04:32:04Z,91.0
2023-04-29T04:32:09Z,93.0
2023-04-29T04:32:19Z,92.0
2023-04-29T04:32:24Z,91.0
2023-04-29T04:32:29Z,90.0
2023-04-29T04:32:34Z,88.0
2023-04-29T04:32:39Z,80.0
2023-04-29T04:32:44Z,79.0
2023-04-29T04:32:59Z,81.0
2023-04-29T04:33:04Z,86.0
2023-04-29T04:33:09Z,87.0
2023-04-29T04:33:14Z,88.0
2023-04-29T04:33:19Z,89.0
2023-04-29T04:33:24Z,90.0
2023-04-29T04:33:29Z,91.0
2023-04-29T04:33:39Z,90.0
2023-04-29T04:33:44Z,88.0
2023-04-29T04:33:49Z,87.0
2023-04-29T04:33:59Z,88.0
2023-04-29T04:34:04Z,89.0
2023-04-29T04:34:14Z,90.0
2023-04-29T04:34:19Z,89.0
2023-04-29T04:34:24Z,90.0
2023-04-29T04:34:39Z,90.0
2023-04-29T04:34:44Z,91.0
2023-04-29T04:34:49Z,90.0
2023-04-29T04:34:59Z,89.0
2023-04-29T04:35:14Z,89.0
2023-04-29T04:35:24Z,87.0
2023-04-29T04:35:29Z,84.0
2023-04-29T04:35:34Z,80.0
2023-04-29T04:35:44Z,81.0
2023-04-29T04:35:54Z,82.0
2023-04-29T04:36:09Z,82.0
2023-04-29T04:36:14Z,81.0
2023-04-29T04:36:29Z,82.0
2023-04-29T04:36:34Z,83.0
2023-04-29T04:36:39Z,84.0
2023-04-29T04:36:54Z,83.0
2023-04-29T04:37:04Z,84.0
2023-04-29T04:37:09Z,85.0
2023-04-29T04:37:14Z,91.0
2023-04-29T04:37:24Z,89.0
2023-04-29T04:37:30Z,89.0
2023-04-29T04:37:35Z,95.0
2023-04-29T04:37:40Z,96.0
2023-04-29T04:37:45Z,95.0
2023-04-29T04:37:50Z,94.0
2023-04-29T04:37:55Z,91.0
2023-04-29T04:38:00Z,81.0
2023-04-29T04:38:05Z,79.0
2023-04-29T04:38:10Z,80.0
2023-04-29T04:38:25Z,81.0
2023-04-29T04:38:30Z,83.0
2023-04-29T04:38:35Z,82.0
2023-04-29T04:38:40Z,81.0
2023-04-29T04:38:45Z,80.0
2023-04-29T04:38:50Z,81.0
2023-04-29T04:38:55Z,80.0
2023-04-29T04:39:05Z,79.0
2023-04-29T04:39:10Z,78.0
2023-04-29T04:39:25Z,78.0
2023-04-29T04:39:30Z,80.0
2023-04-29T04:39:35Z,81.0
2023-04-29T04:39:40Z,82.0
2023-04-29T04:39:45Z,79.0
2023-04-29T04:39:50Z,80.0
2023-04-29T04:39:55Z,79.0
2023-04-29T04:40:00Z,81.0
2023-04-29T04:40:05Z,82.0
2023-04-29T04:40:20Z,82.0
2023-04-29T04:40:30Z,81.0
2023-04-29T04:40:35Z,79.0
2023-04-29T04:40:40Z,85.0
2023-04-29T04:40:45Z,89.0
2023-04-29T04:40:50Z,88.0
2023-04-29T04:40:55Z,83.0
2023-04-29T04:41:10Z,85.0
2023-04-29T04:41:15Z,84.0
2023-04-29T04:41:20Z,83.0
2023-04-29T04:41:25Z,82.0
2023-04-29T04:41:35Z,81.0
2023-04-29T04:41:40Z,76.0
2023-04-29T04:41:45Z,75.0
2023-04-29T04:41:50Z,76.0
2023-04-29T04:41:55Z,72.0
2023-04-29T04:42:00Z,71.0
2023-04-29T04:42:15Z,71.0
2023-04-29T04:42:20Z,72.0
2023-04-29T04:42:25Z,73.0
2023-04-29T04:42:30Z,72.0
2023-04-29T04:42:40Z,74.0
2023-04-29T04:42:55Z,76.0
2023-04-29T04:43:00Z,77.0
2023-04-29T04:43:05Z,78.0
2023-04-29T04:43:15Z,79.0
2023-04-29T04:43:20Z,77.0
2023-04-29T04:43:25Z,76.0
2023-04-29T04:43:30Z,77.0
2023-04-29T04:43:35Z,79.0
2023-04-29T04:43:50Z,78.0
2023-04-29T04:44:05Z,80.0
2023-04-29T04:44:10Z,82.0
2023-04-29T04:44:15Z,81.0
2023-04-29T04:44:20Z,79.0
2023-04-29T04:44:25Z,80.0
2023-04-29T04:44:40Z,83.0
2023-04-29T04:44:45Z,82.0
2023-04-29T04:44:50Z,81.0
2023-04-29T04:45:00Z,82.0
2023-04-29T04:45:05Z,84.0
2023-04-29T04:45:10Z,85.0
2023-04-29T04:45:15Z,82.0
2023-04-29T04:45:20Z,76.0
2023-04-29T04:45:25Z,76.0
2023-04-29T04:45:30Z,77.0
2023-04-29T04:45:35Z,79.0
2023-04-29T04:45:39Z,79.0
2023-04-29T04:45:46Z,78.0
2023-04-29T04:45:51Z,77.0
2023-04-29T04:45:56Z,78.0
2023-04-29T04:46:06Z,79.0
2023-04-29T04:46:11Z,80.0
2023-04-29T04:46:16Z,81.0
2023-04-29T04:46:21Z,86.0
2023-04-29T04:46:26Z,85.0
2023-04-29T04:46:36Z,84.0
2023-04-29T04:46:41Z,82.0
2023-04-29T04:46:46Z,80.0
2023-04-29T04:46:51Z,78.0
2023-04-29T04:46:56Z,77.0
2023-04-29T04:47:01Z,78.0
2023-04-29T04:47:16Z,78.0
2023-04-29T04:47:21Z,81.0
2023-04-29T04:47:26Z,82.0
2023-04-29T04:47:31Z,79.0
2023-04-29T04:47:36Z,78.0
2023-04-29T04:47:41Z,77.0
2023-04-29T04:47:46Z,74.0
2023-04-29T04:47:51Z,73.0
2023-04-29T04:47:56Z,72.0
2023-04-29T04:48:01Z,74.0
2023-04-29T04:48:11Z,75.0
2023-04-29T04:48:26Z,75.0
2023-04-29T04:48:41Z,75.0
2023-04-29T04:48:46Z,74.0
2023-04-29T04:48:51Z,76.0
2023-04-29T04:48:56Z,77.0
2023-04-29T04:49:06Z,78.0
2023-04-29T04:49:11Z,80.0
2023-04-29T04:49:16Z,82.0
2023-04-29T04:49:26Z,81.0
2023-04-29T04:49:31Z,80.0
2023-04-29T04:49:36Z,79.0
2023-04-29T04:49:41Z,77.0
2023-04-29T04:49:46Z,75.0
2023-04-29T04:49:51Z,74.0
2023-04-29T04:49:56Z,74.0
2023-04-29T04:50:06Z,75.0
2023-04-29T04:50:16Z,73.0
2023-04-29T04:50:21Z,72.0
2023-04-29T04:50:26Z,73.0
2023-04-29T04:50:41Z,71.0
2023-04-29T04:50:46Z,73.0
2023-04-29T04:50:51Z,74.0
2023-04-29T04:50:56Z,75.0
2023-04-29T04:51:01Z,78.0
2023-04-29T04:51:06Z,80.0
2023-04-29T04:51:16Z,81.0
2023-04-29T04:51:31Z,73.0
2023-04-29T04:51:36Z,72.0
2023-04-29T04:51:47Z,72.0
2023-04-29T04:51:52Z,73.0
2023-04-29T04:51:57Z,79.0
2023-04-29T04:52:02Z,82.0
2023-04-29T04:52:07Z,81.0
2023-04-29T04:52:17Z,80.0
2023-04-29T04:52:22Z,79.0
2023-04-29T04:52:27Z,80.0
2023-04-29T04:52:32Z,79.0
2023-04-29T04:52:37Z,78.0
2023-04-29T04:52:42Z,76.0
2023-04-29T04:52:47Z,75.0
2023-04-29T04:52:52Z,72.0
2023-04-29T04:52:57Z,71.0
2023-04-29T04:53:02Z,72.0
2023-04-29T04:53:07Z,73.0
2023-04-29T04:53:12Z,74.0
2023-04-29T04:53:27Z,75.0
2023-04-29T04:53:37Z,74.0
2023-04-29T04:53:47Z,73.0
2023-04-29T04:53:52Z,71.0
2023-04-29T04:54:02Z,72.0
2023-04-29T04:54:07Z,73.0
2023-04-29T04:54:12Z,74.0
2023-04-29T04:54:17Z,76.0
2023-04-29T04:54:22Z,77.0
2023-04-29T04:54:27Z,75.0
2023-04-29T04:54:32Z,75.0
2023-04-29T04:54:42Z,78.0
2023-04-29T04:54:47Z,84.0
2023-04-29T04:54:52Z,85.0
2023-04-29T04:54:57Z,84.0
2023-04-29T04:55:07Z,88.0
2023-04-29T04:55:12Z,89.0
2023-04-29T04:55:22Z,87.0
2023-04-29T04:55:27Z,82.0
2023-04-29T04:55:32Z,83.0
2023-04-29T04:55:37Z,82.0
2023-04-29T04:55:42Z,81.0
2023-04-29T04:55:47Z,81.0
2023-04-29T04:55:57Z,80.0
2023-04-29T04:56:02Z,79.0
2023-04-29T04:56:07Z,78.0
2023-04-29T04:56:12Z,77.0
2023-04-29T04:56:17Z,78.0
2023-04-29T04:56:27Z,79.0
2023-04-29T04:56:37Z,78.0
2023-04-29T04:56:47Z,82.0
2023-04-29T04:56:52Z,88.0
2023-04-29T04:56:57Z,91.0
2023-04-29T04:57:02Z,90.0
2023-04-29T04:57:07Z,89.0
2023-04-29T04:57:12Z,87.0
2023-04-29T04:57:27Z,87.0
2023-04-29T04:57:32Z,85.0
2023-04-29T04:57:37Z,79.0
2023-04-29T04:57:42Z,74.0
2023-04-29T04:57:57Z,75.0
2023-04-29T04:58:02Z,72.0
2023-04-29T04:58:07Z,72.0
2023-04-29T04:58:17Z,71.0
2023-04-29T04:58:22Z,72.0
2023-04-29T04:58:27Z,73.0
2023-04-29T04:58:32Z,72.0
2023-04-29T04:58:37Z,71.0
2023-04-29T04:58:47Z,70.0
2023-04-29T04:58:52Z,70.0
2023-04-29T04:58:57Z,69.0
2023-04-29T04:59:07Z,71.0
2023-04-29T04:59:12Z,70.0
2023-04-29T04:59:17Z,70.0
2023-04-29T04:59:32Z,71.0
2023-04-29T04:59:37Z,73.0
2023-04-29T04:59:42Z,73.0
2023-04-29T04:59:57Z,73.0
2023-04-29T05:00:12Z,73.0
2023-04-29T05:00:17Z,74.0
2023-04-29T05:00:22Z,76.0
2023-04-29T05:00:27Z,77.0
2023-04-29T05:00:32Z,78.0
2023-04-29T05:00:37Z,81.0
2023-04-29T05:00:42Z,82.0
2023-04-29T05:00:47Z,81.0
2023-04-29T05:00:52Z,79.0
2023-04-29T05:00:57Z,80.0
2023-04-29T05:01:02Z,81.0
2023-04-29T05:01:12Z,82.0
2023-04-29T05:01:17Z,81.0
2023-04-29T05:01:32Z,82.0
2023-04-29T05:01:37Z,78.0
2023-04-29T05:01:45Z,76.0
2023-04-29T05:01:50Z,78.0
2023-04-29T05:01:55Z,80.0
2023-04-29T05:02:00Z,79.0
2023-04-29T05:02:05Z,80.0
2023-04-29T05:02:10Z,79.0
2023-04-29T05:02:15Z,80.0
2023-04-29T05:02:30Z,80.0
2023-04-29T05:02:35Z,82.0
2023-04-29T05:02:40Z,83.0
2023-04-29T05:02:45Z,81.0
2023-04-29T05:02:50Z,79.0
2023-04-29T05:02:55Z,78.0
2023-04-29T05:03:10Z,77.0
2023-04-29T05:03:20Z,74.0
2023-04-29T05:03:30Z,75.0
2023-04-29T05:03:35Z,79.0
2023-04-29T05:03:40Z,80.0
2023-04-29T05:03:45Z,79.0
2023-04-29T05:03:50Z,78.0
2023-04-29T05:04:00Z,77.0
2023-04-29T05:04:05Z,76.0
2023-04-29T05:04:15Z,79.0
2023-04-29T05:04:25Z,77.0
2023-04-29T05:04:30Z,78.0
2023-04-29T05:04:40Z,76.0
2023-04-29T05:04:45Z,77.0
2023-04-29T05:04:50Z,81.0
2023-04-29T05:04:55Z,82.0
2023-04-29T05:05:05Z,83.0
2023-04-29T05:05:10Z,85.0
2023-04-29T05:05:15Z,89.0
2023-04-29T05:05:20Z,90.0
2023-04-29T05:05:25Z,88.0
2023-04-29T05:05:30Z,87.0
2023-04-29T05:05:45Z,87.0
2023-04-29T05:05:50Z,88.0
2023-04-29T05:05:55Z,89.0
2023-04-29T05:06:00Z,90.0
2023-04-29T05:06:05Z,89.0
2023-04-29T05:06:10Z,87.0
2023-04-29T05:06:15Z,88.0
2023-04-29T05:06:25Z,87.0
2023-04-29T05:06:30Z,96.0
2023-04-29T05:06:35Z,98.0
2023-04-29T05:06:40Z,91.0
2023-04-29T05:06:45Z,88.0
2023-04-29T05:06:50Z,83.0
2023-04-29T05:07:05Z,85.0
2023-04-29T05:07:10Z,86.0
2023-04-29T05:07:15Z,85.0
2023-04-29T05:07:20Z,80.0
2023-04-29T05:07:25Z,77.0
2023-04-29T05:07:30Z,77.0
2023-04-29T05:07:40Z,80.0
2023-04-29T05:07:50Z,79.0
2023-04-29T05:08:00Z,76.0
2023-04-29T05:08:05Z,75.0
2023-04-29T05:08:10Z,79.0
2023-04-29T05:08:15Z,81.0
2023-04-29T05:08:20Z,84.0
2023-04-29T05:08:25Z,82.0
2023-04-29T05:08:30Z,81.0
2023-04-29T05:08:35Z,80.0
2023-04-29T05:08:40Z,79.0
2023-04-29T05:08:50Z,81.0
2023-04-29T05:09:00Z,79.0
2023-04-29T05:09:05Z,78.0
2023-04-29T05:09:15Z,81.0
2023-04-29T05:09:20Z,82.0
2023-04-29T05:09:25Z,83.0
2023-04-29T05:09:35Z,82.0
2023-04-29T05:09:40Z,83.0
2023-04-29T05:09:50Z,79.0
2023-04-29T05:09:55Z,78.0
2023-04-29T05:10:00Z,79.0
2023-04-29T05:10:10Z,78.0
2023-04-29T05:10:20Z,79.0
2023-04-29T05:10:25Z,80.0
2023-04-29T05:10:40Z,85.0
2023-04-29T05:10:45Z,84.0
2023-04-29T05:10:55Z,83.0
2023-04-29T05:11:05Z,84.0
2023-04-29T05:11:10Z,83.0
2023-04-29T05:11:15Z,84.0
2023-04-29T05:11:20Z,81.0
2023-04-29T05:11:25Z,78.0
2023-04-29T05:11:30Z,79.0
2023-04-29T05:11:35Z,78.0
2023-04-29T05:11:40Z,75.0
2023-04-29T05:11:50Z,79.0
2023-04-29T05:11:55Z,81.0
2023-04-29T05:12:10Z,80.0
2023-04-29T05:12:25Z,81.0
2023-04-29T05:12:35Z,77.0
2023-04-29T05:12:40Z,74.0
2023-04-29T05:12:45Z,73.0
2023-04-29T05:12:50Z,73.0
2023-04-29T05:13:01Z,74.0
2023-04-29T05:13:06Z,76.0
2023-04-29T05:13:11Z,79.0
2023-04-29T05:13:16Z,78.0
2023-04-29T05:13:21Z,77.0
2023-04-29T05:13:36Z,78.0
2023-04-29T05:13:51Z,78.0
2023-04-29T05:14:01Z,78.0
2023-04-29T05:14:16Z,78.0
2023-04-29T05:14:31Z,82.0
2023-04-29T05:14:36Z,85.0
2023-04-29T05:14:41Z,84.0
2023-04-29T05:14:56Z,84.0
2023-04-29T05:15:01Z,86.0
2023-04-29T05:15:06Z,87.0
2023-04-29T05:15:11Z,85.0
2023-04-29T05:15:26Z,82.0
2023-04-29T05:15:31Z,79.0
2023-04-29T05:15:36Z,75.0
2023-04-29T05:15:41Z,77.0
2023-04-29T05:15:51Z,78.0
2023-04-29T05:16:06Z,80.0
2023-04-29T05:16:11Z,78.0
2023-04-29T05:16:16Z,76.0
2023-04-29T05:16:21Z,77.0
2023-04-29T05:16:26Z,78.0
2023-04-29T05:16:31Z,80.0
2023-04-29T05:16:36Z,81.0
2023-04-29T05:16:41Z,83.0
2023-04-29T05:16:46Z,82.0
2023-04-29T05:16:51Z,85.0
2023-04-29T05:16:56Z,84.0
2023-04-29T05:17:01Z,85.0
2023-04-29T05:17:06Z,87.0
2023-04-29T05:17:21Z,87.0
2023-04-29T05:17:26Z,88.0
2023-04-29T05:17:36Z,86.0
2023-04-29T05:17:42Z,83.0
2023-04-29T05:17:47Z,84.0
2023-04-29T05:17:57Z,86.0
2023-04-29T05:18:02Z,90.0
2023-04-29T05:18:07Z,91.0
2023-04-29T05:18:12Z,91.0
2023-04-29T05:18:17Z,86.0
2023-04-29T05:18:22Z,80.0
2023-04-29T05:18:37Z,83.0
2023-04-29T05:18:42Z,84.0
2023-04-29T05:18:47Z,85.0
2023-04-29T05:19:02Z,83.0
2023-04-29T05:19:07Z,77.0
2023-04-29T05:19:12Z,73.0
2023-04-29T05:19:17Z,73.0
2023-04-29T05:19:22Z,74.0
2023-04-29T05:19:27Z,79.0
2023-04-29T05:19:32Z,82.0
2023-04-29T05:19:37Z,81.0
2023-04-29T05:19:42Z,79.0
2023-04-29T05:19:52Z,79.0
2023-04-29T05:19:57Z,78.0
2023-04-29T05:20:02Z,80.0
2023-04-29T05:20:07Z,81.0
2023-04-29T05:20:12Z,80.0
2023-04-29T05:20:27Z,81.0
2023-04-29T05:20:32Z,82.0
2023-04-29T05:20:37Z,84.0
2023-04-29T05:20:42Z,84.0
2023-04-29T05:20:47Z,80.0
2023-04-29T05:20:52Z,78.0
2023-04-29T05:20:57Z,81.0
2023-04-29T05:21:02Z,80.0
2023-04-29T05:21:07Z,80.0
2023-04-29T05:21:12Z,78.0
2023-04-29T05:21:17Z,77.0
2023-04-29T05:21:22Z,76.0
2023-04-29T05:21:32Z,77.0
2023-04-29T05:21:37Z,80.0
2023-04-29T05:21:52Z,80.0
2023-04-29T05:21:57Z,81.0
2023-04-29T05:22:02Z,82.0
2023-04-29T05:22:07Z,82.0
2023-04-29T05:22:12Z,83.0
2023-04-29T05:22:22Z,84.0
2023-04-29T05:22:27Z,87.0
2023-04-29T05:22:32Z,88.0
2023-04-29T05:22:42Z,85.0
2023-04-29T05:22:47Z,87.0
2023-04-29T05:22:57Z,81.0
2023-04-29T05:23:07Z,83.0
2023-04-29T05:23:12Z,85.0
2023-04-29T05:23:22Z,85.0
2023-04-29T05:23:27Z,84.0
2023-04-29T05:23:32Z,81.0
2023-04-29T05:23:37Z,82.0
2023-04-29T05:23:42Z,80.0
2023-04-29T05:23:47Z,80.0
2023-04-29T05:23:52Z,81.0
2023-04-29T05:23:57Z,82.0
2023-04-29T05:24:02Z,80.0
2023-04-29T05:24:07Z,81.0
2023-04-29T05:24:12Z,84.0
2023-04-29T05:24:17Z,87.0
2023-04-29T05:24:22Z,88.0
2023-04-29T05:24:27Z,87.0
2023-04-29T05:24:32Z,84.0
2023-04-29T05:24:37Z,80.0
2023-04-29T05:24:47Z,81.0
2023-04-29T05:24:52Z,84.0
2023-04-29T05:24:57Z,85.0
2023-04-29T05:25:02Z,82.0
2023-04-29T05:25:07Z,80.0
2023-04-29T05:25:12Z,78.0
2023-04-29T05:25:22Z,79.0
2023-04-29T05:25:27Z,80.0
2023-04-29T05:25:32Z,83.0
2023-04-29T05:25:37Z,84.0
2023-04-29T05:25:52Z,85.0
2023-04-29T05:26:07Z,87.0
2023-04-29T05:26:12Z,86.0
2023-04-29T05:26:17Z,86.0
2023-04-29T05:26:22Z,87.0
2023-04-29T05:26:37Z,85.0
2023-04-29T05:26:47Z,84.0
2023-04-29T05:26:52Z,86.0
2023-04-29T05:26:57Z,87.0
2023-04-29T05:27:12Z,87.0
2023-04-29T05:27:17Z,88.0
2023-04-29T05:27:27Z,90.0
2023-04-29T05:27:32Z,90.0
2023-04-29T05:27:37Z,91.0
2023-04-29T05:27:42Z,90.0
2023-04-29T05:27:52Z,89.0
2023-04-29T05:27:57Z,86.0
2023-04-29T05:28:02Z,85.0
2023-04-29T05:28:17Z,87.0
2023-04-29T05:28:22Z,88.0
2023-04-29T05:28:32Z,85.0
2023-04-29T05:28:42Z,84.0
2023-04-29T05:28:52Z,82.0
2023-04-29T05:28:57Z,79.0
2023-04-29T05:29:02Z,78.0
2023-04-29T05:29:12Z,79.0
2023-04-29T05:29:17Z,83.0
2023-04-29T05:29:22Z,83.0
2023-04-29T05:29:32Z,81.0
2023-04-29T05:29:37Z,80.0
2023-04-29T05:29:42Z,79.0
2023-04-29T05:29:52Z,81.0
2023-04-29T05:29:57Z,86.0
2023-04-29T05:30:02Z,86.0
2023-04-29T05:30:07Z,85.0
2023-04-29T05:30:12Z,82.0
2023-04-29T05:30:17Z,79.0
2023-04-29T05:30:22Z,80.0
2023-04-29T05:30:27Z,83.0
2023-04-29T05:30:37Z,82.0
2023-04-29T05:30:47Z,78.0
2023-04-29T05:30:52Z,80.0
2023-04-29T05:30:57Z,82.0
2023-04-29T05:31:02Z,84.0
2023-04-29T05:31:07Z,86.0
2023-04-29T05:31:12Z,87.0
2023-04-29T05:31:27Z,86.0
2023-04-29T05:31:42Z,86.0
2023-04-29T05:31:57Z,86.0
2023-04-29T05:32:07Z,89.0
2023-04-29T05:32:12Z,90.0
2023-04-29T05:32:22Z,90.0
2023-04-29T05:32:27Z,90.0
2023-04-29T05:32:32Z,92.0
2023-04-29T05:32:37Z,91.0
2023-04-29T05:32:43Z,91.0
2023-04-29T05:32:48Z,93.0
2023-04-29T05:32:53Z,96.0
2023-04-29T05:32:58Z,95.0
2023-04-29T05:33:03Z,93.0
2023-04-29T05:33:08Z,92.0
2023-04-29T05:33:13Z,91.0
2023-04-29T05:33:28Z,91.0
2023-04-29T05:33:33Z,89.0
2023-04-29T05:33:48Z,89.0
2023-04-29T05:34:03Z,90.0
2023-04-29T05:34:08Z,91.0
2023-04-29T05:34:13Z,93.0
2023-04-29T05:34:18Z,88.0
2023-04-29T05:34:23Z,88.0
2023-04-29T05:34:38Z,87.0
2023-04-29T05:34:43Z,84.0
2023-04-29T05:34:48Z,82.0
2023-04-29T05:34:53Z,81.0
2023-04-29T05:34:58Z,80.0
2023-04-29T05:35:03Z,81.0
2023-04-29T05:35:08Z,83.0
2023-04-29T05:35:13Z,84.0
2023-04-29T05:35:18Z,85.0
2023-04-29T05:35:23Z,84.0
2023-04-29T05:35:28Z,86.0
2023-04-29T05:35:33Z,83.0
2023-04-29T05:35:38Z,83.0
2023-04-29T05:35:43Z,83.0
2023-04-29T05:35:48Z,82.0
2023-04-29T05:35:58Z,81.0
2023-04-29T05:36:03Z,81.0
2023-04-29T05:36:08Z,81.0
2023-04-29T05:36:18Z,88.0
2023-04-29T05:36:23Z,90.0
2023-04-29T05:36:28Z,91.0
2023-04-29T05:36:33Z,96.0
2023-04-29T05:36:38Z,94.0
2023-04-29T05:36:43Z,90.0
2023-04-29T05:36:48Z,86.0
2023-04-29T05:36:53Z,84.0
2023-04-29T05:37:03Z,85.0
2023-04-29T05:37:08Z,84.0
2023-04-29T05:37:13Z,83.0
2023-04-29T05:37:18Z,84.0
2023-04-29T05:37:23Z,86.0
2023-04-29T05:37:28Z,84.0
2023-04-29T05:37:33Z,81.0
2023-04-29T05:37:38Z,80.0
2023-04-29T05:37:53Z,78.0
2023-04-29T05:37:58Z,77.0
2023-04-29T05:38:03Z,78.0
2023-04-29T05:38:13Z,78.0
2023-04-29T05:38:28Z,78.0
2023-04-29T05:38:33Z,79.0
2023-04-29T05:38:43Z,78.0
2023-04-29T05:38:48Z,75.0
2023-04-29T05:38:58Z,80.0
2023-04-29T05:39:03Z,83.0
2023-04-29T05:39:08Z,82.0
2023-04-29T05:39:13Z,80.0
2023-04-29T05:39:18Z,80.0
2023-04-29T05:39:28Z,82.0
2023-04-29T05:39:33Z,87.0
2023-04-29T05:39:48Z,89.0
2023-04-29T05:39:53Z,91.0
2023-04-29T05:39:58Z,94.0
2023-04-29T05:40:03Z,96.0
2023-04-29T05:40:08Z,93.0
2023-04-29T05:40:13Z,91.0
2023-04-29T05:40:23Z,92.0
2023-04-29T05:40:28Z,90.0
2023-04-29T05:40:33Z,86.0
2023-04-29T05:40:38Z,82.0
2023-04-29T05:40:43Z,83.0
2023-04-29T05:40:48Z,82.0
2023-04-29T05:40:53Z,80.0
2023-04-29T05:40:58Z,82.0
2023-04-29T05:41:03Z,87.0
2023-04-29T05:41:08Z,91.0
2023-04-29T05:41:13Z,93.0
2023-04-29T05:41:18Z,92.0
2023-04-29T05:41:23Z,89.0
2023-04-29T05:41:28Z,83.0
2023-04-29T05:41:33Z,84.0
2023-04-29T05:41:38Z,86.0
2023-04-29T05:41:43Z,89.0
2023-04-29T05:41:48Z,92.0
2023-04-29T05:41:53Z,92.0
2023-04-29T05:41:58Z,91.0
2023-04-29T05:42:03Z,88.0
2023-04-29T05:42:13Z,87.0
2023-04-29T05:42:18Z,84.0
2023-04-29T05:42:23Z,85.0
2023-04-29T05:42:28Z,86.0
2023-04-29T05:42:38Z,86.0
2023-04-29T05:42:43Z,87.0
2023-04-29T05:42:48Z,93.0
2023-04-29T05:42:53Z,92.0
2023-04-29T05:42:58Z,89.0
2023-04-29T05:43:04Z,88.0
2023-04-29T05:43:09Z,82.0
2023-04-29T05:43:14Z,81.0
2023-04-29T05:43:19Z,80.0
2023-04-29T05:43:24Z,81.0
2023-04-29T05:43:29Z,82.0
2023-04-29T05:43:34Z,84.0
2023-04-29T05:43:39Z,87.0
2023-04-29T05:43:44Z,85.0
2023-04-29T05:43:54Z,86.0
2023-04-29T05:43:59Z,85.0
2023-04-29T05:44:04Z,84.0
2023-04-29T05:44:09Z,85.0
2023-04-29T05:44:14Z,84.0
2023-04-29T05:44:24Z,84.0
2023-04-29T05:44:29Z,80.0
2023-04-29T05:44:34Z,78.0
2023-04-29T05:44:39Z,77.0
2023-04-29T05:44:44Z,79.0
2023-04-29T05:44:49Z,83.0
2023-04-29T05:44:54Z,85.0
2023-04-29T05:44:59Z,87.0
2023-04-29T05:45:09Z,85.0
2023-04-29T05:45:14Z,86.0
2023-04-29T05:45:19Z,88.0
2023-04-29T05:45:29Z,89.0
2023-04-29T05:45:44Z,88.0
2023-04-29T05:45:49Z,89.0
2023-04-29T05:46:04Z,91.0
2023-04-29T05:46:09Z,92.0
2023-04-29T05:46:14Z,93.0
2023-04-29T05:46:19Z,94.0
2023-04-29T05:46:24Z,93.0
2023-04-29T05:46:29Z,90.0
2023-04-29T05:46:34Z,88.0
2023-04-29T05:46:39Z,87.0
2023-04-29T05:46:44Z,85.0
2023-04-29T05:46:49Z,84.0
2023-04-29T05:46:54Z,83.0
2023-04-29T05:46:59Z,84.0
2023-04-29T05:47:04Z,83.0
2023-04-29T05:47:09Z,81.0
2023-04-29T05:47:14Z,82.0
2023-04-29T05:47:19Z,87.0
2023-04-29T05:47:24Z,90.0
2023-04-29T05:47:34Z,86.0
2023-04-29T05:47:44Z,85.0
2023-04-29T05:47:54Z,87.0
2023-04-29T05:47:59Z,89.0
2023-04-29T05:48:04Z,90.0
2023-04-29T05:48:09Z,91.0
2023-04-29T05:48:14Z,89.0
2023-04-29T05:48:19Z,84.0
2023-04-29T05:48:24Z,83.0
2023-04-29T05:48:29Z,83.0
2023-04-29T05:48:34Z,84.0
2023-04-29T05:48:39Z,86.0
2023-04-29T05:48:44Z,87.0
2023-04-29T05:48:49Z,84.0
2023-04-29T05:48:54Z,82.0
2023-04-29T05:48:59Z,80.0
2023-04-29T05:49:04Z,79.0
2023-04-29T05:49:09Z,80.0
2023-04-29T05:49:14Z,81.0
2023-04-29T05:49:19Z,83.0
2023-04-29T05:49:24Z,87.0
2023-04-29T05:49:29Z,87.0
2023-04-29T05:49:39Z,86.0
2023-04-29T05:49:44Z,83.0
2023-04-29T05:49:49Z,78.0
2023-04-29T05:49:54Z,79.0
2023-04-29T05:50:04Z,81.0
2023-04-29T05:50:09Z,82.0
2023-04-29T05:50:14Z,81.0
2023-04-29T05:50:19Z,80.0
2023-04-29T05:50:29Z,82.0
2023-04-29T05:50:34Z,84.0
2023-04-29T05:50:39Z,84.0
2023-04-29T05:50:45Z,86.0
2023-04-29T05:50:50Z,83.0
2023-04-29T05:50:55Z,79.0
2023-04-29T05:51:10Z,82.0
2023-04-29T05:51:15Z,83.0
2023-04-29T05:51:20Z,85.0
2023-04-29T05:51:25Z,87.0
2023-04-29T05:51:35Z,85.0
2023-04-29T05:51:40Z,81.0
2023-04-29T05:51:50Z,82.0
2023-04-29T05:52:00Z,80.0
2023-04-29T05:52:10Z,80.0
2023-04-29T05:52:20Z,82.0
2023-04-29T05:52:25Z,86.0
2023-04-29T05:52:35Z,85.0
2023-04-29T05:52:40Z,86.0
2023-04-29T05:52:50Z,86.0
2023-04-29T05:53:00Z,83.0
2023-04-29T05:53:05Z,82.0
2023-04-29T05:53:15Z,80.0
2023-04-29T05:53:20Z,78.0
2023-04-29T05:53:30Z,79.0
2023-04-29T05:53:35Z,82.0
2023-04-29T05:53:40Z,84.0
2023-04-29T05:53:45Z,85.0
2023-04-29T05:54:00Z,85.0
2023-04-29T05:54:05Z,84.0
2023-04-29T05:54:10Z,83.0
2023-04-29T05:54:15Z,82.0
2023-04-29T05:54:20Z,78.0
2023-04-29T05:54:25Z,80.0
2023-04-29T05:54:30Z,83.0
2023-04-29T05:54:35Z,82.0
2023-04-29T05:54:40Z,81.0
2023-04-29T05:54:45Z,82.0
2023-04-29T05:54:55Z,84.0
2023-04-29T05:55:00Z,87.0
2023-04-29T05:55:10Z,84.0
2023-04-29T05:55:15Z,80.0
2023-04-29T05:55:20Z,79.0
2023-04-29T05:55:25Z,77.0
2023-04-29T05:55:30Z,78.0
2023-04-29T05:55:35Z,79.0
2023-04-29T05:55:45Z,82.0
2023-04-29T05:55:50Z,83.0
2023-04-29T05:55:55Z,84.0
2023-04-29T05:56:10Z,84.0
2023-04-29T05:56:20Z,86.0
2023-04-29T05:56:25Z,88.0
2023-04-29T05:56:30Z,87.0
2023-04-29T05:56:45Z,87.0
2023-04-29T05:57:00Z,87.0
2023-04-29T05:57:05Z,86.0
2023-04-29T05:57:10Z,82.0
2023-04-29T05:57:15Z,81.0
2023-04-29T05:57:30Z,81.0
2023-04-29T05:57:45Z,81.0
2023-04-29T05:57:55Z,78.0
2023-04-29T05:58:10Z,78.0
2023-04-29T05:58:20Z,78.0
2023-04-29T05:58:53Z,78.0
2023-04-29T05:59:08Z,78.0
2023-04-29T05:59:13Z,82.0
2023-04-29T05:59:18Z,83.0
2023-04-29T05:59:23Z,83.0
2023-04-29T05:59:28Z,83.0
2023-04-29T05:59:43Z,83.0
2023-04-29T05:59:58Z,83.0
2023-04-29T06:00:13Z,83.0
2023-04-29T06:00:24Z,83.0
2023-04-29T06:00:39Z,83.0
2023-04-29T06:00:44Z,84.0
2023-04-29T06:00:49Z,84.0
2023-04-29T06:01:04Z,84.0
2023-04-29T06:01:19Z,83.0
2023-04-29T06:01:24Z,81.0
2023-04-29T06:01:29Z,81.0
2023-04-29T06:01:34Z,83.0
2023-04-29T06:01:39Z,84.0
2023-04-29T06:01:44Z,85.0
2023-04-29T06:01:49Z,86.0
2023-04-29T06:02:04Z,87.0
2023-04-29T06:02:09Z,88.0
2023-04-29T06:02:19Z,89.0
2023-04-29T06:02:34Z,89.0
2023-04-29T06:02:49Z,89.0
2023-04-29T06:03:04Z,90.0
2023-04-29T06:03:09Z,92.0
2023-04-29T06:03:24Z,92.0
2023-04-29T06:03:29Z,91.0
2023-04-29T06:03:34Z,88.0
2023-04-29T06:03:39Z,87.0
2023-04-29T06:03:54Z,88.0
2023-04-29T06:04:09Z,88.0
2023-04-29T06:04:14Z,84.0
2023-04-29T06:04:29Z,86.0
2023-04-29T06:04:34Z,91.0
2023-04-29T06:04:39Z,94.0
2023-04-29T06:04:44Z,93.0
2023-04-29T06:04:49Z,92.0
2023-04-29T06:04:59Z,89.0
2023-04-29T06:05:04Z,85.0
2023-04-29T06:05:09Z,83.0
2023-04-29T06:05:14Z,82.0
2023-04-29T06:05:19Z,83.0
2023-04-29T06:05:29Z,84.0
2023-04-29T06:05:34Z,83.0
2023-04-29T06:05:39Z,83.0
2023-04-29T06:05:49Z,84.0
2023-04-29T06:05:54Z,83.0
2023-04-29T06:05:59Z,80.0
2023-04-29T06:06:04Z,82.0
2023-04-29T06:06:09Z,84.0
2023-04-29T06:06:19Z,78.0
2023-04-29T06:06:24Z,77.0
2023-04-29T06:06:29Z,78.0
2023-04-29T06:06:34Z,79.0
2023-04-29T06:06:42Z,79.0
2023-04-29T06:06:47Z,80.0
2023-04-29T06:06:57Z,79.0
2023-04-29T06:07:02Z,81.0
2023-04-29T06:07:07Z,81.0
2023-04-29T06:07:12Z,82.0
2023-04-29T06:07:17Z,81.0
2023-04-29T06:07:22Z,77.0
2023-04-29T06:07:27Z,74.0
2023-04-29T06:07:32Z,73.0
2023-04-29T06:07:37Z,74.0
2023-04-29T06:07:42Z,77.0
2023-04-29T06:07:47Z,79.0
2023-04-29T06:07:52Z,80.0
2023-04-29T06:07:57Z,82.0
2023-04-29T06:08:02Z,83.0
2023-04-29T06:08:12Z,84.0
2023-04-29T06:08:18Z,86.0
2023-04-29T06:08:23Z,87.0
2023-04-29T06:08:28Z,88.0
2023-04-29T06:08:33Z,87.0
2023-04-29T06:08:43Z,89.0
2023-04-29T06:08:48Z,92.0
2023-04-29T06:08:53Z,94.0
2023-04-29T06:09:03Z,93.0
2023-04-29T06:09:18Z,93.0
2023-04-29T06:09:23Z,91.0
2023-04-29T06:09:28Z,87.0
2023-04-29T06:09:33Z,82.0
2023-04-29T06:09:43Z,78.0
2023-04-29T06:09:58Z,80.0
2023-04-29T06:10:03Z,82.0
2023-04-29T06:10:08Z,83.0
2023-04-29T06:10:13Z,85.0
2023-04-29T06:10:18Z,86.0
2023-04-29T06:10:33Z,87.0
2023-04-29T06:10:38Z,88.0
2023-04-29T06:10:53Z,88.0
2023-04-29T06:11:08Z,89.0
2023-04-29T06:11:13Z,88.0
2023-04-29T06:11:23Z,87.0
2023-04-29T06:11:33Z,88.0
2023-04-29T06:11:43Z,88.0
2023-04-29T06:11:53Z,87.0
2023-04-29T06:11:58Z,87.0
2023-04-29T06:12:13Z,87.0
2023-04-29T06:12:18Z,88.0
2023-04-29T06:12:33Z,86.0
2023-04-29T06:12:38Z,81.0
2023-04-29T06:12:43Z,82.0
2023-04-29T06:12:48Z,83.0
2023-04-29T06:12:53Z,84.0
2023-04-29T06:13:03Z,82.0
2023-04-29T06:13:13Z,85.0
2023-04-29T06:13:18Z,84.0
2023-04-29T06:13:23Z,85.0
2023-04-29T06:13:28Z,83.0
2023-04-29T06:13:38Z,84.0
2023-04-29T06:13:43Z,85.0
2023-04-29T06:13:48Z,87.0
2023-04-29T06:13:53Z,88.0
2023-04-29T06:13:58Z,87.0
2023-04-29T06:14:13Z,86.0
2023-04-29T06:14:28Z,85.0
2023-04-29T06:14:33Z,82.0
2023-04-29T06:14:43Z,83.0
2023-04-29T06:14:48Z,82.0
2023-04-29T06:14:53Z,81.0
2023-04-29T06:14:58Z,81.0
2023-04-29T06:15:03Z,78.0
2023-04-29T06:15:08Z,78.0
2023-04-29T06:15:13Z,80.0
2023-04-29T06:15:18Z,81.0
2023-04-29T06:15:23Z,83.0
2023-04-29T06:15:28Z,83.0
2023-04-29T06:15:43Z,83.0
2023-04-29T06:15:48Z,82.0
2023-04-29T06:15:53Z,83.0
2023-04-29T06:16:08Z,84.0
2023-04-29T06:16:18Z,82.0
2023-04-29T06:16:23Z,81.0
2023-04-29T06:16:28Z,80.0
2023-04-29T06:16:33Z,81.0
2023-04-29T06:16:38Z,83.0
2023-04-29T06:16:43Z,85.0
2023-04-29T06:16:48Z,87.0
2023-04-29T06:16:53Z,86.0
2023-04-29T06:17:08Z,86.0
2023-04-29T06:17:18Z,84.0
2023-04-29T06:17:23Z,84.0
2023-04-29T06:17:33Z,83.0
2023-04-29T06:17:38Z,83.0
2023-04-29T06:17:43Z,83.0
2023-04-29T06:17:53Z,88.0
2023-04-29T06:17:58Z,92.0
2023-04-29T06:18:03Z,91.0
2023-04-29T06:18:08Z,87.0
2023-04-29T06:18:13Z,85.0
2023-04-29T06:18:18Z,82.0
2023-04-29T06:18:23Z,79.0
2023-04-29T06:18:28Z,74.0
2023-04-29T06:18:38Z,76.0
2023-04-29T06:18:43Z,77.0
2023-04-29T06:18:53Z,78.0
2023-04-29T06:18:58Z,78.0
2023-04-29T06:19:03Z,78.0
2023-04-29T06:19:08Z,79.0
2023-04-29T06:19:13Z,82.0
2023-04-29T06:19:18Z,85.0
2023-04-29T06:19:23Z,86.0
2023-04-29T06:19:28Z,87.0
2023-04-29T06:19:33Z,86.0
2023-04-29T06:19:38Z,85.0
2023-04-29T06:19:43Z,84.0
2023-04-29T06:19:48Z,83.0
2023-04-29T06:19:53Z,82.0
2023-04-29T06:19:58Z,83.0
2023-04-29T06:20:03Z,80.0
2023-04-29T06:20:08Z,80.0
2023-04-29T06:20:13Z,79.0
2023-04-29T06:20:18Z,78.0
2023-04-29T06:20:23Z,77.0
2023-04-29T06:20:28Z,77.0
2023-04-29T06:20:33Z,76.0
2023-04-29T06:20:38Z,75.0
2023-04-29T06:20:43Z,75.0
2023-04-29T06:20:48Z,76.0
2023-04-29T06:20:53Z,77.0
2023-04-29T06:21:08Z,77.0
2023-04-29T06:21:18Z,78.0
2023-04-29T06:21:23Z,78.0
2023-04-29T06:21:28Z,79.0
2023-04-29T06:21:38Z,78.0
2023-04-29T06:21:43Z,77.0
2023-04-29T06:21:53Z,78.0
2023-04-29T06:22:03Z,79.0
2023-04-29T06:22:08Z,79.0
2023-04-29T06:22:13Z,78.0
2023-04-29T06:22:18Z,79.0
2023-04-29T06:22:23Z,80.0
2023-04-29T06:22:28Z,86.0
2023-04-29T06:22:38Z,81.0
2023-04-29T06:22:48Z,77.0
2023-04-29T06:22:53Z,78.0
2023-04-29T06:22:58Z,77.0
2023-04-29T06:23:08Z,79.0
2023-04-29T06:23:18Z,81.0
2023-04-29T06:23:23Z,81.0
2023-04-29T06:23:28Z,79.0
2023-04-29T06:23:33Z,76.0
2023-04-29T06:23:38Z,77.0
2023-04-29T06:23:43Z,79.0
2023-04-29T06:23:48Z,80.0
2023-04-29T06:23:53Z,80.0
2023-04-29T06:23:58Z,79.0
2023-04-29T06:24:03Z,81.0
2023-04-29T06:24:08Z,83.0
2023-04-29T06:24:13Z,86.0
2023-04-29T06:24:28Z,84.0
2023-04-29T06:24:38Z,85.0
2023-04-29T06:24:43Z,84.0
2023-04-29T06:24:48Z,82.0
2023-04-29T06:24:53Z,81.0
2023-04-29T06:25:03Z,82.0
2023-04-29T06:25:18Z,84.0
2023-04-29T06:25:23Z,85.0
2023-04-29T06:25:28Z,86.0
2023-04-29T06:25:33Z,87.0
2023-04-29T06:25:48Z,85.0
2023-04-29T06:25:53Z,83.0
2023-04-29T06:25:58Z,82.0
2023-04-29T06:26:03Z,81.0
2023-04-29T06:26:08Z,82.0
2023-04-29T06:26:18Z,87.0
2023-04-29T06:26:23Z,85.0
2023-04-29T06:26:28Z,81.0
2023-04-29T06:26:33Z,80.0
2023-04-29T06:26:38Z,81.0
2023-04-29T06:26:43Z,82.0
2023-04-29T06:26:48Z,81.0
2023-04-29T06:26:58Z,80.0
2023-04-29T06:27:03Z,81.0
2023-04-29T06:27:08Z,82.0
2023-04-29T06:27:13Z,85.0
2023-04-29T06:27:18Z,86.0
2023-04-29T06:27:28Z,86.0
2023-04-29T06:27:43Z,85.0
2023-04-29T06:27:48Z,83.0
2023-04-29T06:27:53Z,81.0
2023-04-29T06:27:58Z,80.0
2023-04-29T06:28:08Z,81.0
2023-04-29T06:28:13Z,80.0
2023-04-29T06:28:18Z,79.0
2023-04-29T06:28:23Z,78.0
2023-04-29T06:28:28Z,77.0
2023-04-29T06:28:33Z,76.0
2023-04-29T06:28:38Z,73.0
2023-04-29T06:28:43Z,75.0
2023-04-29T06:28:53Z,73.0
2023-04-29T06:29:03Z,76.0
2023-04-29T06:29:08Z,77.0
2023-04-29T06:29:18Z,75.0
2023-04-29T06:29:23Z,74.0
2023-04-29T06:29:33Z,77.0
2023-04-29T06:29:38Z,78.0
2023-04-29T06:29:48Z,77.0
2023-04-29T06:29:53Z,76.0
2023-04-29T06:29:58Z,75.0
2023-04-29T06:30:08Z,73.0
2023-04-29T06:30:13Z,76.0
2023-04-29T06:30:18Z,75.0
2023-04-29T06:30:28Z,77.0
2023-04-29T06:30:33Z,78.0
2023-04-29T06:30:43Z,78.0
2023-04-29T06:30:48Z,80.0
2023-04-29T06:30:53Z,76.0
2023-04-29T06:30:58Z,76.0
2023-04-29T06:31:08Z,77.0
2023-04-29T06:31:13Z,78.0
2023-04-29T06:31:23Z,87.0
2023-04-29T06:31:28Z,88.0
2023-04-29T06:31:33Z,82.0
2023-04-29T06:31:38Z,80.0
2023-04-29T06:31:43Z,76.0
2023-04-29T06:31:48Z,73.0
2023-04-29T06:31:53Z,75.0
2023-04-29T06:31:58Z,76.0
2023-04-29T06:32:03Z,77.0
2023-04-29T06:32:08Z,75.0
2023-04-29T06:32:13Z,73.0
2023-04-29T06:32:18Z,72.0
2023-04-29T06:32:23Z,75.0
2023-04-29T06:32:28Z,75.0
2023-04-29T06:32:38Z,73.0
2023-04-29T06:32:43Z,72.0
2023-04-29T06:32:53Z,73.0
2023-04-29T06:32:58Z,75.0
2023-04-29T06:33:14Z,78.0
2023-04-29T06:33:19Z,81.0
2023-04-29T06:33:24Z,83.0
2023-04-29T06:33:29Z,84.0
2023-04-29T06:33:44Z,84.0
2023-04-29T06:33:49Z,85.0
2023-04-29T06:33:54Z,87.0
2023-04-29T06:34:04Z,88.0
2023-04-29T06:34:09Z,85.0
2023-04-29T06:34:14Z,83.0
2023-04-29T06:34:19Z,80.0
2023-04-29T06:34:34Z,81.0
2023-04-29T06:34:49Z,81.0
2023-04-29T06:34:59Z,82.0
2023-04-29T06:35:04Z,82.0
2023-04-29T06:35:09Z,83.0
2023-04-29T06:35:14Z,80.0
2023-04-29T06:35:19Z,79.0
2023-04-29T06:35:29Z,78.0
2023-04-29T06:35:39Z,77.0
2023-04-29T06:35:44Z,75.0
2023-04-29T06:35:49Z,74.0
2023-04-29T06:36:04Z,74.0
2023-04-29T06:36:09Z,75.0
2023-04-29T06:36:14Z,76.0
2023-04-29T06:36:29Z,76.0
2023-04-29T06:36:34Z,79.0
2023-04-29T06:36:39Z,79.0
2023-04-29T06:36:44Z,77.0
2023-04-29T06:36:59Z,78.0
2023-04-29T06:37:04Z,79.0
2023-04-29T06:37:09Z,78.0
2023-04-29T06:37:14Z,75.0
2023-04-29T06:37:24Z,74.0
2023-04-29T06:37:34Z,72.0
2023-04-29T06:37:39Z,72.0
2023-04-29T06:37:49Z,69.0
2023-04-29T06:38:04Z,68.0
2023-04-29T06:38:09Z,67.0
2023-04-29T06:38:14Z,68.0
2023-04-29T06:38:19Z,69.0
2023-04-29T06:38:34Z,69.0
2023-04-29T06:38:44Z,68.0
2023-04-29T06:38:54Z,69.0
2023-04-29T06:38:59Z,71.0
2023-04-29T06:39:04Z,72.0
2023-04-29T06:39:09Z,73.0
2023-04-29T06:39:14Z,73.0
2023-04-29T06:39:19Z,74.0
2023-04-29T06:39:24Z,73.0
2023-04-29T06:39:29Z,73.0
2023-04-29T06:39:34Z,72.0
2023-04-29T06:39:39Z,71.0
2023-04-29T06:39:44Z,70.0
2023-04-29T06:39:49Z,70.0
2023-04-29T06:39:54Z,69.0
2023-04-29T06:40:09Z,70.0
2023-04-29T06:40:14Z,71.0
2023-04-29T06:40:20Z,72.0
2023-04-29T06:40:30Z,73.0
2023-04-29T06:40:35Z,75.0
2023-04-29T06:40:40Z,74.0
2023-04-29T06:40:55Z,75.0
2023-04-29T06:41:00Z,78.0
2023-04-29T06:41:05Z,83.0
2023-04-29T06:41:10Z,82.0
2023-04-29T06:41:15Z,79.0
2023-04-29T06:41:20Z,78.0
2023-04-29T06:41:35Z,80.0
2023-04-29T06:41:40Z,78.0
2023-04-29T06:41:50Z,75.0
2023-04-29T06:41:55Z,72.0
2023-04-29T06:42:03Z,70.0
2023-04-29T06:42:08Z,68.0
2023-04-29T06:42:13Z,67.0
2023-04-29T06:42:18Z,68.0
2023-04-29T06:42:28Z,67.0
2023-04-29T06:42:43Z,67.0
2023-04-29T06:42:58Z,67.0
2023-04-29T06:43:08Z,68.0
2023-04-29T06:43:23Z,68.0
2023-04-29T06:43:38Z,68.0
2023-04-29T06:43:43Z,67.0
2023-04-29T06:43:48Z,66.0
2023-04-29T06:43:53Z,67.0
2023-04-29T06:43:58Z,68.0
2023-04-29T06:44:08Z,68.0
2023-04-29T06:44:13Z,69.0
2023-04-29T06:44:18Z,70.0
2023-04-29T06:44:23Z,69.0
2023-04-29T06:44:28Z,68.0
2023-04-29T06:44:33Z,71.0
2023-04-29T06:44:38Z,72.0
2023-04-29T06:44:43Z,74.0
2023-04-29T06:44:48Z,75.0
2023-04-29T06:44:58Z,74.0
2023-04-29T06:45:03Z,72.0
2023-04-29T06:45:08Z,71.0
2023-04-29T06:45:13Z,69.0
2023-04-29T06:45:18Z,69.0
2023-04-29T06:45:23Z,71.0
2023-04-29T06:45:28Z,70.0
2023-04-29T06:45:38Z,71.0
2023-04-29T06:45:43Z,73.0
2023-04-29T06:45:48Z,74.0
2023-04-29T06:45:58Z,73.0
2023-04-29T06:46:03Z,70.0
2023-04-29T06:46:08Z,68.0
2023-04-29T06:46:13Z,69.0
2023-04-29T06:46:18Z,71.0
2023-04-29T06:46:23Z,71.0
2023-04-29T06:46:28Z,73.0
2023-04-29T06:46:33Z,71.0
2023-04-29T06:46:38Z,74.0
2023-04-29T06:46:43Z,76.0
2023-04-29T06:46:48Z,79.0
2023-04-29T06:46:53Z,81.0
2023-04-29T06:46:58Z,84.0
2023-04-29T06:47:03Z,86.0
2023-04-29T06:47:08Z,83.0
2023-04-29T06:47:13Z,80.0
2023-04-29T06:47:18Z,77.0
2023-04-29T06:47:23Z,76.0
2023-04-29T06:47:38Z,76.0
2023-04-29T06:47:43Z,74.0
2023-04-29T06:47:48Z,71.0
2023-04-29T06:47:53Z,70.0
2023-04-29T06:48:08Z,68.0
2023-04-29T06:48:13Z,70.0
2023-04-29T06:48:28Z,71.0
2023-04-29T06:48:38Z,72.0
2023-04-29T06:48:53Z,74.0
2023-04-29T06:48:58Z,72.0
2023-04-29T06:49:03Z,70.0
2023-04-29T06:49:13Z,69.0
2023-04-29T06:49:28Z,68.0
2023-04-29T06:49:38Z,67.0
2023-04-29T06:49:53Z,67.0
2023-04-29T06:50:03Z,68.0
2023-04-29T06:50:08Z,68.0
2023-04-29T06:50:13Z,69.0
2023-04-29T06:50:23Z,68.0
2023-04-29T06:50:33Z,69.0
2023-04-29T06:50:48Z,70.0
2023-04-29T06:50:58Z,72.0
2023-04-29T06:51:08Z,71.0
2023-04-29T06:51:18Z,70.0
2023-04-29T06:51:23Z,71.0
2023-04-29T06:51:33Z,72.0
2023-04-29T06:51:48Z,72.0
2023-04-29T06:51:53Z,71.0
2023-04-29T06:51:58Z,69.0
2023-04-29T06:52:03Z,68.0
2023-04-29T06:52:08Z,69.0
2023-04-29T06:52:13Z,70.0
2023-04-29T06:52:18Z,69.0
2023-04-29T06:52:23Z,68.0
2023-04-29T06:52:38Z,70.0
2023-04-29T06:52:53Z,71.0
2023-04-29T06:52:58Z,71.0
2023-04-29T06:53:03Z,70.0
2023-04-29T06:53:08Z,69.0
2023-04-29T06:53:13Z,69.0
2023-04-29T06:53:23Z,70.0
2023-04-29T06:53:28Z,71.0
2023-04-29T06:53:33Z,72.0
2023-04-29T06:53:38Z,71.0
2023-04-29T06:53:43Z,70.0
2023-04-29T06:53:48Z,69.0
2023-04-29T06:53:53Z,68.0
2023-04-29T06:53:58Z,70.0
2023-04-29T06:54:03Z,68.0
2023-04-29T06:54:13Z,67.0
2023-04-29T06:54:19Z,67.0
2023-04-29T06:54:24Z,67.0
2023-04-29T06:54:39Z,69.0
2023-04-29T06:54:44Z,86.0
2023-04-29T06:54:49Z,94.0
2023-04-29T06:54:54Z,93.0
2023-04-29T06:54:59Z,87.0
2023-04-29T06:55:04Z,83.0
2023-04-29T06:55:09Z,77.0
2023-04-29T06:55:14Z,75.0
2023-04-29T06:55:29Z,74.0
2023-04-29T06:55:34Z,71.0
2023-04-29T06:55:39Z,68.0
2023-04-29T06:55:44Z,66.0
2023-04-29T06:55:59Z,66.0
2023-04-29T06:56:04Z,67.0
2023-04-29T06:56:19Z,67.0
2023-04-29T06:56:24Z,68.0
2023-04-29T06:56:29Z,67.0
2023-04-29T06:56:39Z,67.0
2023-04-29T06:56:54Z,67.0
2023-04-29T06:57:09Z,67.0
2023-04-29T06:57:14Z,68.0
2023-04-29T06:57:19Z,67.0
2023-04-29T06:57:24Z,67.0
2023-04-29T06:57:39Z,67.0
2023-04-29T06:57:47Z,67.0
2023-04-29T06:58:02Z,72.0
2023-04-29T06:58:07Z,86.0
2023-04-29T06:58:12Z,85.0
2023-04-29T06:58:17Z,80.0
2023-04-29T06:58:22Z,74.0
2023-04-29T06:58:27Z,74.0
2023-04-29T06:58:32Z,73.0
2023-04-29T06:58:37Z,70.0
2023-04-29T06:58:42Z,69.0
2023-04-29T06:58:47Z,69.0
2023-04-29T06:59:02Z,70.0
2023-04-29T06:59:12Z,69.0
2023-04-29T06:59:17Z,71.0
2023-04-29T06:59:22Z,70.0
2023-04-29T06:59:32Z,69.0
2023-04-29T06:59:42Z,68.0
2023-04-29T06:59:57Z,68.0
2023-04-29T07:00:07Z,68.0
2023-04-29T07:00:17Z,71.0
2023-04-29T07:00:22Z,72.0
2023-04-29T07:00:27Z,70.0
2023-04-29T07:02:20Z,70.0
2023-04-29T07:02:30Z,72.0
2023-04-29T07:02:35Z,87.0
2023-04-29T07:02:40Z,83.0
2023-04-29T07:02:45Z,76.0
2023-04-29T07:02:50Z,74.0
2023-04-29T07:02:55Z,73.0
2023-04-29T07:03:00Z,74.0
2023-04-29T07:03:05Z,75.0
2023-04-29T07:03:10Z,76.0
2023-04-29T07:03:15Z,77.0
2023-04-29T07:03:25Z,76.0
2023-04-29T07:03:30Z,76.0
2023-04-29T07:03:40Z,76.0
2023-04-29T07:03:45Z,75.0
2023-04-29T07:03:55Z,76.0
2023-04-29T07:04:10Z,76.0
2023-04-29T07:08:59Z,70.0
2023-04-29T07:09:09Z,79.0
2023-04-29T07:09:14Z,89.0
2023-04-29T07:09:19Z,86.0
2023-04-29T07:09:24Z,89.0
2023-04-29T07:09:29Z,101.0
2023-04-29T07:09:34Z,103.0
2023-04-29T07:09:39Z,99.0
2023-04-29T07:09:44Z,93.0
2023-04-29T07:09:49Z,89.0
2023-04-29T07:09:54Z,79.0
2023-04-29T07:09:59Z,74.0
2023-04-29T07:10:04Z,70.0
2023-04-29T07:10:09Z,69.0
2023-04-29T07:10:14Z,68.0
2023-04-29T07:10:29Z,68.0
2023-04-29T07:10:44Z,69.0
2023-04-29T07:10:49Z,70.0
2023-04-29T07:10:59Z,69.0
2023-04-29T07:11:04Z,68.0
2023-04-29T07:11:14Z,69.0
2023-04-29T07:11:19Z,68.0
2023-04-29T07:11:34Z,68.0
2023-04-29T07:11:39Z,68.0
2023-04-29T07:11:44Z,69.0
2023-04-29T07:11:54Z,68.0
2023-04-29T07:11:59Z,70.0
2023-04-29T07:12:04Z,71.0
2023-04-29T07:12:09Z,70.0
2023-04-29T07:12:19Z,72.0
2023-04-29T07:12:24Z,86.0
2023-04-29T07:12:29Z,88.0
2023-04-29T07:12:44Z,90.0
2023-04-29T07:12:54Z,87.0
2023-04-29T07:12:59Z,86.0
2023-04-29T07:13:04Z,87.0
2023-04-29T07:13:14Z,86.0
2023-04-29T07:13:29Z,85.0
2023-04-29T07:13:34Z,83.0
2023-04-29T07:13:45Z,83.0
2023-04-29T07:13:55Z,81.0
2023-04-29T07:14:00Z,79.0
2023-04-29T07:14:05Z,77.0
2023-04-29T07:14:10Z,76.0
2023-04-29T07:14:25Z,76.0
2023-04-29T07:14:30Z,77.0
2023-04-29T07:14:35Z,78.0
2023-04-29T07:14:45Z,78.0
2023-04-29T07:14:50Z,79.0
2023-04-29T07:15:00Z,81.0
2023-04-29T07:15:05Z,82.0
2023-04-29T07:15:10Z,93.0
2023-04-29T07:15:15Z,95.0
2023-04-29T07:15:20Z,96.0
2023-04-29T07:15:25Z,98.0
2023-04-29T07:15:35Z,99.0
2023-04-29T07:15:45Z,100.0
2023-04-29T07:15:50Z,102.0
2023-04-29T07:16:05Z,102.0
2023-04-29T07:16:20Z,102.0
2023-04-29T07:16:25Z,103.0
2023-04-29T07:16:30Z,106.0
2023-04-29T07:16:35Z,105.0
2023-04-29T07:16:45Z,109.0
2023-04-29T07:16:50Z,111.0
2023-04-29T07:16:55Z,110.0
2023-04-29T07:17:00Z,109.0
2023-04-29T07:17:05Z,106.0
2023-04-29T07:17:15Z,109.0
2023-04-29T07:17:20Z,106.0
2023-04-29T07:17:25Z,102.0
2023-04-29T07:17:35Z,100.0
2023-04-29T07:17:40Z,99.0
2023-04-29T07:17:45Z,97.0
2023-04-29T07:17:50Z,96.0
2023-04-29T07:18:00Z,95.0
2023-04-29T07:18:10Z,92.0
2023-04-29T07:18:15Z,90.0
2023-04-29T07:18:25Z,89.0
2023-04-29T07:18:30Z,88.0
2023-04-29T07:18:40Z,89.0
2023-04-29T07:18:45Z,88.0
2023-04-29T07:18:50Z,87.0
2023-04-29T07:18:55Z,86.0
2023-04-29T07:19:00Z,84.0
2023-04-29T07:19:05Z,82.0
2023-04-29T07:19:15Z,83.0
2023-04-29T07:19:20Z,82.0
2023-04-29T07:19:35Z,83.0
2023-04-29T07:19:45Z,82.0
2023-04-29T07:19:50Z,81.0
2023-04-29T07:19:55Z,82.0
2023-04-29T07:20:00Z,82.0
2023-04-29T07:20:10Z,83.0
2023-04-29T07:20:15Z,84.0
2023-04-29T07:20:25Z,86.0
2023-04-29T07:20:30Z,85.0
2023-04-29T07:20:35Z,84.0
2023-04-29T07:20:40Z,86.0
2023-04-29T07:20:45Z,91.0
2023-04-29T07:21:00Z,91.0
2023-04-29T07:21:05Z,90.0
2023-04-29T07:21:20Z,87.0
2023-04-29T07:21:30Z,86.0
2023-04-29T07:21:40Z,85.0
2023-04-29T07:21:46Z,85.0
2023-04-29T07:21:51Z,87.0
2023-04-29T07:21:56Z,88.0
2023-04-29T07:22:01Z,89.0
2023-04-29T07:22:11Z,88.0
2023-04-29T07:22:16Z,87.0
2023-04-29T07:22:31Z,86.0
2023-04-29T07:22:36Z,83.0
2023-04-29T07:22:51Z,86.0
2023-04-29T07:23:06Z,86.0
2023-04-29T07:23:11Z,84.0
2023-04-29T07:23:16Z,82.0
2023-04-29T07:23:21Z,81.0
2023-04-29T07:23:26Z,80.0
2023-04-29T07:23:36Z,78.0
2023-04-29T07:23:41Z,77.0
2023-04-29T07:23:46Z,82.0
2023-04-29T07:23:51Z,83.0
2023-04-29T07:23:56Z,84.0
2023-04-29T07:24:01Z,86.0
2023-04-29T07:24:06Z,88.0
2023-04-29T07:24:11Z,92.0
2023-04-29T07:24:16Z,95.0
2023-04-29T07:24:21Z,96.0
2023-04-29T07:24:31Z,98.0
2023-04-29T07:24:36Z,99.0
2023-04-29T07:24:41Z,102.0
2023-04-29T07:24:46Z,108.0
2023-04-29T07:24:51Z,119.0
2023-04-29T07:24:56Z,120.0
2023-04-29T07:25:01Z,121.0
2023-04-29T07:25:11Z,118.0
2023-04-29T07:25:16Z,112.0
2023-04-29T07:25:21Z,109.0
2023-04-29T07:25:36Z,109.0
2023-04-29T07:25:46Z,110.0
2023-04-29T07:26:01Z,103.0
2023-04-29T07:26:06Z,93.0
2023-04-29T07:26:11Z,94.0
2023-04-29T07:26:16Z,92.0
2023-04-29T07:26:21Z,90.0
2023-04-29T07:26:26Z,89.0
2023-04-29T07:26:36Z,91.0
2023-04-29T07:26:41Z,92.0
2023-04-29T07:26:46Z,91.0
2023-04-29T07:26:51Z,87.0
2023-04-29T07:27:01Z,86.0
2023-04-29T07:27:06Z,86.0
2023-04-29T07:27:11Z,83.0
2023-04-29T07:27:16Z,81.0
2023-04-29T07:27:21Z,78.0
2023-04-29T07:27:26Z,77.0
2023-04-29T07:27:31Z,78.0
2023-04-29T07:27:41Z,77.0
2023-04-29T07:27:46Z,76.0
2023-04-29T07:27:51Z,75.0
2023-04-29T07:27:56Z,76.0
2023-04-29T07:28:01Z,77.0
2023-04-29T07:28:06Z,76.0
2023-04-29T07:28:21Z,75.0
2023-04-29T07:28:31Z,76.0
2023-04-29T07:28:36Z,77.0
2023-04-29T07:28:41Z,78.0
2023-04-29T07:28:46Z,79.0
2023-04-29T07:29:01Z,80.0
2023-04-29T07:29:11Z,81.0
2023-04-29T07:29:16Z,82.0
2023-04-29T07:29:21Z,81.0
2023-04-29T07:29:26Z,82.0
2023-04-29T07:29:31Z,83.0
2023-04-29T07:29:47Z,83.0
2023-04-29T07:29:52Z,82.0
2023-04-29T07:30:02Z,84.0
2023-04-29T07:30:07Z,83.0
2023-04-29T07:30:22Z,84.0
2023-04-29T07:30:27Z,82.0
2023-04-29T07:30:37Z,68.0
2023-04-29T07:30:42Z,64.0
2023-04-29T07:30:47Z,65.0
2023-04-29T07:30:52Z,69.0
2023-04-29T07:30:57Z,71.0
2023-04-29T07:31:02Z,72.0
2023-04-29T07:31:12Z,71.0
2023-04-29T07:31:17Z,69.0
2023-04-29T07:31:27Z,70.0
2023-04-29T07:31:37Z,69.0
2023-04-29T07:31:42Z,68.0
2023-04-29T07:31:47Z,67.0
2023-04-29T07:31:57Z,66.0
2023-04-29T07:33:44Z,70.0
2023-04-29T07:33:49Z,71.0
2023-04-29T07:33:54Z,72.0
2023-04-29T07:33:59Z,67.0
2023-04-29T07:34:14Z,67.0
2023-04-29T07:34:19Z,66.0
2023-04-29T07:34:24Z,65.0
2023-04-29T07:34:29Z,67.0
2023-04-29T07:34:44Z,66.0
2023-04-29T07:34:54Z,67.0
2023-04-29T07:34:59Z,66.0
2023-04-29T07:35:04Z,65.0
2023-04-29T07:35:19Z,64.0
2023-04-29T07:35:29Z,65.0
2023-04-29T07:35:44Z,65.0
2023-04-29T07:35:59Z,65.0
2023-04-29T07:36:14Z,65.0
2023-04-29T07:36:29Z,65.0
2023-04-29T07:36:44Z,65.0
2023-04-29T07:36:49Z,64.0
2023-04-29T07:37:04Z,64.0
2023-04-29T07:37:19Z,64.0
2023-04-29T07:37:34Z,64.0
2023-04-29T07:37:49Z,64.0
2023-04-29T07:37:59Z,64.0
2023-04-29T07:38:04Z,64.0
2023-04-29T07:38:19Z,64.0
2023-04-29T07:38:24Z,64.0
2023-04-29T07:38:39Z,64.0
2023-04-29T07:38:54Z,64.0
2023-04-29T07:39:09Z,64.0
2023-04-29T07:39:24Z,64.0
2023-04-29T07:39:39Z,64.0
2023-04-29T07:39:44Z,65.0
2023-04-29T07:39:59Z,65.0
2023-04-29T07:40:04Z,64.0
2023-04-29T07:40:19Z,64.0
2023-04-29T07:40:24Z,63.0
2023-04-29T07:40:34Z,64.0
2023-04-29T07:40:49Z,65.0
2023-04-29T07:40:59Z,64.0
2023-04-29T07:41:14Z,64.0
2023-04-29T07:41:19Z,67.0
2023-04-29T07:41:29Z,66.0
2023-04-29T07:41:44Z,65.0
2023-04-29T07:41:54Z,64.0
2023-04-29T07:42:09Z,64.0
2023-04-29T07:42:24Z,64.0
2023-04-29T07:42:39Z,64.0
2023-04-29T07:42:54Z,64.0
2023-04-29T07:43:09Z,64.0
2023-04-29T07:43:24Z,64.0
2023-04-29T07:43:39Z,64.0
2023-04-29T07:43:54Z,64.0
2023-04-29T07:43:59Z,64.0
2023-04-29T07:44:04Z,63.0
2023-04-29T07:44:19Z,63.0
2023-04-29T07:44:24Z,64.0
2023-04-29T07:44:34Z,63.0
2023-04-29T07:44:44Z,65.0
2023-04-29T07:44:49Z,64.0
2023-04-29T07:45:04Z,63.0
2023-04-29T07:45:14Z,64.0
2023-04-29T07:45:24Z,63.0
2023-04-29T07:45:29Z,64.0
2023-04-29T07:45:34Z,63.0
2023-04-29T07:45:45Z,63.0
2023-04-29T07:46:00Z,64.0
2023-04-29T07:46:15Z,64.0
2023-04-29T07:46:30Z,63.0
2023-04-29T07:46:45Z,63.0
2023-04-29T07:47:00Z,63.0
2023-04-29T07:47:15Z,63.0
2023-04-29T07:47:30Z,63.0
2023-04-29T07:47:45Z,63.0
2023-04-29T07:48:00Z,63.0
2023-04-29T07:48:15Z,63.0
2023-04-29T07:48:30Z,64.0
2023-04-29T07:48:45Z,64.0
2023-04-29T07:49:00Z,63.0
2023-04-29T07:49:15Z,63.0
2023-04-29T07:49:25Z,64.0
2023-04-29T07:49:35Z,63.0
2023-04-29T07:49:50Z,63.0
2023-04-29T07:50:05Z,63.0
2023-04-29T07:50:26Z,63.0
2023-04-29T07:50:36Z,64.0
2023-04-29T07:50:51Z,64.0
2023-04-29T07:51:06Z,63.0
2023-04-29T07:51:21Z,63.0
2023-04-29T07:51:36Z,63.0
2023-04-29T07:51:51Z,63.0
2023-04-29T07:51:56Z,64.0
2023-04-29T07:52:01Z,63.0
2023-04-29T07:52:16Z,63.0
2023-04-29T07:52:31Z,64.0
2023-04-29T07:52:46Z,63.0
2023-04-29T07:53:01Z,63.0
2023-04-29T07:53:16Z,63.0
2023-04-29T07:53:31Z,63.0
2023-04-29T07:53:46Z,63.0
2023-04-29T07:53:56Z,64.0
2023-04-29T07:54:01Z,63.0
2023-04-29T07:54:16Z,63.0
2023-04-29T07:54:31Z,63.0
2023-04-29T07:54:46Z,63.0
2023-04-29T07:55:01Z,63.0
2023-04-29T07:55:16Z,63.0
2023-04-29T07:55:31Z,63.0
2023-04-29T07:55:46Z,64.0
2023-04-29T07:55:51Z,63.0
2023-04-29T07:56:06Z,63.0
2023-04-29T07:56:11Z,63.0
2023-04-29T07:56:21Z,64.0
2023-04-29T07:56:26Z,63.0
2023-04-29T07:56:41Z,63.0
2023-04-29T07:56:56Z,64.0
2023-04-29T07:57:06Z,63.0
2023-04-29T07:57:21Z,63.0
2023-04-29T07:57:26Z,63.0
2023-04-29T07:57:36Z,65.0
2023-04-29T07:57:41Z,64.0
2023-04-29T07:57:46Z,63.0
2023-04-29T07:58:01Z,63.0
2023-04-29T07:58:16Z,62.0
2023-04-29T07:58:26Z,63.0
2023-04-29T07:58:41Z,63.0
2023-04-29T07:58:56Z,63.0
2023-04-29T07:59:01Z,64.0
2023-04-29T07:59:06Z,63.0
2023-04-29T07:59:21Z,63.0
2023-04-29T07:59:36Z,63.0
2023-04-29T07:59:46Z,62.0
2023-04-29T07:59:56Z,63.0
2023-04-29T08:00:11Z,63.0
2023-04-29T08:00:26Z,63.0
2023-04-29T08:00:41Z,63.0
2023-04-29T08:00:56Z,63.0
2023-04-29T08:01:11Z,63.0
2023-04-29T08:01:16Z,63.0
2023-04-29T08:01:31Z,63.0
2023-04-29T08:01:46Z,64.0
2023-04-29T08:02:01Z,64.0
2023-04-29T08:02:06Z,63.0
2023-04-29T08:02:16Z,64.0
2023-04-29T08:02:31Z,65.0
2023-04-29T08:02:46Z,64.0
2023-04-29T08:02:56Z,63.0
2023-04-29T08:03:11Z,62.0
2023-04-29T08:03:21Z,63.0
2023-04-29T08:03:26Z,64.0
2023-04-29T08:03:31Z,63.0
2023-04-29T08:03:49Z,64.0
2023-04-29T08:04:04Z,63.0
2023-04-29T08:04:09Z,64.0
2023-04-29T08:04:14Z,63.0
2023-04-29T08:04:20Z,62.0
2023-04-29T08:04:25Z,63.0
2023-04-29T08:04:35Z,62.0
2023-04-29T08:04:40Z,63.0
2023-04-29T08:04:45Z,64.0
2023-04-29T08:04:50Z,65.0
2023-04-29T08:05:05Z,65.0
2023-04-29T08:05:20Z,65.0
2023-04-29T08:05:30Z,64.0
2023-04-29T08:05:35Z,63.0
2023-04-29T08:05:50Z,62.0
2023-04-29T08:06:05Z,62.0
2023-04-29T08:06:10Z,63.0
2023-04-29T08:06:15Z,64.0
2023-04-29T08:06:30Z,64.0
2023-04-29T08:06:35Z,63.0
2023-04-29T08:06:40Z,62.0
2023-04-29T08:06:45Z,63.0
2023-04-29T08:06:55Z,64.0
2023-04-29T08:07:10Z,64.0
2023-04-29T08:07:15Z,63.0
2023-04-29T08:07:20Z,62.0
2023-04-29T08:07:25Z,63.0
2023-04-29T08:07:30Z,64.0
2023-04-29T08:07:40Z,63.0
2023-04-29T08:07:45Z,62.0
2023-04-29T08:08:00Z,62.0
2023-04-29T08:08:05Z,63.0
2023-04-29T08:08:10Z,64.0
2023-04-29T08:08:15Z,64.0
2023-04-29T08:08:20Z,63.0
2023-04-29T08:08:35Z,63.0
2023-04-29T08:08:50Z,62.0
2023-04-29T08:09:05Z,62.0
2023-04-29T08:09:20Z,62.0
2023-04-29T08:09:25Z,63.0
2023-04-29T08:09:40Z,63.0
2023-04-29T08:09:50Z,62.0
2023-04-29T08:10:05Z,62.0
2023-04-29T08:10:20Z,62.0
2023-04-29T08:10:35Z,63.0
2023-04-29T08:10:50Z,63.0
2023-04-29T08:10:55Z,64.0
2023-04-29T08:11:00Z,63.0
2023-04-29T08:11:05Z,64.0
2023-04-29T08:11:20Z,63.0
2023-04-29T08:11:35Z,63.0
2023-04-29T08:11:40Z,62.0
2023-04-29T08:11:50Z,63.0
2023-04-29T08:12:05Z,63.0
2023-04-29T08:12:15Z,62.0
2023-04-29T08:12:20Z,63.0
2023-04-29T08:12:30Z,64.0
2023-04-29T08:12:45Z,63.0
2023-04-29T08:12:50Z,62.0
2023-04-29T08:13:05Z,62.0
2023-04-29T08:13:15Z,63.0
2023-04-29T08:13:25Z,64.0
2023-04-29T08:13:30Z,63.0
2023-04-29T08:13:45Z,62.0
2023-04-29T08:13:55Z,63.0
2023-04-29T08:14:10Z,63.0
2023-04-29T08:14:15Z,64.0
2023-04-29T08:14:20Z,63.0
2023-04-29T08:14:25Z,62.0
2023-04-29T08:14:30Z,63.0
2023-04-29T08:14:35Z,65.0
2023-04-29T08:14:40Z,64.0
2023-04-29T08:14:45Z,63.0
2023-04-29T08:14:50Z,64.0
2023-04-29T08:15:05Z,64.0
2023-04-29T08:15:10Z,62.0
2023-04-29T08:15:20Z,63.0
2023-04-29T08:15:25Z,62.0
2023-04-29T08:15:40Z,62.0
2023-04-29T08:15:55Z,62.0
2023-04-29T08:16:10Z,62.0
2023-04-29T08:16:25Z,63.0
2023-04-29T08:16:40Z,63.0
2023-04-29T08:16:55Z,63.0
2023-04-29T08:17:00Z,64.0
2023-04-29T08:17:05Z,64.0
2023-04-29T08:17:10Z,63.0
2023-04-29T08:17:15Z,62.0
2023-04-29T08:17:30Z,62.0
2023-04-29T08:17:40Z,63.0
2023-04-29T08:17:45Z,62.0
2023-04-29T08:18:00Z,62.0
2023-04-29T08:18:15Z,62.0
2023-04-29T08:18:20Z,63.0
2023-04-29T08:18:30Z,64.0
2023-04-29T08:18:35Z,63.0
2023-04-29T08:18:40Z,64.0
2023-04-29T08:18:50Z,64.0
2023-04-29T08:18:55Z,65.0
2023-04-29T08:19:00Z,65.0
2023-04-29T08:19:05Z,64.0
2023-04-29T08:19:20Z,64.0
2023-04-29T08:19:35Z,63.0
2023-04-29T08:19:40Z,62.0
2023-04-29T08:19:55Z,62.0
2023-04-29T08:20:00Z,63.0
2023-04-29T08:20:10Z,62.0
2023-04-29T08:20:25Z,62.0
2023-04-29T08:20:35Z,63.0
2023-04-29T08:20:50Z,63.0
2023-04-29T08:20:55Z,62.0
2023-04-29T08:21:10Z,62.0
2023-04-29T08:21:15Z,62.0
2023-04-29T08:21:20Z,63.0
2023-04-29T08:21:26Z,63.0
2023-04-29T08:21:41Z,63.0
2023-04-29T08:21:56Z,63.0
2023-04-29T08:22:07Z,62.0
2023-04-29T08:22:22Z,62.0
2023-04-29T08:22:37Z,62.0
2023-04-29T08:22:52Z,62.0
2023-04-29T08:23:07Z,62.0
2023-04-29T08:23:22Z,62.0
2023-04-29T08:23:27Z,64.0
2023-04-29T08:23:42Z,64.0
2023-04-29T08:23:47Z,63.0
2023-04-29T08:23:57Z,64.0
2023-04-29T08:24:07Z,63.0
2023-04-29T08:24:22Z,64.0
2023-04-29T08:24:27Z,65.0
2023-04-29T08:24:32Z,64.0
2023-04-29T08:24:47Z,64.0
2023-04-29T08:24:57Z,65.0
2023-04-29T08:25:02Z,64.0
2023-04-29T08:25:07Z,63.0
2023-04-29T08:25:17Z,64.0
2023-04-29T08:25:32Z,65.0
2023-04-29T08:25:42Z,66.0
2023-04-29T08:25:47Z,65.0
2023-04-29T08:25:52Z,64.0
2023-04-29T08:26:02Z,63.0
2023-04-29T08:26:13Z,63.0
2023-04-29T08:26:28Z,63.0
2023-04-29T08:26:33Z,64.0
2023-04-29T08:26:38Z,65.0
2023-04-29T08:26:48Z,64.0
2023-04-29T08:26:58Z,63.0
2023-04-29T08:27:03Z,62.0
2023-04-29T08:27:08Z,61.0
2023-04-29T08:27:18Z,62.0
2023-04-29T08:27:23Z,63.0
2023-04-29T08:27:38Z,64.0
2023-04-29T08:27:53Z,63.0
2023-04-29T08:28:08Z,64.0
2023-04-29T08:28:23Z,64.0
2023-04-29T08:28:38Z,64.0
2023-04-29T08:28:43Z,65.0
2023-04-29T08:28:48Z,66.0
2023-04-29T08:28:53Z,65.0
2023-04-29T08:28:58Z,62.0
2023-04-29T08:29:08Z,63.0
2023-04-29T08:29:13Z,64.0
2023-04-29T08:29:23Z,65.0
2023-04-29T08:29:38Z,65.0
2023-04-29T08:29:43Z,64.0
2023-04-29T08:29:53Z,65.0
2023-04-29T08:29:58Z,67.0
2023-04-29T08:30:03Z,65.0
2023-04-29T08:30:08Z,64.0
2023-04-29T08:30:23Z,65.0
2023-04-29T08:30:28Z,64.0
2023-04-29T08:30:33Z,63.0
2023-04-29T08:30:38Z,64.0
2023-04-29T08:30:53Z,63.0
2023-04-29T08:30:58Z,64.0
2023-04-29T08:31:08Z,65.0
2023-04-29T08:31:23Z,65.0
2023-04-29T08:31:28Z,65.0
2023-04-29T08:31:33Z,62.0
2023-04-29T08:31:38Z,61.0
2023-04-29T08:31:53Z,62.0
2023-04-29T08:32:08Z,63.0
2023-04-29T08:32:18Z,62.0
2023-04-29T08:32:28Z,63.0
2023-04-29T08:32:33Z,63.0
2023-04-29T08:32:38Z,62.0
2023-04-29T08:32:43Z,61.0
2023-04-29T08:32:53Z,62.0
2023-04-29T08:33:03Z,63.0
2023-04-29T08:33:18Z,62.0
2023-04-29T08:33:28Z,63.0
2023-04-29T08:33:38Z,64.0
2023-04-29T08:33:43Z,63.0
2023-04-29T08:33:48Z,62.0
2023-04-29T08:34:03Z,63.0
2023-04-29T08:34:08Z,63.0
2023-04-29T08:34:23Z,62.0
2023-04-29T08:34:38Z,62.0
2023-04-29T08:34:53Z,62.0
2023-04-29T08:34:58Z,63.0
2023-04-29T08:35:13Z,62.0
2023-04-29T08:35:18Z,63.0
2023-04-29T08:35:28Z,62.0
2023-04-29T08:35:33Z,63.0
2023-04-29T08:35:38Z,62.0
2023-04-29T08:35:53Z,62.0
2023-04-29T08:35:58Z,61.0
2023-04-29T08:36:13Z,62.0
2023-04-29T08:36:18Z,63.0
2023-04-29T08:36:33Z,62.0
2023-04-29T08:36:48Z,63.0
2023-04-29T08:37:03Z,63.0
2023-04-29T08:37:08Z,62.0
2023-04-29T08:37:18Z,63.0
2023-04-29T08:37:23Z,62.0
2023-04-29T08:37:45Z,62.0
2023-04-29T08:37:55Z,63.0
2023-04-29T08:38:10Z,63.0
2023-04-29T08:38:25Z,63.0
2023-04-29T08:38:35Z,64.0
2023-04-29T08:38:45Z,63.0
2023-04-29T08:38:55Z,62.0
2023-04-29T08:39:00Z,63.0
2023-04-29T08:39:05Z,62.0
2023-04-29T08:39:20Z,62.0
2023-04-29T08:39:25Z,63.0
2023-04-29T08:39:40Z,63.0
2023-04-29T08:39:55Z,63.0
2023-04-29T08:40:00Z,62.0
2023-04-29T08:40:15Z,62.0
2023-04-29T08:40:30Z,62.0
2023-04-29T08:40:45Z,62.0
2023-04-29T08:41:00Z,62.0
2023-04-29T08:41:15Z,62.0
2023-04-29T08:41:20Z,63.0
2023-04-29T08:41:25Z,62.0
2023-04-29T08:41:40Z,62.0
2023-04-29T08:41:55Z,63.0
2023-04-29T08:42:10Z,62.0
2023-04-29T08:42:25Z,62.0
2023-04-29T08:42:30Z,63.0
2023-04-29T08:42:40Z,62.0
2023-04-29T08:42:45Z,63.0
2023-04-29T08:42:50Z,62.0
2023-04-29T08:43:05Z,62.0
2023-04-29T08:43:10Z,64.0
2023-04-29T08:43:20Z,63.0
2023-04-29T08:43:25Z,62.0
2023-04-29T08:43:40Z,63.0
2023-04-29T08:43:45Z,64.0
2023-04-29T08:43:50Z,63.0
2023-04-29T08:43:55Z,64.0
2023-04-29T08:44:00Z,64.0
2023-04-29T08:44:05Z,63.0
2023-04-29T08:44:20Z,64.0
2023-04-29T08:44:25Z,63.0
2023-04-29T08:44:40Z,62.0
2023-04-29T08:44:55Z,62.0
2023-04-29T08:45:10Z,62.0
2023-04-29T08:45:20Z,61.0
2023-04-29T08:45:35Z,61.0
2023-04-29T08:45:50Z,61.0
2023-04-29T08:45:55Z,62.0
2023-04-29T08:46:10Z,62.0
2023-04-29T08:46:25Z,62.0
2023-04-29T08:46:35Z,61.0
2023-04-29T08:46:50Z,62.0
2023-04-29T08:47:05Z,61.0
2023-04-29T08:47:20Z,62.0
2023-04-29T08:47:25Z,61.0
2023-04-29T08:47:40Z,62.0
2023-04-29T08:47:55Z,62.0
2023-04-29T08:48:00Z,61.0
2023-04-29T08:48:06Z,61.0
2023-04-29T08:48:16Z,62.0
2023-04-29T08:48:31Z,62.0
2023-04-29T08:48:46Z,62.0
2023-04-29T08:49:01Z,62.0
2023-04-29T08:49:11Z,61.0
2023-04-29T08:49:21Z,62.0
2023-04-29T08:49:36Z,62.0
2023-04-29T08:49:51Z,62.0
2023-04-29T08:50:06Z,62.0
2023-04-29T08:50:16Z,65.0
2023-04-29T08:50:21Z,63.0
2023-04-29T08:50:26Z,62.0
2023-04-29T08:50:41Z,62.0
2023-04-29T08:50:46Z,63.0
2023-04-29T08:50:56Z,63.0
2023-04-29T08:51:01Z,64.0
2023-04-29T08:51:06Z,65.0
2023-04-29T08:51:21Z,65.0
2023-04-29T08:51:26Z,66.0
2023-04-29T08:51:31Z,66.0
2023-04-29T08:51:36Z,85.0
2023-04-29T08:51:41Z,96.0
2023-04-29T08:51:46Z,99.0
2023-04-29T08:51:51Z,98.0
2023-04-29T08:51:56Z,97.0
2023-04-29T08:52:01Z,93.0
2023-04-29T08:52:06Z,89.0
2023-04-29T08:52:21Z,89.0
2023-04-29T08:52:26Z,91.0
2023-04-29T08:52:31Z,94.0
2023-04-29T08:52:46Z,92.0
2023-04-29T08:52:51Z,93.0
2023-04-29T08:52:56Z,90.0
2023-04-29T08:53:01Z,84.0
2023-04-29T08:53:06Z,82.0
2023-04-29T08:53:11Z,78.0
2023-04-29T08:53:16Z,77.0
2023-04-29T08:53:26Z,80.0
2023-04-29T08:53:31Z,79.0
2023-04-29T08:53:36Z,82.0
2023-04-29T08:53:41Z,80.0
2023-04-29T08:53:47Z,77.0
2023-04-29T08:53:52Z,79.0
2023-04-29T08:53:57Z,81.0
2023-04-29T08:54:07Z,79.0
2023-04-29T08:54:12Z,77.0
2023-04-29T08:54:27Z,75.0
2023-04-29T08:54:32Z,74.0
2023-04-29T08:54:37Z,74.0
2023-04-29T08:54:47Z,76.0
2023-04-29T08:54:52Z,77.0
2023-04-29T08:55:02Z,78.0
2023-04-29T08:55:07Z,74.0
2023-04-29T08:55:12Z,71.0
2023-04-29T08:55:17Z,72.0
2023-04-29T08:55:27Z,74.0
2023-04-29T08:55:32Z,76.0
2023-04-29T08:55:37Z,79.0
2023-04-29T08:55:42Z,80.0
2023-04-29T08:55:47Z,76.0
2023-04-29T08:55:52Z,73.0
2023-04-29T08:55:57Z,72.0
2023-04-29T08:56:02Z,73.0
2023-04-29T08:56:07Z,72.0
2023-04-29T08:56:12Z,73.0
2023-04-29T08:56:22Z,70.0
2023-04-29T08:56:32Z,69.0
2023-04-29T08:56:42Z,70.0
2023-04-29T08:56:47Z,71.0
2023-04-29T08:57:02Z,71.0
2023-04-29T08:57:17Z,73.0
2023-04-29T08:57:27Z,73.0
2023-04-29T08:57:32Z,78.0
2023-04-29T08:57:37Z,75.0
2023-04-29T08:57:42Z,70.0
2023-04-29T08:57:47Z,68.0
2023-04-29T08:57:52Z,67.0
2023-04-29T08:58:02Z,68.0
2023-04-29T08:58:07Z,69.0
2023-04-29T08:58:12Z,71.0
2023-04-29T08:58:17Z,72.0
2023-04-29T08:58:22Z,69.0
2023-04-29T08:58:27Z,68.0
2023-04-29T08:58:32Z,66.0
2023-04-29T08:58:37Z,67.0
2023-04-29T08:58:42Z,71.0
2023-04-29T08:58:47Z,68.0
2023-04-29T08:58:52Z,68.0
2023-04-29T08:58:57Z,69.0
2023-04-29T08:59:07Z,66.0
2023-04-29T08:59:12Z,67.0
2023-04-29T08:59:17Z,66.0
2023-04-29T08:59:22Z,67.0
2023-04-29T08:59:32Z,68.0
2023-04-29T08:59:37Z,69.0
2023-04-29T08:59:42Z,71.0
2023-04-29T08:59:47Z,73.0
2023-04-29T08:59:52Z,74.0
2023-04-29T08:59:57Z,71.0
2023-04-29T09:00:02Z,67.0
2023-04-29T09:00:07Z,66.0
2023-04-29T09:00:17Z,65.0
2023-04-29T09:00:27Z,66.0
2023-04-29T09:00:42Z,67.0
2023-04-29T09:00:47Z,67.0
2023-04-29T09:00:52Z,68.0
2023-04-29T09:00:57Z,69.0
2023-04-29T09:01:02Z,68.0
2023-04-29T09:01:07Z,69.0
2023-04-29T09:01:12Z,68.0
2023-04-29T09:01:27Z,69.0
2023-04-29T09:01:42Z,71.0
2023-04-29T09:01:47Z,70.0
2023-04-29T09:01:52Z,67.0
2023-04-29T09:01:57Z,68.0
2023-04-29T09:02:02Z,69.0
2023-04-29T09:02:07Z,72.0
2023-04-29T09:02:12Z,75.0
2023-04-29T09:02:17Z,74.0
2023-04-29T09:02:22Z,72.0
2023-04-29T09:02:27Z,70.0
2023-04-29T09:02:32Z,69.0
2023-04-29T09:02:37Z,70.0
2023-04-29T09:02:42Z,72.0
2023-04-29T09:02:47Z,73.0
2023-04-29T09:02:52Z,77.0
2023-04-29T09:02:57Z,80.0
2023-04-29T09:03:07Z,79.0
2023-04-29T09:03:12Z,75.0
2023-04-29T09:03:17Z,72.0
2023-04-29T09:03:22Z,73.0
2023-04-29T09:03:27Z,78.0
2023-04-29T09:03:32Z,77.0
2023-04-29T09:03:37Z,74.0
2023-04-29T09:03:42Z,71.0
2023-04-29T09:03:52Z,72.0
2023-04-29T09:04:02Z,71.0
2023-04-29T09:04:07Z,70.0
2023-04-29T09:04:17Z,69.0
2023-04-29T09:04:27Z,71.0
2023-04-29T09:04:37Z,70.0
2023-04-29T09:04:42Z,69.0
2023-04-29T09:04:47Z,68.0
2023-04-29T09:04:57Z,67.0
2023-04-29T09:05:02Z,66.0
2023-04-29T09:05:17Z,67.0
2023-04-29T09:05:22Z,69.0
2023-04-29T09:05:27Z,72.0
2023-04-29T09:05:32Z,74.0
2023-04-29T09:05:37Z,75.0
2023-04-29T09:05:42Z,71.0
2023-04-29T09:05:47Z,68.0
2023-04-29T09:06:02Z,68.0
2023-04-29T09:06:07Z,68.0
2023-04-29T09:06:12Z,73.0
2023-04-29T09:06:17Z,72.0
2023-04-29T09:06:22Z,70.0
2023-04-29T09:06:27Z,71.0
2023-04-29T09:06:37Z,69.0
2023-04-29T09:06:47Z,70.0
2023-04-29T09:06:52Z,72.0
2023-04-29T09:06:57Z,73.0
2023-04-29T09:07:02Z,75.0
2023-04-29T09:07:07Z,77.0
2023-04-29T09:07:12Z,74.0
2023-04-29T09:07:18Z,71.0
2023-04-29T09:07:23Z,69.0
2023-04-29T09:07:28Z,69.0
2023-04-29T09:07:33Z,70.0
2023-04-29T09:07:38Z,71.0
2023-04-29T09:07:43Z,68.0
2023-04-29T09:07:58Z,69.0
2023-04-29T09:08:03Z,72.0
2023-04-29T09:08:08Z,73.0
2023-04-29T09:08:18Z,74.0
2023-04-29T09:08:28Z,73.0
2023-04-29T09:08:33Z,72.0
2023-04-29T09:08:38Z,71.0
2023-04-29T09:08:43Z,70.0
2023-04-29T09:08:48Z,71.0
2023-04-29T09:08:53Z,70.0
2023-04-29T09:08:58Z,71.0
2023-04-29T09:09:03Z,70.0
2023-04-29T09:09:13Z,73.0
2023-04-29T09:09:18Z,75.0
2023-04-29T09:09:23Z,75.0
2023-04-29T09:09:28Z,74.0
2023-04-29T09:09:33Z,71.0
2023-04-29T09:09:38Z,70.0
2023-04-29T09:09:45Z,69.0
2023-04-29T09:09:50Z,67.0
2023-04-29T09:09:55Z,67.0
2023-04-29T09:10:00Z,70.0
2023-04-29T09:10:05Z,71.0
2023-04-29T09:10:15Z,72.0
2023-04-29T09:10:20Z,73.0
2023-04-29T09:10:25Z,75.0
2023-04-29T09:10:30Z,77.0
2023-04-29T09:10:35Z,73.0
2023-04-29T09:10:40Z,70.0
2023-04-29T09:10:45Z,70.0
2023-04-29T09:10:55Z,69.0
2023-04-29T09:11:00Z,68.0
2023-04-29T09:11:05Z,69.0
2023-04-29T09:11:10Z,67.0
2023-04-29T09:11:15Z,66.0
2023-04-29T09:11:20Z,67.0
2023-04-29T09:11:25Z,68.0
2023-04-29T09:11:30Z,67.0
2023-04-29T09:11:40Z,68.0
2023-04-29T09:11:45Z,69.0
2023-04-29T09:11:50Z,71.0
2023-04-29T09:11:55Z,72.0
2023-04-29T09:12:00Z,73.0
2023-04-29T09:12:05Z,74.0
2023-04-29T09:12:10Z,73.0
2023-04-29T09:12:15Z,71.0
2023-04-29T09:12:20Z,72.0
2023-04-29T09:12:25Z,73.0
2023-04-29T09:12:30Z,72.0
2023-04-29T09:12:35Z,73.0
2023-04-29T09:12:40Z,70.0
2023-04-29T09:12:45Z,66.0
2023-04-29T09:12:50Z,65.0
2023-04-29T09:12:55Z,66.0
2023-04-29T09:13:00Z,68.0
2023-04-29T09:13:05Z,70.0
2023-04-29T09:13:10Z,71.0
2023-04-29T09:13:20Z,69.0
2023-04-29T09:13:25Z,70.0
2023-04-29T09:13:30Z,71.0
2023-04-29T09:13:35Z,72.0
2023-04-29T09:13:40Z,75.0
2023-04-29T09:13:45Z,72.0
2023-04-29T09:13:50Z,70.0
2023-04-29T09:13:55Z,72.0
2023-04-29T09:14:00Z,73.0
2023-04-29T09:14:10Z,72.0
2023-04-29T09:14:15Z,70.0
2023-04-29T09:14:20Z,69.0
2023-04-29T09:14:30Z,70.0
2023-04-29T09:14:35Z,71.0
2023-04-29T09:14:40Z,72.0
2023-04-29T09:14:45Z,73.0
2023-04-29T09:14:50Z,75.0
2023-04-29T09:14:55Z,74.0
2023-04-29T09:15:00Z,72.0
2023-04-29T09:15:10Z,73.0
2023-04-29T09:15:20Z,72.0
2023-04-29T09:15:25Z,71.0
2023-04-29T09:15:40Z,72.0
2023-04-29T09:15:45Z,71.0
2023-04-29T09:15:50Z,72.0
2023-04-29T09:16:00Z,73.0
2023-04-29T09:16:05Z,74.0
2023-04-29T09:16:10Z,73.0
2023-04-29T09:16:15Z,71.0
2023-04-29T09:16:30Z,72.0
2023-04-29T09:16:35Z,70.0
2023-04-29T09:16:40Z,67.0
2023-04-29T09:16:45Z,65.0
2023-04-29T09:16:55Z,66.0
2023-04-29T09:17:00Z,68.0
2023-04-29T09:17:05Z,69.0
2023-04-29T09:17:10Z,70.0
2023-04-29T09:17:15Z,71.0
2023-04-29T09:17:20Z,73.0
2023-04-29T09:17:25Z,73.0
2023-04-29T09:17:30Z,74.0
2023-04-29T09:17:40Z,77.0
2023-04-29T09:17:45Z,79.0
2023-04-29T09:17:50Z,78.0
2023-04-29T09:17:55Z,75.0
2023-04-29T09:18:10Z,74.0
2023-04-29T09:18:16Z,74.0
2023-04-29T09:18:21Z,73.0
2023-04-29T09:18:26Z,72.0
2023-04-29T09:18:31Z,71.0
2023-04-29T09:18:41Z,72.0
2023-04-29T09:18:51Z,74.0
2023-04-29T09:18:56Z,73.0
2023-04-29T09:19:01Z,71.0
2023-04-29T09:19:06Z,70.0
2023-04-29T09:19:11Z,69.0
2023-04-29T09:19:21Z,72.0
2023-04-29T09:19:26Z,73.0
2023-04-29T09:19:31Z,71.0
2023-04-29T09:19:41Z,73.0
2023-04-29T09:19:46Z,76.0
2023-04-29T09:19:56Z,73.0
2023-04-29T09:20:01Z,72.0
2023-04-29T09:20:06Z,69.0
2023-04-29T09:20:11Z,68.0
2023-04-29T09:20:16Z,69.0
2023-04-29T09:20:31Z,69.0
2023-04-29T09:20:46Z,69.0
2023-04-29T09:20:51Z,70.0
2023-04-29T09:20:56Z,69.0
2023-04-29T09:21:01Z,67.0
2023-04-29T09:21:06Z,69.0
2023-04-29T09:21:11Z,70.0
2023-04-29T09:21:16Z,69.0
2023-04-29T09:21:26Z,70.0
2023-04-29T09:21:31Z,69.0
2023-04-29T09:21:41Z,68.0
2023-04-29T09:21:51Z,69.0
2023-04-29T09:21:56Z,70.0
2023-04-29T09:22:01Z,72.0
2023-04-29T09:22:11Z,72.0
2023-04-29T09:22:16Z,70.0
2023-04-29T09:22:21Z,68.0
2023-04-29T09:22:36Z,69.0
2023-04-29T09:22:41Z,67.0
2023-04-29T09:22:51Z,69.0
2023-04-29T09:22:56Z,71.0
2023-04-29T09:23:06Z,72.0
2023-04-29T09:23:11Z,84.0
2023-04-29T09:23:21Z,76.0
2023-04-29T09:23:26Z,71.0
2023-04-29T09:23:31Z,68.0
2023-04-29T09:23:36Z,66.0
2023-04-29T09:23:41Z,65.0
2023-04-29T09:23:46Z,64.0
2023-04-29T09:24:01Z,64.0
2023-04-29T09:24:06Z,64.0
2023-04-29T09:24:11Z,68.0
2023-04-29T09:24:16Z,83.0
2023-04-29T09:24:21Z,86.0
2023-04-29T09:24:26Z,80.0
2023-04-29T09:24:31Z,76.0
2023-04-29T09:24:36Z,74.0
2023-04-29T09:24:41Z,72.0
2023-04-29T09:24:46Z,70.0
2023-04-29T09:24:51Z,69.0
2023-04-29T09:25:06Z,69.0
2023-04-29T09:25:11Z,68.0
2023-04-29T09:25:26Z,69.0
2023-04-29T09:25:31Z,70.0
2023-04-29T09:25:36Z,71.0
2023-04-29T09:25:41Z,70.0
2023-04-29T09:25:47Z,67.0
2023-04-29T09:25:52Z,64.0
2023-04-29T09:25:57Z,65.0
2023-04-29T09:26:02Z,66.0
2023-04-29T09:26:07Z,67.0
2023-04-29T09:26:12Z,68.0
2023-04-29T09:26:17Z,69.0
2023-04-29T09:26:22Z,68.0
2023-04-29T09:26:37Z,68.0
2023-04-29T09:26:42Z,69.0
2023-04-29T09:26:52Z,70.0
2023-04-29T09:26:57Z,72.0
2023-04-29T09:27:12Z,70.0
2023-04-29T09:27:17Z,69.0
2023-04-29T09:27:22Z,67.0
2023-04-29T09:27:37Z,67.0
2023-04-29T09:27:42Z,68.0
2023-04-29T09:27:47Z,69.0
2023-04-29T09:27:52Z,69.0
2023-04-29T09:27:57Z,68.0
2023-04-29T09:28:02Z,65.0
2023-04-29T09:28:07Z,63.0
2023-04-29T09:28:12Z,63.0
2023-04-29T09:28:17Z,66.0
2023-04-29T09:28:22Z,67.0
2023-04-29T09:28:27Z,68.0
2023-04-29T09:28:32Z,81.0
2023-04-29T09:28:37Z,83.0
2023-04-29T09:28:42Z,81.0
2023-04-29T09:28:47Z,78.0
2023-04-29T09:28:52Z,75.0
2023-04-29T09:28:57Z,77.0
2023-04-29T09:29:02Z,77.0
2023-04-29T09:29:07Z,75.0
2023-04-29T09:29:22Z,74.0
2023-04-29T09:29:27Z,71.0
2023-04-29T09:29:32Z,72.0
2023-04-29T09:29:42Z,70.0
2023-04-29T09:29:52Z,71.0
2023-04-29T09:29:57Z,72.0
2023-04-29T09:30:12Z,71.0
2023-04-29T09:30:17Z,72.0
2023-04-29T09:30:22Z,71.0
2023-04-29T09:30:27Z,73.0
2023-04-29T09:30:37Z,70.0
2023-04-29T09:30:47Z,69.0
2023-04-29T09:30:52Z,68.0
2023-04-29T09:30:57Z,64.0
2023-04-29T09:31:02Z,64.0
2023-04-29T09:31:07Z,68.0
2023-04-29T09:31:12Z,69.0
2023-04-29T09:56:55Z,70.0
2023-04-29T09:57:05Z,75.0
2023-04-29T09:57:10Z,88.0
2023-04-29T09:57:15Z,91.0
2023-04-29T09:57:20Z,86.0
2023-04-29T09:57:25Z,83.0
2023-04-29T09:57:40Z,75.0
2023-04-29T09:57:45Z,66.0
2023-04-29T09:57:50Z,63.0
2023-04-29T09:58:00Z,61.0
2023-04-29T09:58:10Z,63.0
2023-04-29T09:58:20Z,64.0
2023-04-29T09:58:30Z,65.0
2023-04-29T09:58:35Z,65.0
2023-04-29T09:58:45Z,66.0
2023-04-29T09:58:50Z,66.0
2023-04-29T09:59:00Z,65.0
2023-04-29T09:59:05Z,64.0
2023-04-29T09:59:10Z,68.0
2023-04-29T09:59:20Z,67.0
2023-04-29T09:59:25Z,65.0
2023-04-29T09:59:40Z,66.0
2023-04-29T09:59:45Z,64.0
2023-04-29T09:59:55Z,65.0
2023-04-29T10:00:00Z,66.0
2023-04-29T10:00:05Z,67.0
2023-04-29T10:00:10Z,65.0
2023-04-29T10:00:15Z,64.0
2023-04-29T10:00:20Z,65.0
2023-04-29T10:00:25Z,66.0
2023-04-29T10:00:40Z,66.0
2023-04-29T10:00:45Z,65.0
2023-04-29T10:00:50Z,64.0
2023-04-29T10:00:55Z,62.0
2023-04-29T10:01:00Z,63.0
2023-04-29T10:01:05Z,64.0
2023-04-29T10:01:10Z,65.0
2023-04-29T10:01:15Z,66.0
2023-04-29T10:01:30Z,65.0
2023-04-29T10:01:35Z,62.0
2023-04-29T10:01:50Z,63.0
2023-04-29T10:01:55Z,65.0
2023-04-29T10:02:06Z,65.0
2023-04-29T10:02:11Z,66.0
2023-04-29T10:02:26Z,67.0
2023-04-29T10:02:36Z,66.0
2023-04-29T10:02:41Z,64.0
2023-04-29T10:02:46Z,63.0
2023-04-29T10:02:56Z,64.0
2023-04-29T10:03:01Z,67.0
2023-04-29T10:03:06Z,67.0
2023-04-29T10:03:11Z,65.0
2023-04-29T10:03:16Z,64.0
2023-04-29T10:03:26Z,62.0
2023-04-29T10:03:36Z,63.0
2023-04-29T10:03:51Z,64.0
2023-04-29T10:03:56Z,65.0
2023-04-29T10:04:01Z,64.0
2023-04-29T10:04:16Z,64.0
2023-04-29T10:04:21Z,63.0
2023-04-29T10:04:31Z,64.0
2023-04-29T10:04:36Z,66.0
2023-04-29T10:04:41Z,67.0
2023-04-29T10:04:46Z,66.0
2023-04-29T10:04:51Z,65.0
2023-04-29T10:05:06Z,65.0
2023-04-29T10:05:11Z,66.0
2023-04-29T10:05:21Z,65.0
2023-04-29T10:05:31Z,65.0
2023-04-29T10:05:36Z,64.0
2023-04-29T10:05:41Z,64.0
2023-04-29T10:05:46Z,63.0
2023-04-29T10:05:51Z,61.0
2023-04-29T10:06:01Z,63.0
2023-04-29T10:06:06Z,64.0
2023-04-29T10:06:11Z,65.0
2023-04-29T10:06:16Z,67.0
2023-04-29T10:06:21Z,66.0
2023-04-29T10:06:26Z,65.0
2023-04-29T10:06:31Z,63.0
2023-04-29T10:06:36Z,60.0
2023-04-29T10:06:51Z,61.0
2023-04-29T10:06:56Z,62.0
2023-04-29T10:07:06Z,63.0
2023-04-29T10:07:11Z,64.0
2023-04-29T10:07:16Z,62.0
2023-04-29T10:07:21Z,60.0
2023-04-29T10:07:26Z,61.0
2023-04-29T10:07:31Z,62.0
2023-04-29T10:07:36Z,63.0
2023-04-29T10:07:46Z,64.0
2023-04-29T10:07:51Z,64.0
2023-04-29T10:07:56Z,65.0
2023-04-29T10:08:06Z,66.0
2023-04-29T10:08:21Z,64.0
2023-04-29T10:08:26Z,62.0
2023-04-29T10:08:32Z,62.0
2023-04-29T10:08:42Z,64.0
2023-04-29T10:08:47Z,65.0
2023-04-29T10:08:52Z,66.0
2023-04-29T10:08:57Z,67.0
2023-04-29T10:09:02Z,66.0
2023-04-29T10:09:07Z,67.0
2023-04-29T10:09:12Z,68.0
2023-04-29T10:09:17Z,69.0
2023-04-29T10:09:22Z,68.0
2023-04-29T10:09:27Z,69.0
2023-04-29T10:09:32Z,70.0
2023-04-29T10:09:42Z,68.0
2023-04-29T10:09:47Z,64.0
2023-04-29T10:09:57Z,63.0
2023-04-29T10:10:02Z,66.0
2023-04-29T10:10:07Z,67.0
2023-04-29T10:10:17Z,65.0
2023-04-29T10:10:32Z,66.0
2023-04-29T10:10:47Z,66.0
2023-04-29T10:10:52Z,64.0
2023-04-29T10:10:57Z,63.0
2023-04-29T10:11:02Z,65.0
2023-04-29T10:11:07Z,66.0
2023-04-29T10:11:12Z,67.0
2023-04-29T10:11:17Z,68.0
2023-04-29T10:11:32Z,67.0
2023-04-29T10:11:37Z,66.0
2023-04-29T10:11:52Z,67.0
2023-04-29T10:11:57Z,66.0
2023-04-29T10:12:02Z,66.0
2023-04-29T10:12:07Z,67.0
2023-04-29T10:12:12Z,68.0
2023-04-29T10:12:17Z,67.0
2023-04-29T10:12:32Z,67.0
2023-04-29T10:12:37Z,68.0
2023-04-29T10:12:42Z,66.0
2023-04-29T10:12:47Z,65.0
2023-04-29T10:13:02Z,65.0
2023-04-29T10:13:07Z,66.0
2023-04-29T10:13:17Z,65.0
2023-04-29T10:13:27Z,67.0
2023-04-29T10:13:37Z,68.0
2023-04-29T10:13:42Z,67.0
2023-04-29T10:13:57Z,67.0
2023-04-29T10:14:07Z,66.0
2023-04-29T10:14:12Z,65.0
2023-04-29T10:14:17Z,66.0
2023-04-29T10:14:22Z,68.0
2023-04-29T10:14:27Z,69.0
2023-04-29T10:14:32Z,68.0
2023-04-29T10:14:42Z,67.0
2023-04-29T10:14:47Z,66.0
2023-04-29T10:14:52Z,65.0
2023-04-29T10:14:57Z,66.0
2023-04-29T10:15:02Z,67.0
2023-04-29T10:15:17Z,67.0
2023-04-29T10:15:32Z,69.0
2023-04-29T10:15:37Z,68.0
2023-04-29T10:15:42Z,66.0
2023-04-29T10:15:47Z,66.0
2023-04-29T10:15:52Z,66.0
2023-04-29T10:15:57Z,67.0
2023-04-29T10:16:02Z,66.0
2023-04-29T10:16:17Z,66.0
2023-04-29T10:16:22Z,68.0
2023-04-29T10:16:27Z,69.0
2023-04-29T10:16:32Z,68.0
2023-04-29T10:16:37Z,69.0
2023-04-29T10:16:42Z,68.0
2023-04-29T10:16:47Z,67.0
2023-04-29T10:17:02Z,66.0
2023-04-29T10:17:07Z,65.0
2023-04-29T10:17:12Z,66.0
2023-04-29T10:17:17Z,67.0
2023-04-29T10:17:22Z,68.0
2023-04-29T10:17:27Z,67.0
2023-04-29T10:17:37Z,66.0
2023-04-29T10:17:42Z,63.0
2023-04-29T10:17:51Z,64.0
2023-04-29T10:17:56Z,63.0
2023-04-29T10:18:01Z,64.0
2023-04-29T10:18:06Z,66.0
2023-04-29T10:18:11Z,68.0
2023-04-29T10:18:16Z,69.0
2023-04-29T10:18:21Z,68.0
2023-04-29T10:18:26Z,65.0
2023-04-29T10:18:31Z,64.0
2023-04-29T10:18:36Z,66.0
2023-04-29T10:18:41Z,67.0
2023-04-29T10:18:46Z,68.0
2023-04-29T10:18:51Z,67.0
2023-04-29T10:19:01Z,68.0
2023-04-29T10:19:11Z,67.0
2023-04-29T10:19:16Z,68.0
2023-04-29T10:19:21Z,69.0
2023-04-29T10:19:26Z,71.0
2023-04-29T10:19:31Z,70.0
2023-04-29T10:19:41Z,69.0
2023-04-29T10:19:46Z,67.0
2023-04-29T10:19:51Z,66.0
2023-04-29T10:20:06Z,67.0
2023-04-29T10:20:16Z,64.0
2023-04-29T10:20:21Z,63.0
2023-04-29T10:20:26Z,65.0
2023-04-29T10:20:31Z,66.0
2023-04-29T10:20:36Z,64.0
2023-04-29T10:20:46Z,66.0
2023-04-29T10:20:51Z,67.0
2023-04-29T10:20:56Z,66.0
2023-04-29T10:21:01Z,65.0
2023-04-29T10:21:11Z,67.0
2023-04-29T10:21:16Z,68.0
2023-04-29T10:21:21Z,67.0
2023-04-29T10:21:26Z,65.0
2023-04-29T10:21:36Z,64.0
2023-04-29T10:21:41Z,65.0
2023-04-29T10:21:46Z,66.0
2023-04-29T10:21:51Z,68.0
2023-04-29T10:21:56Z,67.0
2023-04-29T10:22:01Z,65.0
2023-04-29T10:22:11Z,66.0
2023-04-29T10:22:16Z,68.0
2023-04-29T10:22:21Z,67.0
2023-04-29T10:22:31Z,68.0
2023-04-29T10:22:41Z,68.0
2023-04-29T10:22:51Z,68.0
2023-04-29T10:22:56Z,66.0
2023-04-29T10:23:06Z,65.0
2023-04-29T10:23:16Z,67.0
2023-04-29T10:23:26Z,66.0
2023-04-29T10:23:31Z,65.0
2023-04-29T10:23:36Z,65.0
2023-04-29T10:23:41Z,64.0
2023-04-29T10:23:51Z,65.0
2023-04-29T10:23:56Z,64.0
2023-04-29T10:24:01Z,63.0
2023-04-29T10:24:06Z,62.0
2023-04-29T10:24:11Z,64.0
2023-04-29T10:24:16Z,66.0
2023-04-29T10:24:21Z,67.0
2023-04-29T10:24:26Z,66.0
2023-04-29T10:24:36Z,67.0
2023-04-29T10:24:46Z,65.0
2023-04-29T10:24:51Z,64.0
2023-04-29T10:24:56Z,61.0
2023-04-29T10:25:06Z,63.0
2023-04-29T10:25:11Z,66.0
2023-04-29T10:25:16Z,67.0
2023-04-29T10:25:21Z,68.0
2023-04-29T10:25:26Z,67.0
2023-04-29T10:25:41Z,66.0
2023-04-29T10:25:46Z,66.0
2023-04-29T10:26:01Z,64.0
2023-04-29T10:26:11Z,65.0
2023-04-29T10:26:21Z,64.0
2023-04-29T10:26:26Z,65.0
2023-04-29T10:26:36Z,66.0
2023-04-29T10:26:41Z,65.0
2023-04-29T10:26:46Z,66.0
2023-04-29T10:26:51Z,66.0
2023-04-29T10:27:01Z,67.0
2023-04-29T10:27:16Z,68.0
2023-04-29T10:27:21Z,67.0
2023-04-29T10:27:32Z,66.0
2023-04-29T10:27:37Z,67.0
2023-04-29T10:27:42Z,68.0
2023-04-29T10:27:47Z,67.0
2023-04-29T10:28:02Z,68.0
2023-04-29T10:28:07Z,67.0
2023-04-29T10:28:12Z,67.0
2023-04-29T10:28:17Z,64.0
2023-04-29T10:28:22Z,62.0
2023-04-29T10:28:27Z,63.0
2023-04-29T10:28:37Z,64.0
2023-04-29T10:28:42Z,65.0
2023-04-29T10:28:52Z,66.0
2023-04-29T10:29:07Z,66.0
2023-04-29T10:29:12Z,65.0
2023-04-29T10:29:17Z,63.0
2023-04-29T10:29:22Z,62.0
2023-04-29T10:29:27Z,64.0
2023-04-29T10:29:32Z,64.0
2023-04-29T10:29:37Z,65.0
2023-04-29T10:29:42Z,66.0
2023-04-29T10:29:47Z,67.0
2023-04-29T10:30:02Z,67.0
2023-04-29T10:30:07Z,66.0
2023-04-29T10:30:12Z,67.0
2023-04-29T10:30:22Z,66.0
2023-04-29T10:30:27Z,64.0
2023-04-29T10:30:32Z,63.0
2023-04-29T10:30:37Z,64.0
2023-04-29T10:30:47Z,65.0
2023-04-29T10:30:52Z,66.0
2023-04-29T10:30:57Z,68.0
2023-04-29T10:31:02Z,69.0
2023-04-29T10:31:07Z,68.0
2023-04-29T10:31:12Z,66.0
2023-04-29T10:31:17Z,64.0
2023-04-29T10:31:27Z,66.0
2023-04-29T10:31:32Z,67.0
2023-04-29T10:31:37Z,68.0
2023-04-29T10:31:47Z,69.0
2023-04-29T10:31:52Z,68.0
2023-04-29T10:31:57Z,67.0
2023-04-29T10:32:12Z,67.0
2023-04-29T10:32:17Z,68.0
2023-04-29T10:32:22Z,67.0
2023-04-29T10:32:27Z,66.0
2023-04-29T10:32:32Z,67.0
2023-04-29T10:32:37Z,68.0
2023-04-29T10:32:42Z,66.0
2023-04-29T10:32:52Z,67.0
2023-04-29T10:33:07Z,67.0
2023-04-29T10:33:17Z,66.0
2023-04-29T10:33:32Z,67.0
2023-04-29T10:33:37Z,69.0
2023-04-29T10:33:42Z,67.0
2023-04-29T10:33:48Z,66.0
2023-04-29T10:34:03Z,63.0
2023-04-29T10:34:08Z,62.0
2023-04-29T10:34:13Z,64.0
2023-04-29T10:34:23Z,65.0
2023-04-29T10:34:28Z,66.0
2023-04-29T10:34:33Z,67.0
2023-04-29T10:34:43Z,65.0
2023-04-29T10:34:48Z,65.0
2023-04-29T10:34:53Z,66.0
2023-04-29T10:35:08Z,66.0
2023-04-29T10:35:13Z,67.0
2023-04-29T10:35:18Z,68.0
2023-04-29T10:35:23Z,66.0
2023-04-29T10:35:28Z,65.0
2023-04-29T10:35:33Z,66.0
2023-04-29T10:35:38Z,68.0
2023-04-29T10:35:43Z,67.0
2023-04-29T10:35:53Z,68.0
2023-04-29T10:35:58Z,67.0
2023-04-29T10:36:03Z,66.0
2023-04-29T10:36:08Z,65.0
2023-04-29T10:36:13Z,66.0
2023-04-29T10:36:18Z,67.0
2023-04-29T10:36:23Z,68.0
2023-04-29T10:36:28Z,66.0
2023-04-29T10:36:38Z,68.0
2023-04-29T10:36:43Z,66.0
2023-04-29T10:36:48Z,65.0
2023-04-29T10:36:53Z,64.0
2023-04-29T10:36:58Z,64.0
2023-04-29T10:37:03Z,65.0
2023-04-29T10:37:08Z,66.0
2023-04-29T10:37:23Z,67.0
2023-04-29T10:37:28Z,66.0
2023-04-29T10:37:38Z,67.0
2023-04-29T10:37:43Z,69.0
2023-04-29T10:37:53Z,70.0
2023-04-29T10:37:58Z,69.0
2023-04-29T10:38:03Z,67.0
2023-04-29T10:38:08Z,66.0
2023-04-29T10:38:18Z,69.0
2023-04-29T10:38:23Z,70.0
2023-04-29T10:38:33Z,71.0
2023-04-29T10:38:38Z,73.0
2023-04-29T10:38:43Z,76.0
2023-04-29T10:38:48Z,89.0
2023-04-29T10:38:53Z,88.0
2023-04-29T10:39:03Z,87.0
2023-04-29T10:39:08Z,91.0
2023-04-29T10:39:13Z,89.0
2023-04-29T10:39:18Z,82.0
2023-04-29T10:39:23Z,74.0
2023-04-29T10:39:28Z,68.0
2023-04-29T10:39:33Z,65.0
2023-04-29T10:39:38Z,64.0
2023-04-29T10:39:53Z,65.0
2023-04-29T10:40:03Z,64.0
2023-04-29T10:40:13Z,61.0
2023-04-29T10:40:18Z,60.0
2023-04-29T10:40:23Z,59.0
2023-04-29T10:40:33Z,60.0
2023-04-29T10:40:48Z,61.0
2023-04-29T10:40:53Z,60.0
2023-04-29T10:41:08Z,61.0
2023-04-29T10:41:23Z,61.0
2023-04-29T10:41:38Z,59.0
2023-04-29T10:41:53Z,59.0
2023-04-29T10:42:08Z,59.0
2023-04-29T10:42:23Z,59.0
2023-04-29T10:42:28Z,60.0
2023-04-29T10:42:43Z,60.0
2023-04-29T10:42:58Z,59.0
2023-04-29T10:43:03Z,58.0
2023-04-29T10:43:13Z,59.0
2023-04-29T10:43:28Z,59.0
2023-04-29T10:43:43Z,59.0
2023-04-29T10:43:48Z,60.0
2023-04-29T10:44:03Z,60.0
2023-04-29T10:44:13Z,61.0
2023-04-29T10:44:18Z,65.0
2023-04-29T10:44:33Z,65.0
2023-04-29T10:44:48Z,63.0
2023-04-29T10:44:53Z,61.0
2023-04-29T10:45:08Z,62.0
2023-04-29T10:45:23Z,61.0
2023-04-29T10:45:28Z,60.0
2023-04-29T10:45:43Z,60.0
2023-04-29T10:45:58Z,61.0
2023-04-29T10:46:03Z,62.0
2023-04-29T10:46:09Z,63.0
2023-04-29T10:46:14Z,64.0
2023-04-29T10:46:19Z,64.0
2023-04-29T10:46:24Z,63.0
2023-04-29T10:46:29Z,61.0
2023-04-29T10:46:34Z,60.0
2023-04-29T10:46:44Z,61.0
2023-04-29T10:46:54Z,60.0
2023-04-29T10:47:04Z,61.0
2023-04-29T10:47:14Z,62.0
2023-04-29T10:47:19Z,63.0
2023-04-29T10:47:34Z,63.0
2023-04-29T10:47:39Z,63.0
2023-04-29T10:47:44Z,64.0
2023-04-29T10:47:49Z,65.0
2023-04-29T10:47:54Z,65.0
2023-04-29T10:48:09Z,68.0
2023-04-29T10:48:14Z,69.0
2023-04-29T10:48:19Z,68.0
2023-04-29T10:48:29Z,65.0
2023-04-29T10:48:34Z,63.0
2023-04-29T10:48:39Z,62.0
2023-04-29T10:48:49Z,63.0
2023-04-29T10:48:59Z,62.0
2023-04-29T10:49:14Z,60.0
2023-04-29T10:49:24Z,61.0
2023-04-29T10:49:29Z,60.0
2023-04-29T10:49:34Z,60.0
2023-04-29T10:49:39Z,61.0
2023-04-29T10:49:54Z,62.0
2023-04-29T10:50:04Z,61.0
2023-04-29T10:50:15Z,62.0
2023-04-29T10:50:20Z,63.0
2023-04-29T10:50:25Z,65.0
2023-04-29T10:50:30Z,67.0
2023-04-29T10:50:35Z,68.0
2023-04-29T10:50:40Z,67.0
2023-04-29T10:50:45Z,65.0
2023-04-29T10:50:50Z,63.0
2023-04-29T10:51:00Z,62.0
2023-04-29T10:51:05Z,60.0
2023-04-29T10:51:15Z,61.0
2023-04-29T10:51:20Z,60.0
2023-04-29T10:51:35Z,61.0
2023-04-29T10:51:45Z,62.0
2023-04-29T10:51:50Z,63.0
2023-04-29T10:52:00Z,64.0
2023-04-29T10:52:05Z,65.0
2023-04-29T10:52:10Z,66.0
2023-04-29T10:52:15Z,67.0
2023-04-29T10:52:20Z,65.0
2023-04-29T10:52:25Z,63.0
2023-04-29T10:52:30Z,65.0
2023-04-29T10:52:35Z,64.0
2023-04-29T10:52:40Z,63.0
2023-04-29T10:52:50Z,62.0
2023-04-29T10:53:00Z,64.0
2023-04-29T10:53:05Z,66.0
2023-04-29T10:53:10Z,67.0
2023-04-29T10:53:15Z,69.0
2023-04-29T10:53:20Z,70.0
2023-04-29T10:53:25Z,71.0
2023-04-29T10:53:30Z,72.0
2023-04-29T10:53:35Z,74.0
2023-04-29T10:53:40Z,74.0
2023-04-29T10:53:45Z,73.0
2023-04-29T10:53:50Z,71.0
2023-04-29T10:53:55Z,70.0
2023-04-29T10:54:05Z,69.0
2023-04-29T10:54:15Z,70.0
2023-04-29T10:54:25Z,69.0
2023-04-29T10:54:30Z,68.0
2023-04-29T10:54:45Z,66.0
2023-04-29T10:54:50Z,65.0
2023-04-29T10:55:00Z,64.0
2023-04-29T10:55:05Z,63.0
2023-04-29T10:55:10Z,64.0
2023-04-29T10:55:25Z,64.0
2023-04-29T10:55:30Z,65.0
2023-04-29T10:55:35Z,66.0
2023-04-29T10:55:40Z,69.0
2023-04-29T10:55:45Z,71.0
2023-04-29T10:55:50Z,69.0
2023-04-29T10:55:55Z,65.0
2023-04-29T10:56:00Z,64.0
2023-04-29T10:56:05Z,62.0
2023-04-29T10:56:10Z,63.0
2023-04-29T10:56:15Z,65.0
2023-04-29T10:56:20Z,66.0
2023-04-29T10:56:30Z,67.0
2023-04-29T10:56:45Z,67.0
2023-04-29T10:56:50Z,66.0
2023-04-29T10:56:55Z,65.0
2023-04-29T10:57:00Z,67.0
2023-04-29T10:57:05Z,70.0
2023-04-29T10:57:10Z,71.0
2023-04-29T10:57:15Z,70.0
2023-04-29T10:57:20Z,69.0
2023-04-29T10:57:25Z,67.0
2023-04-29T10:57:30Z,67.0
2023-04-29T10:57:35Z,69.0
2023-04-29T10:57:40Z,70.0
2023-04-29T10:57:45Z,71.0
2023-04-29T10:57:50Z,69.0
2023-04-29T10:57:55Z,68.0
2023-04-29T10:58:00Z,66.0
2023-04-29T10:58:10Z,65.0
2023-04-29T10:58:20Z,66.0
2023-04-29T10:58:35Z,70.0
2023-04-29T10:58:40Z,79.0
2023-04-29T10:58:45Z,80.0
2023-04-29T10:58:50Z,77.0
2023-04-29T10:58:55Z,72.0
2023-04-29T10:59:00Z,70.0
2023-04-29T10:59:05Z,66.0
2023-04-29T10:59:10Z,66.0
2023-04-29T10:59:20Z,67.0
2023-04-29T10:59:30Z,68.0
2023-04-29T10:59:40Z,66.0
2023-04-29T10:59:50Z,68.0
2023-04-29T10:59:55Z,69.0
2023-04-29T11:00:10Z,69.0
2023-04-29T11:00:20Z,68.0
2023-04-29T11:00:30Z,71.0
2023-04-29T11:00:40Z,69.0
2023-04-29T11:00:45Z,67.0
2023-04-29T11:00:50Z,65.0
2023-04-29T11:00:55Z,64.0
2023-04-29T11:01:10Z,64.0
2023-04-29T11:01:15Z,65.0
2023-04-29T11:01:20Z,66.0
2023-04-29T11:01:30Z,67.0
2023-04-29T11:01:40Z,69.0
2023-04-29T11:01:45Z,70.0
2023-04-29T11:01:55Z,69.0
2023-04-29T11:02:00Z,70.0
2023-04-29T11:02:05Z,71.0
2023-04-29T11:02:10Z,70.0
2023-04-29T11:02:15Z,68.0
2023-04-29T11:02:25Z,69.0
2023-04-29T11:02:30Z,70.0
2023-04-29T11:02:40Z,69.0
2023-04-29T11:02:45Z,66.0
2023-04-29T11:03:00Z,67.0
2023-04-29T11:03:05Z,69.0
2023-04-29T11:03:20Z,67.0
2023-04-29T11:03:35Z,67.0
2023-04-29T11:03:45Z,68.0
2023-04-29T11:03:50Z,71.0
2023-04-29T11:03:55Z,70.0
2023-04-29T11:04:00Z,71.0
2023-04-29T11:04:05Z,74.0
2023-04-29T11:04:10Z,75.0
2023-04-29T11:04:15Z,72.0
2023-04-29T11:04:20Z,66.0
2023-04-29T11:04:25Z,63.0
2023-04-29T11:04:35Z,64.0
2023-04-29T11:04:40Z,65.0
2023-04-29T11:04:45Z,64.0
2023-04-29T11:05:00Z,64.0
2023-04-29T11:05:05Z,67.0
2023-04-29T11:05:10Z,68.0
2023-04-29T11:05:15Z,70.0
2023-04-29T11:05:20Z,66.0
2023-04-29T11:05:25Z,62.0
2023-04-29T11:05:30Z,61.0
2023-04-29T11:05:35Z,60.0
2023-04-29T11:05:40Z,59.0
2023-04-29T11:05:47Z,58.0
2023-04-29T11:05:52Z,58.0
2023-04-29T11:05:57Z,59.0
2023-04-29T11:06:02Z,61.0
2023-04-29T11:06:07Z,62.0
2023-04-29T11:06:12Z,64.0
2023-04-29T11:06:22Z,65.0
2023-04-29T11:06:27Z,66.0
2023-04-29T11:06:37Z,67.0
2023-04-29T11:06:42Z,66.0
2023-04-29T11:06:52Z,69.0
2023-04-29T11:07:02Z,71.0
2023-04-29T11:07:12Z,71.0
2023-04-29T11:07:23Z,71.0
2023-04-29T11:07:28Z,68.0
2023-04-29T11:07:33Z,63.0
2023-04-29T11:07:38Z,62.0
2023-04-29T11:07:43Z,63.0
2023-04-29T11:07:48Z,65.0
2023-04-29T11:07:53Z,66.0
2023-04-29T11:08:08Z,70.0
2023-04-29T11:08:13Z,73.0
2023-04-29T11:08:18Z,69.0
2023-04-29T11:08:23Z,64.0
2023-04-29T11:08:28Z,63.0
2023-04-29T11:08:33Z,62.0
2023-04-29T11:08:38Z,63.0
2023-04-29T11:08:48Z,62.0
2023-04-29T11:08:53Z,60.0
2023-04-29T11:08:58Z,61.0
2023-04-29T11:09:03Z,62.0
2023-04-29T11:09:08Z,60.0
2023-04-29T11:09:13Z,59.0
2023-04-29T11:09:18Z,61.0
2023-04-29T11:09:33Z,61.0
2023-04-29T11:09:38Z,62.0
2023-04-29T11:09:43Z,63.0
2023-04-29T11:09:48Z,64.0
2023-04-29T11:09:53Z,66.0
2023-04-29T11:09:58Z,64.0
2023-04-29T11:10:03Z,64.0
2023-04-29T11:10:08Z,62.0
2023-04-29T11:10:13Z,58.0
2023-04-29T11:10:18Z,56.0
2023-04-29T11:10:28Z,57.0
2023-04-29T11:10:33Z,56.0
2023-04-29T11:10:43Z,57.0
2023-04-29T11:10:48Z,58.0
2023-04-29T11:10:53Z,59.0
2023-04-29T11:10:58Z,60.0
2023-04-29T11:11:03Z,61.0
2023-04-29T11:11:08Z,62.0
2023-04-29T11:11:13Z,63.0
2023-04-29T11:11:28Z,63.0
2023-04-29T11:11:43Z,62.0
2023-04-29T11:11:48Z,61.0
2023-04-29T11:12:03Z,62.0
2023-04-29T11:12:08Z,64.0
2023-04-29T11:12:18Z,64.0
2023-04-29T11:12:23Z,64.0
2023-04-29T11:12:28Z,66.0
2023-04-29T11:12:33Z,65.0
2023-04-29T11:12:48Z,65.0
2023-04-29T11:12:53Z,67.0
2023-04-29T11:12:58Z,69.0
2023-04-29T11:13:03Z,68.0
2023-04-29T11:13:08Z,67.0
2023-04-29T11:13:13Z,67.0
2023-04-29T11:13:18Z,68.0
2023-04-29T11:13:28Z,69.0
2023-04-29T11:13:33Z,68.0
2023-04-29T11:13:43Z,69.0
2023-04-29T11:13:58Z,68.0
2023-04-29T11:14:03Z,64.0
2023-04-29T11:14:08Z,62.0
2023-04-29T11:14:13Z,61.0
2023-04-29T11:14:18Z,60.0
2023-04-29T11:14:23Z,59.0
2023-04-29T11:14:28Z,60.0
2023-04-29T11:14:38Z,61.0
2023-04-29T11:14:48Z,64.0
2023-04-29T11:14:53Z,65.0
2023-04-29T11:14:58Z,74.0
2023-04-29T11:15:03Z,85.0
2023-04-29T11:15:08Z,88.0
2023-04-29T11:15:13Z,82.0
2023-04-29T11:15:18Z,74.0
2023-04-29T11:15:23Z,71.0
2023-04-29T11:15:28Z,65.0
2023-04-29T11:15:33Z,61.0
2023-04-29T11:15:38Z,59.0
2023-04-29T11:15:48Z,59.0
2023-04-29T11:15:53Z,60.0
2023-04-29T11:16:03Z,58.0
2023-04-29T11:16:08Z,58.0
2023-04-29T11:16:13Z,57.0
2023-04-29T11:16:18Z,58.0
2023-04-29T11:16:23Z,59.0
2023-04-29T11:16:28Z,60.0
2023-04-29T11:16:38Z,60.0
2023-04-29T11:16:43Z,61.0
2023-04-29T11:16:48Z,62.0
2023-04-29T11:16:53Z,63.0
2023-04-29T11:17:03Z,64.0
2023-04-29T11:17:13Z,71.0
2023-04-29T11:17:18Z,87.0
2023-04-29T11:17:23Z,88.0
2023-04-29T11:17:28Z,86.0
2023-04-29T11:17:33Z,83.0
2023-04-29T11:17:38Z,77.0
2023-04-29T11:17:43Z,67.0
2023-04-29T11:17:48Z,63.0
2023-04-29T11:17:53Z,62.0
2023-04-29T11:17:58Z,61.0
2023-04-29T11:18:08Z,59.0
2023-04-29T11:18:13Z,60.0
2023-04-29T11:18:18Z,61.0
2023-04-29T11:18:23Z,65.0
2023-04-29T11:18:28Z,67.0
2023-04-29T11:18:33Z,70.0
2023-04-29T11:18:38Z,71.0
2023-04-29T11:18:43Z,72.0
2023-04-29T11:18:53Z,69.0
2023-04-29T11:18:58Z,65.0
2023-04-29T11:19:03Z,64.0
2023-04-29T11:19:08Z,63.0
2023-04-29T11:19:13Z,62.0
2023-04-29T11:19:18Z,61.0
2023-04-29T11:19:28Z,60.0
2023-04-29T11:19:38Z,60.0
2023-04-29T11:19:43Z,60.0
2023-04-29T11:19:53Z,61.0
2023-04-29T11:19:58Z,62.0
2023-04-29T11:20:03Z,63.0
2023-04-29T11:20:08Z,62.0
2023-04-29T11:20:13Z,63.0
2023-04-29T11:20:18Z,64.0
2023-04-29T11:20:23Z,63.0
2023-04-29T11:20:28Z,62.0
2023-04-29T11:20:43Z,62.0
2023-04-29T11:20:53Z,63.0
2023-04-29T11:21:08Z,63.0
2023-04-29T11:21:13Z,62.0
2023-04-29T11:21:18Z,61.0
2023-04-29T11:21:23Z,61.0
2023-04-29T11:21:33Z,62.0
2023-04-29T11:21:38Z,62.0
2023-04-29T11:21:43Z,63.0
2023-04-29T11:21:48Z,62.0
2023-04-29T11:21:54Z,61.0
2023-04-29T11:22:04Z,62.0
2023-04-29T11:22:14Z,63.0
2023-04-29T11:22:24Z,64.0
2023-04-29T11:22:29Z,63.0
2023-04-29T11:22:34Z,62.0
2023-04-29T11:22:44Z,61.0
2023-04-29T11:22:49Z,60.0
2023-04-29T11:23:04Z,60.0
2023-04-29T11:23:19Z,61.0
2023-04-29T11:23:34Z,61.0
2023-04-29T11:23:39Z,62.0
2023-04-29T11:23:44Z,63.0
2023-04-29T11:23:49Z,64.0
2023-04-29T11:23:54Z,64.0
2023-04-29T11:23:59Z,63.0
2023-04-29T11:24:09Z,62.0
2023-04-29T11:24:14Z,63.0
2023-04-29T11:24:19Z,63.0
2023-04-29T11:24:29Z,64.0
2023-04-29T11:24:39Z,65.0
2023-04-29T11:24:44Z,65.0
2023-04-29T11:24:59Z,64.0
2023-04-29T11:25:04Z,62.0
2023-04-29T11:25:19Z,61.0
2023-04-29T11:25:34Z,61.0
2023-04-29T11:25:39Z,62.0
2023-04-29T11:25:44Z,63.0
2023-04-29T11:25:49Z,64.0
2023-04-29T11:26:04Z,63.0
2023-04-29T11:26:09Z,62.0
2023-04-29T11:26:14Z,61.0
2023-04-29T11:26:29Z,62.0
2023-04-29T11:26:34Z,64.0
2023-04-29T11:26:39Z,64.0
2023-04-29T11:26:54Z,63.0
2023-04-29T11:27:04Z,62.0
2023-04-29T11:27:14Z,63.0
2023-04-29T11:27:24Z,62.0
2023-04-29T11:27:39Z,63.0
2023-04-29T11:27:44Z,63.0
2023-04-29T11:27:49Z,60.0
2023-04-29T11:27:59Z,61.0
2023-04-29T11:28:09Z,60.0
2023-04-29T11:28:19Z,61.0
2023-04-29T11:28:24Z,62.0
2023-04-29T11:28:29Z,63.0
2023-04-29T11:28:34Z,64.0
2023-04-29T11:28:44Z,65.0
2023-04-29T11:28:59Z,65.0
2023-04-29T11:29:14Z,64.0
2023-04-29T11:29:19Z,63.0
2023-04-29T11:29:24Z,62.0
2023-04-29T11:29:34Z,63.0
2023-04-29T11:29:39Z,64.0
2023-04-29T11:29:44Z,64.0
2023-04-29T11:29:59Z,64.0
2023-04-29T11:30:14Z,63.0
2023-04-29T11:30:19Z,62.0
2023-04-29T11:30:24Z,62.0
2023-04-29T11:30:34Z,61.0
2023-04-29T11:30:39Z,63.0
2023-04-29T11:30:44Z,62.0
2023-04-29T11:30:54Z,63.0
2023-04-29T11:30:59Z,64.0
2023-04-29T11:31:14Z,64.0
2023-04-29T11:31:20Z,63.0
2023-04-29T11:31:25Z,62.0
2023-04-29T11:31:30Z,59.0
2023-04-29T11:31:35Z,61.0
2023-04-29T11:31:40Z,63.0
2023-04-29T11:31:45Z,65.0
2023-04-29T11:32:00Z,66.0
2023-04-29T11:32:05Z,67.0
2023-04-29T11:32:10Z,68.0
2023-04-29T11:32:20Z,66.0
2023-04-29T11:32:25Z,64.0
2023-04-29T11:32:30Z,64.0
2023-04-29T11:32:35Z,63.0
2023-04-29T11:32:45Z,62.0
2023-04-29T11:32:55Z,63.0
2023-04-29T11:33:00Z,62.0
2023-04-29T11:33:05Z,61.0
2023-04-29T11:33:10Z,62.0
2023-04-29T11:33:15Z,63.0
2023-04-29T11:33:20Z,64.0
2023-04-29T11:33:30Z,62.0
2023-04-29T11:33:40Z,63.0
2023-04-29T11:33:45Z,65.0
2023-04-29T11:33:50Z,66.0
2023-04-29T11:34:00Z,65.0
2023-04-29T11:34:05Z,63.0
2023-04-29T11:34:10Z,62.0
2023-04-29T11:34:15Z,62.0
2023-04-29T11:34:20Z,63.0
2023-04-29T11:34:30Z,64.0
2023-04-29T11:34:35Z,65.0
2023-04-29T11:34:45Z,66.0
2023-04-29T11:34:50Z,67.0
2023-04-29T11:34:55Z,68.0
2023-04-29T11:35:00Z,69.0
2023-04-29T11:35:05Z,67.0
2023-04-29T11:35:10Z,65.0
2023-04-29T11:35:15Z,66.0
2023-04-29T11:35:20Z,67.0
2023-04-29T11:35:25Z,66.0
2023-04-29T11:35:30Z,65.0
2023-04-29T11:35:35Z,64.0
2023-04-29T11:35:40Z,63.0
2023-04-29T11:35:50Z,64.0
2023-04-29T11:36:00Z,65.0
2023-04-29T11:36:10Z,64.0
2023-04-29T11:36:15Z,62.0
2023-04-29T11:36:20Z,63.0
2023-04-29T11:36:25Z,64.0
2023-04-29T11:36:30Z,63.0
2023-04-29T11:36:35Z,64.0
2023-04-29T11:36:40Z,65.0
2023-04-29T11:36:50Z,68.0
2023-04-29T11:36:55Z,69.0
2023-04-29T11:37:00Z,68.0
2023-04-29T11:37:05Z,65.0
2023-04-29T11:37:10Z,64.0
2023-04-29T11:37:15Z,63.0
2023-04-29T11:37:30Z,62.0
2023-04-29T11:37:35Z,61.0
2023-04-29T11:37:46Z,63.0
2023-04-29T11:37:51Z,64.0
2023-04-29T11:38:01Z,64.0
2023-04-29T11:38:11Z,62.0
2023-04-29T11:38:21Z,63.0
2023-04-29T11:38:31Z,64.0
2023-04-29T11:38:41Z,65.0
2023-04-29T11:38:51Z,63.0
2023-04-29T11:38:56Z,62.0
2023-04-29T11:39:11Z,63.0
2023-04-29T11:39:16Z,64.0
2023-04-29T11:39:21Z,66.0
2023-04-29T11:39:26Z,67.0
2023-04-29T11:39:31Z,67.0
2023-04-29T11:39:36Z,65.0
2023-04-29T11:39:41Z,63.0
2023-04-29T11:39:46Z,62.0
2023-04-29T11:40:01Z,62.0
2023-04-29T11:40:06Z,63.0
2023-04-29T11:40:21Z,64.0
2023-04-29T11:40:31Z,65.0
2023-04-29T11:40:41Z,64.0
2023-04-29T11:40:46Z,63.0
2023-04-29T11:40:51Z,64.0
2023-04-29T11:40:56Z,65.0
2023-04-29T11:41:01Z,66.0
2023-04-29T11:41:06Z,65.0
2023-04-29T11:41:11Z,63.0
2023-04-29T11:41:26Z,64.0
2023-04-29T11:41:31Z,65.0
2023-04-29T11:41:36Z,66.0
2023-04-29T11:41:51Z,65.0
2023-04-29T11:41:56Z,64.0
2023-04-29T11:42:01Z,66.0
2023-04-29T11:42:11Z,65.0
2023-04-29T11:42:16Z,65.0
2023-04-29T11:42:21Z,63.0
2023-04-29T11:42:26Z,61.0
2023-04-29T11:42:31Z,62.0
2023-04-29T11:42:41Z,63.0
2023-04-29T11:42:46Z,64.0
2023-04-29T11:42:51Z,65.0
2023-04-29T11:42:56Z,64.0
2023-04-29T11:43:01Z,62.0
2023-04-29T11:43:06Z,63.0
2023-04-29T11:43:11Z,64.0
2023-04-29T11:43:16Z,63.0
2023-04-29T11:43:21Z,64.0
2023-04-29T11:43:36Z,63.0
2023-04-29T11:43:46Z,64.0
2023-04-29T11:43:51Z,62.0
2023-04-29T11:43:56Z,63.0
2023-04-29T11:44:01Z,64.0
2023-04-29T11:44:11Z,63.0
2023-04-29T11:44:16Z,63.0
2023-04-29T11:44:21Z,64.0
2023-04-29T11:44:26Z,65.0
2023-04-29T11:44:31Z,66.0
2023-04-29T11:44:36Z,65.0
2023-04-29T11:44:41Z,64.0
2023-04-29T11:44:51Z,63.0
2023-04-29T11:44:56Z,64.0
2023-04-29T11:45:01Z,65.0
2023-04-29T11:45:11Z,66.0
2023-04-29T11:45:16Z,65.0
2023-04-29T11:45:21Z,64.0
2023-04-29T11:45:31Z,65.0
2023-04-29T11:45:41Z,63.0
2023-04-29T11:45:46Z,62.0
2023-04-29T11:46:01Z,63.0
2023-04-29T11:46:11Z,63.0
2023-04-29T11:46:16Z,64.0
2023-04-29T11:46:21Z,64.0
2023-04-29T11:46:26Z,64.0
2023-04-29T11:46:37Z,65.0
2023-04-29T11:46:42Z,64.0
2023-04-29T11:46:47Z,65.0
2023-04-29T11:47:02Z,66.0
2023-04-29T11:47:12Z,67.0
2023-04-29T11:47:22Z,67.0
2023-04-29T11:47:27Z,67.0
2023-04-29T11:47:32Z,66.0
2023-04-29T11:47:37Z,65.0
2023-04-29T11:47:42Z,66.0
2023-04-29T11:47:47Z,65.0
2023-04-29T11:47:52Z,64.0
2023-04-29T11:47:57Z,63.0
2023-04-29T11:48:02Z,63.0
2023-04-29T11:48:17Z,64.0
2023-04-29T11:48:22Z,65.0
2023-04-29T11:48:37Z,65.0
2023-04-29T11:48:42Z,65.0
2023-04-29T11:48:47Z,65.0
2023-04-29T11:48:57Z,66.0
2023-04-29T11:49:02Z,67.0
2023-04-29T11:49:07Z,66.0
2023-04-29T11:49:22Z,66.0
2023-04-29T11:49:27Z,66.0
2023-04-29T11:49:37Z,66.0
2023-04-29T11:49:47Z,66.0
2023-04-29T11:49:52Z,64.0
2023-04-29T11:49:57Z,63.0
2023-04-29T11:50:07Z,64.0
2023-04-29T11:50:22Z,65.0
2023-04-29T11:50:37Z,64.0
2023-04-29T11:50:42Z,63.0
2023-04-29T11:50:47Z,64.0
2023-04-29T11:50:52Z,66.0
2023-04-29T11:50:57Z,65.0
2023-04-29T11:51:02Z,64.0
2023-04-29T11:51:17Z,64.0
2023-04-29T11:51:32Z,64.0
2023-04-29T11:51:37Z,62.0
2023-04-29T11:51:47Z,61.0
2023-04-29T11:51:57Z,62.0
2023-04-29T11:52:02Z,63.0
2023-04-29T11:52:07Z,64.0
2023-04-29T11:52:12Z,66.0
2023-04-29T11:52:17Z,65.0
2023-04-29T11:52:22Z,64.0
2023-04-29T11:52:37Z,65.0
2023-04-29T11:52:52Z,65.0
2023-04-29T11:53:02Z,64.0
2023-04-29T11:53:17Z,63.0
2023-04-29T11:53:22Z,62.0
2023-04-29T11:53:27Z,63.0
2023-04-29T11:53:49Z,62.0
2023-04-29T11:54:04Z,63.0
2023-04-29T11:54:09Z,65.0
2023-04-29T11:54:14Z,66.0
2023-04-29T11:54:29Z,64.0
2023-04-29T11:54:44Z,64.0
2023-04-29T11:54:49Z,64.0
2023-04-29T11:54:54Z,63.0
2023-04-29T11:55:04Z,64.0
2023-04-29T11:55:09Z,66.0
2023-04-29T11:55:19Z,65.0
2023-04-29T11:55:24Z,66.0
2023-04-29T11:55:29Z,64.0
2023-04-29T11:55:34Z,63.0
2023-04-29T11:55:49Z,64.0
2023-04-29T11:55:54Z,65.0
2023-04-29T11:55:59Z,66.0
2023-04-29T11:56:14Z,65.0
2023-04-29T11:56:19Z,64.0
2023-04-29T11:56:24Z,65.0
2023-04-29T11:56:39Z,65.0
2023-04-29T11:56:44Z,66.0
2023-04-29T11:56:49Z,68.0
2023-04-29T11:56:54Z,65.0
2023-04-29T11:56:59Z,64.0
2023-04-29T11:57:14Z,64.0
2023-04-29T11:57:19Z,65.0
2023-04-29T11:57:24Z,65.0
2023-04-29T11:57:34Z,65.0
2023-04-29T11:57:39Z,66.0
2023-04-29T11:57:49Z,65.0
2023-04-29T11:57:54Z,63.0
2023-04-29T11:58:04Z,64.0
2023-04-29T11:58:19Z,64.0
2023-04-29T11:58:29Z,65.0
2023-04-29T11:58:39Z,66.0
2023-04-29T11:58:44Z,66.0
2023-04-29T11:58:49Z,67.0
2023-04-29T11:58:59Z,66.0
2023-04-29T11:59:14Z,65.0
2023-04-29T11:59:24Z,66.0
2023-04-29T11:59:34Z,65.0
2023-04-29T11:59:39Z,67.0
2023-04-29T11:59:49Z,66.0
2023-04-29T11:59:59Z,67.0
2023-04-29T12:00:04Z,65.0
2023-04-29T12:00:09Z,64.0
2023-04-29T12:00:24Z,63.0
2023-04-29T12:00:34Z,64.0
2023-04-29T12:00:49Z,64.0
2023-04-29T12:00:54Z,65.0
2023-04-29T12:00:59Z,65.0
2023-04-29T12:01:04Z,64.0
2023-04-29T12:01:09Z,63.0
2023-04-29T12:01:14Z,63.0
2023-04-29T12:01:24Z,64.0
2023-04-29T12:01:29Z,65.0
2023-04-29T12:01:34Z,64.0
2023-04-29T12:01:39Z,65.0
2023-04-29T12:01:44Z,64.0
2023-04-29T12:01:54Z,65.0
2023-04-29T12:01:59Z,66.0
2023-04-29T12:02:04Z,67.0
2023-04-29T12:02:14Z,64.0
2023-04-29T12:02:24Z,65.0
2023-04-29T12:02:29Z,64.0
2023-04-29T12:02:39Z,65.0
2023-04-29T12:02:44Z,66.0
2023-04-29T12:02:49Z,67.0
2023-04-29T12:03:04Z,67.0
2023-04-29T12:03:09Z,66.0
2023-04-29T12:03:14Z,66.0
2023-04-29T12:03:24Z,67.0
2023-04-29T12:03:29Z,66.0
2023-04-29T12:03:39Z,67.0
2023-04-29T12:03:49Z,67.0
2023-04-29T12:03:54Z,67.0
2023-04-29T12:04:04Z,66.0
2023-04-29T12:04:09Z,65.0
2023-04-29T12:04:14Z,66.0
2023-04-29T12:04:19Z,65.0
2023-04-29T12:04:24Z,65.0
2023-04-29T12:04:39Z,65.0
2023-04-29T12:04:44Z,64.0
2023-04-29T12:04:49Z,65.0
2023-04-29T12:04:54Z,66.0
2023-04-29T12:04:59Z,66.0
2023-04-29T12:05:04Z,65.0
2023-04-29T12:05:09Z,63.0
2023-04-29T12:05:14Z,64.0
2023-04-29T12:05:24Z,65.0
2023-04-29T12:05:29Z,66.0
2023-04-29T12:05:34Z,67.0
2023-04-29T12:05:39Z,66.0
2023-04-29T12:05:49Z,65.0
2023-04-29T12:05:54Z,64.0
2023-04-29T12:06:04Z,65.0
2023-04-29T12:06:09Z,66.0
2023-04-29T12:06:19Z,67.0
2023-04-29T12:06:29Z,66.0
2023-04-29T12:06:44Z,66.0
2023-04-29T12:06:49Z,64.0
2023-04-29T12:06:55Z,64.0
2023-04-29T12:07:10Z,65.0
2023-04-29T12:07:15Z,67.0
2023-04-29T12:07:20Z,66.0
2023-04-29T12:07:35Z,66.0
2023-04-29T12:07:50Z,66.0
2023-04-29T12:07:55Z,67.0
2023-04-29T12:08:00Z,67.0
2023-04-29T12:08:05Z,68.0
2023-04-29T12:08:10Z,67.0
2023-04-29T12:08:15Z,66.0
2023-04-29T12:08:20Z,67.0
2023-04-29T12:08:25Z,68.0
2023-04-29T12:08:40Z,65.0
2023-04-29T12:08:45Z,64.0
2023-04-29T12:08:50Z,66.0
2023-04-29T12:09:00Z,66.0
2023-04-29T12:09:10Z,68.0
2023-04-29T12:09:15Z,69.0
2023-04-29T12:09:25Z,68.0
2023-04-29T12:09:30Z,68.0
2023-04-29T12:09:35Z,68.0
2023-04-29T12:09:40Z,67.0
2023-04-29T12:09:50Z,68.0
2023-04-29T12:09:55Z,67.0
2023-04-29T12:10:05Z,66.0
2023-04-29T12:10:15Z,65.0
2023-04-29T12:10:20Z,65.0
2023-04-29T12:10:25Z,65.0
2023-04-29T12:10:35Z,67.0
2023-04-29T12:10:40Z,66.0
2023-04-29T12:10:50Z,65.0
2023-04-29T12:10:55Z,64.0
2023-04-29T12:11:00Z,65.0
2023-04-29T12:11:10Z,63.0
2023-04-29T12:11:15Z,62.0
2023-04-29T12:11:20Z,63.0
2023-04-29T12:11:25Z,64.0
2023-04-29T12:11:30Z,65.0
2023-04-29T12:11:35Z,64.0
2023-04-29T12:11:40Z,63.0
2023-04-29T12:11:45Z,64.0
2023-04-29T12:11:50Z,65.0
2023-04-29T12:12:05Z,67.0
2023-04-29T12:12:10Z,68.0
2023-04-29T12:12:15Z,67.0
2023-04-29T12:12:20Z,67.0
2023-04-29T12:12:25Z,66.0
2023-04-29T12:12:30Z,67.0
2023-04-29T12:12:40Z,66.0
2023-04-29T12:12:50Z,64.0
2023-04-29T12:13:00Z,62.0
2023-04-29T12:13:10Z,63.0
2023-04-29T12:13:25Z,64.0
2023-04-29T12:13:30Z,67.0
2023-04-29T12:13:40Z,66.0
2023-04-29T12:13:45Z,65.0
2023-04-29T12:13:50Z,65.0
2023-04-29T12:13:55Z,62.0
2023-04-29T12:14:05Z,63.0
2023-04-29T12:14:10Z,64.0
2023-04-29T12:14:25Z,66.0
2023-04-29T12:14:30Z,66.0
2023-04-29T12:14:35Z,67.0
2023-04-29T12:14:40Z,65.0
2023-04-29T12:14:45Z,63.0
2023-04-29T12:14:50Z,64.0
2023-04-29T12:14:55Z,65.0
2023-04-29T12:15:10Z,65.0
2023-04-29T12:15:20Z,66.0
2023-04-29T12:15:30Z,67.0
2023-04-29T12:15:35Z,67.0
2023-04-29T12:15:45Z,66.0
2023-04-29T12:15:50Z,64.0
2023-04-29T12:15:55Z,63.0
2023-04-29T12:16:05Z,64.0
2023-04-29T12:16:20Z,65.0
2023-04-29T12:16:30Z,66.0
2023-04-29T12:16:35Z,67.0
2023-04-29T12:16:40Z,67.0
2023-04-29T12:16:45Z,66.0
2023-04-29T12:16:50Z,63.0
2023-04-29T12:16:55Z,64.0
2023-04-29T12:17:00Z,63.0
2023-04-29T12:17:15Z,63.0
2023-04-29T12:17:20Z,64.0
2023-04-29T12:17:30Z,66.0
2023-04-29T12:17:35Z,68.0
2023-04-29T12:17:40Z,66.0
2023-04-29T12:17:45Z,64.0
2023-04-29T12:17:50Z,63.0
2023-04-29T12:17:55Z,64.0
2023-04-29T12:18:00Z,64.0
2023-04-29T12:18:05Z,63.0
2023-04-29T12:18:15Z,64.0
2023-04-29T12:18:25Z,63.0
2023-04-29T12:18:35Z,62.0
2023-04-29T12:18:40Z,58.0
2023-04-29T12:18:50Z,60.0
2023-04-29T12:18:55Z,62.0
2023-04-29T12:19:00Z,64.0
2023-04-29T12:19:05Z,63.0
2023-04-29T12:19:10Z,62.0
2023-04-29T12:19:25Z,62.0
2023-04-29T12:19:30Z,63.0
2023-04-29T12:19:40Z,65.0
2023-04-29T12:19:45Z,82.0
2023-04-29T12:19:50Z,82.0
2023-04-29T12:19:55Z,74.0
2023-04-29T12:20:10Z,77.0
2023-04-29T12:20:15Z,77.0
2023-04-29T12:20:25Z,77.0
2023-04-29T12:20:35Z,70.0
2023-04-29T12:20:40Z,63.0
2023-04-29T12:20:45Z,60.0
2023-04-29T12:20:50Z,58.0
2023-04-29T12:21:00Z,59.0
2023-04-29T12:21:05Z,58.0
2023-04-29T12:21:15Z,60.0
2023-04-29T12:21:20Z,61.0
2023-04-29T12:21:25Z,62.0
2023-04-29T12:21:40Z,62.0
2023-04-29T12:21:45Z,61.0
2023-04-29T12:21:50Z,60.0
2023-04-29T12:21:55Z,59.0
2023-04-29T12:22:10Z,59.0
2023-04-29T12:22:15Z,60.0
2023-04-29T12:22:25Z,59.0
2023-04-29T12:22:30Z,58.0
2023-04-29T12:22:40Z,59.0
2023-04-29T12:22:50Z,60.0
2023-04-29T12:22:55Z,59.0
2023-04-29T12:23:10Z,58.0
2023-04-29T12:23:15Z,58.0
2023-04-29T12:23:20Z,59.0
2023-04-29T12:23:25Z,58.0
2023-04-29T12:23:30Z,58.0
2023-04-29T12:23:35Z,59.0
2023-04-29T12:23:40Z,74.0
2023-04-29T12:23:45Z,83.0
2023-04-29T12:23:50Z,85.0
2023-04-29T12:23:55Z,83.0
2023-04-29T12:24:01Z,81.0
2023-04-29T12:24:11Z,83.0
2023-04-29T12:24:16Z,84.0
2023-04-29T12:24:21Z,72.0
2023-04-29T12:24:26Z,67.0
2023-04-29T12:24:31Z,64.0
2023-04-29T12:24:36Z,62.0
2023-04-29T12:24:41Z,61.0
2023-04-29T12:24:46Z,60.0
2023-04-29T12:24:51Z,58.0
2023-04-29T12:25:06Z,58.0
2023-04-29T12:25:16Z,59.0
2023-04-29T12:25:26Z,60.0
2023-04-29T12:25:45Z,62.0
2023-04-29T12:25:50Z,63.0
2023-04-29T12:25:55Z,62.0
2023-04-29T12:26:00Z,59.0
2023-04-29T12:26:05Z,58.0
2023-04-29T12:26:20Z,58.0
2023-04-29T12:26:25Z,59.0
2023-04-29T12:26:30Z,58.0
2023-04-29T12:26:45Z,59.0
2023-04-29T12:27:00Z,59.0
2023-04-29T12:27:05Z,62.0
2023-04-29T12:27:10Z,64.0
2023-04-29T12:27:15Z,63.0
2023-04-29T12:27:20Z,60.0
2023-04-29T12:27:25Z,59.0
2023-04-29T12:27:30Z,58.0
2023-04-29T12:27:45Z,60.0
2023-04-29T12:27:50Z,61.0
2023-04-29T12:27:55Z,58.0
2023-04-29T12:28:05Z,57.0
2023-04-29T12:28:10Z,59.0
2023-04-29T12:28:20Z,57.0
2023-04-29T12:28:25Z,56.0
2023-04-29T12:28:35Z,57.0
2023-04-29T12:28:40Z,56.0
2023-04-29T12:28:45Z,55.0
2023-04-29T12:28:56Z,55.0
2023-04-29T12:29:01Z,57.0
2023-04-29T12:29:06Z,58.0
2023-04-29T12:29:11Z,59.0
2023-04-29T12:29:26Z,59.0
2023-04-29T12:29:31Z,58.0
2023-04-29T12:29:36Z,57.0
2023-04-29T12:29:46Z,58.0
2023-04-29T12:29:51Z,58.0
2023-04-29T12:29:56Z,57.0
2023-04-29T12:30:01Z,58.0
2023-04-29T12:30:06Z,59.0
2023-04-29T12:30:11Z,60.0
2023-04-29T12:30:21Z,61.0
2023-04-29T12:30:36Z,61.0
2023-04-29T12:30:46Z,79.0
2023-04-29T12:30:51Z,87.0
2023-04-29T12:30:56Z,87.0
2023-04-29T12:31:01Z,86.0
2023-04-29T12:31:06Z,83.0
2023-04-29T12:31:11Z,72.0
2023-04-29T12:31:16Z,71.0
2023-04-29T12:31:31Z,70.0
2023-04-29T12:31:36Z,66.0
2023-04-29T12:31:41Z,64.0
2023-04-29T12:31:46Z,61.0
2023-04-29T12:31:51Z,60.0
2023-04-29T12:31:56Z,59.0
2023-04-29T12:32:11Z,59.0
2023-04-29T12:32:21Z,60.0
2023-04-29T12:32:26Z,61.0
2023-04-29T12:32:41Z,61.0
2023-04-29T12:32:46Z,60.0
2023-04-29T12:32:56Z,61.0
2023-04-29T12:33:01Z,65.0
2023-04-29T12:33:06Z,63.0
2023-04-29T12:33:11Z,62.0
2023-04-29T12:33:16Z,62.0
2023-04-29T12:33:21Z,61.0
2023-04-29T12:33:26Z,60.0
2023-04-29T12:33:41Z,60.0
2023-04-29T12:33:56Z,61.0
2023-04-29T12:34:06Z,60.0
2023-04-29T12:34:16Z,59.0
2023-04-29T12:34:26Z,60.0
2023-04-29T12:34:31Z,60.0
2023-04-29T12:34:36Z,59.0
2023-04-29T12:34:46Z,58.0
2023-04-29T12:34:51Z,57.0
2023-04-29T12:35:01Z,58.0
2023-04-29T12:35:06Z,57.0
2023-04-29T12:35:11Z,58.0
2023-04-29T12:35:16Z,59.0
2023-04-29T12:35:21Z,60.0
2023-04-29T12:35:26Z,61.0
2023-04-29T12:35:31Z,62.0
2023-04-29T12:35:36Z,63.0
2023-04-29T12:35:46Z,64.0
2023-04-29T12:35:51Z,74.0
2023-04-29T12:35:56Z,78.0
2023-04-29T12:36:01Z,73.0
2023-04-29T12:36:06Z,71.0
2023-04-29T12:36:11Z,69.0
2023-04-29T12:36:16Z,67.0
2023-04-29T12:36:21Z,65.0
2023-04-29T12:36:26Z,64.0
2023-04-29T12:36:31Z,63.0
2023-04-29T12:36:36Z,64.0
2023-04-29T12:36:46Z,66.0
2023-04-29T12:36:51Z,70.0
2023-04-29T12:36:56Z,71.0
2023-04-29T12:37:01Z,71.0
2023-04-29T12:37:06Z,68.0
2023-04-29T12:37:11Z,63.0
2023-04-29T12:37:16Z,62.0
2023-04-29T12:37:21Z,61.0
2023-04-29T12:37:26Z,62.0
2023-04-29T12:37:31Z,64.0
2023-04-29T12:37:36Z,66.0
2023-04-29T12:37:41Z,67.0
2023-04-29T12:37:46Z,68.0
2023-04-29T12:37:51Z,70.0
2023-04-29T12:38:06Z,70.0
2023-04-29T12:38:11Z,71.0
2023-04-29T12:38:21Z,68.0
2023-04-29T12:38:26Z,64.0
2023-04-29T12:38:31Z,62.0
2023-04-29T12:38:36Z,63.0
2023-04-29T12:38:41Z,64.0
2023-04-29T12:38:46Z,61.0
2023-04-29T12:38:51Z,59.0
2023-04-29T12:39:01Z,60.0
2023-04-29T12:39:06Z,62.0
2023-04-29T12:39:11Z,62.0
2023-04-29T12:39:16Z,61.0
2023-04-29T12:39:21Z,61.0
2023-04-29T12:39:26Z,62.0
2023-04-29T12:39:41Z,77.0
2023-04-29T12:39:46Z,85.0
2023-04-29T12:39:51Z,84.0
2023-04-29T12:39:56Z,72.0
2023-04-29T12:40:01Z,68.0
2023-04-29T12:40:06Z,67.0
2023-04-29T12:40:21Z,68.0
2023-04-29T12:40:26Z,71.0
2023-04-29T12:40:31Z,68.0
2023-04-29T12:40:36Z,63.0
2023-04-29T12:40:41Z,61.0
2023-04-29T12:40:46Z,60.0
2023-04-29T12:40:56Z,59.0
2023-04-29T12:41:01Z,58.0
2023-04-29T12:41:06Z,58.0
2023-04-29T12:41:11Z,60.0
2023-04-29T12:41:21Z,61.0
2023-04-29T12:41:36Z,61.0
2023-04-29T12:41:49Z,63.0
2023-04-29T12:41:54Z,64.0
2023-04-29T12:42:09Z,63.0
2023-04-29T12:42:14Z,62.0
2023-04-29T12:42:24Z,63.0
2023-04-29T12:42:29Z,65.0
2023-04-29T12:42:34Z,64.0
2023-04-29T12:42:44Z,63.0
2023-04-29T12:42:49Z,62.0
2023-04-29T12:43:04Z,62.0
2023-04-29T12:43:19Z,62.0
2023-04-29T12:43:24Z,64.0
2023-04-29T12:43:29Z,63.0
2023-04-29T12:43:34Z,65.0
2023-04-29T12:43:39Z,66.0
2023-04-29T12:43:44Z,65.0
2023-04-29T12:43:49Z,64.0
2023-04-29T12:43:54Z,63.0
2023-04-29T12:43:59Z,62.0
2023-04-29T12:44:04Z,63.0
2023-04-29T12:44:14Z,63.0
2023-04-29T12:44:19Z,64.0
2023-04-29T12:44:29Z,63.0
2023-04-29T12:44:34Z,58.0
2023-04-29T12:44:44Z,59.0
2023-04-29T12:44:49Z,60.0
2023-04-29T12:44:54Z,59.0
2023-04-29T12:44:59Z,61.0
2023-04-29T12:45:04Z,61.0
2023-04-29T12:45:09Z,62.0
2023-04-29T12:45:19Z,64.0
2023-04-29T12:45:24Z,65.0
2023-04-29T12:45:29Z,63.0
2023-04-29T12:45:44Z,63.0
2023-04-29T12:45:59Z,63.0
2023-04-29T12:46:09Z,64.0
2023-04-29T12:46:24Z,65.0
2023-04-29T12:46:39Z,65.0
2023-04-29T12:46:44Z,65.0
2023-04-29T12:46:49Z,65.0
2023-04-29T12:47:04Z,63.0
2023-04-29T12:47:14Z,64.0
2023-04-29T12:47:19Z,67.0
2023-04-29T12:47:24Z,71.0
2023-04-29T12:47:34Z,69.0
2023-04-29T12:47:39Z,66.0
2023-04-29T12:47:44Z,65.0
2023-04-29T12:47:59Z,67.0
2023-04-29T12:48:04Z,68.0
2023-04-29T12:48:14Z,71.0
2023-04-29T12:48:19Z,70.0
2023-04-29T12:48:24Z,67.0
2023-04-29T12:48:29Z,64.0
2023-04-29T12:48:34Z,63.0
2023-04-29T12:48:39Z,64.0
2023-04-29T12:48:49Z,65.0
2023-04-29T12:48:59Z,67.0
2023-04-29T12:49:09Z,68.0
2023-04-29T12:49:24Z,69.0
2023-04-29T12:49:29Z,70.0
2023-04-29T12:49:34Z,71.0
2023-04-29T12:49:44Z,73.0
2023-04-29T12:49:49Z,73.0
2023-04-29T12:49:54Z,69.0
2023-04-29T12:49:59Z,66.0
2023-04-29T12:50:04Z,63.0
2023-04-29T12:50:09Z,61.0
2023-04-29T12:50:14Z,60.0
2023-04-29T12:50:24Z,61.0
2023-04-29T12:50:29Z,62.0
2023-04-29T12:50:34Z,64.0
2023-04-29T12:50:49Z,65.0
2023-04-29T12:50:54Z,66.0
2023-04-29T12:50:59Z,69.0
2023-04-29T12:51:09Z,70.0
2023-04-29T12:51:19Z,68.0
2023-04-29T12:51:24Z,67.0
2023-04-29T12:51:29Z,64.0
2023-04-29T12:51:34Z,64.0
2023-04-29T12:51:44Z,63.0
2023-04-29T12:51:49Z,63.0
2023-04-29T12:51:54Z,63.0
2023-04-29T12:51:59Z,62.0
2023-04-29T12:52:09Z,63.0
2023-04-29T12:52:14Z,66.0
2023-04-29T12:52:19Z,65.0
2023-04-29T12:52:24Z,63.0
2023-04-29T12:52:29Z,62.0
2023-04-29T12:52:44Z,62.0
2023-04-29T12:52:49Z,62.0
2023-04-29T12:52:54Z,61.0
2023-04-29T12:53:04Z,62.0
2023-04-29T12:53:09Z,63.0
2023-04-29T12:53:14Z,63.0
2023-04-29T12:53:24Z,63.0
2023-04-29T12:53:39Z,62.0
2023-04-29T12:53:49Z,63.0
2023-04-29T12:54:04Z,62.0
2023-04-29T12:54:19Z,63.0
2023-04-29T12:54:24Z,64.0
2023-04-29T12:54:34Z,65.0
2023-04-29T12:54:39Z,65.0
2023-04-29T12:54:54Z,66.0
2023-04-29T12:54:59Z,65.0
2023-04-29T12:55:05Z,65.0
2023-04-29T12:55:10Z,66.0
2023-04-29T12:55:20Z,65.0
2023-04-29T12:55:25Z,66.0
2023-04-29T12:55:30Z,69.0
2023-04-29T12:55:35Z,70.0
2023-04-29T12:55:45Z,68.0
2023-04-29T12:55:50Z,65.0
2023-04-29T12:55:55Z,63.0
2023-04-29T12:56:00Z,62.0
2023-04-29T12:56:05Z,59.0
2023-04-29T12:56:20Z,60.0
2023-04-29T12:56:25Z,61.0
2023-04-29T12:56:30Z,62.0
2023-04-29T12:56:40Z,62.0
2023-04-29T12:56:45Z,63.0
2023-04-29T12:56:50Z,65.0
2023-04-29T12:56:55Z,67.0
2023-04-29T12:57:00Z,68.0
2023-04-29T12:57:05Z,68.0
2023-04-29T12:57:10Z,67.0
2023-04-29T12:57:15Z,66.0
2023-04-29T12:57:30Z,65.0
2023-04-29T12:57:35Z,65.0
2023-04-29T12:57:40Z,66.0
2023-04-29T12:57:45Z,65.0
2023-04-29T12:57:55Z,66.0
2023-04-29T12:58:00Z,68.0
2023-04-29T12:58:05Z,66.0
2023-04-29T12:58:10Z,64.0
2023-04-29T12:58:20Z,65.0
2023-04-29T12:58:30Z,64.0
2023-04-29T12:58:35Z,62.0
2023-04-29T12:58:40Z,61.0
2023-04-29T12:58:45Z,63.0
2023-04-29T12:58:50Z,66.0
2023-04-29T12:58:55Z,67.0
2023-04-29T12:59:05Z,65.0
2023-04-29T12:59:10Z,62.0
2023-04-29T12:59:15Z,61.0
2023-04-29T12:59:30Z,61.0
2023-04-29T12:59:35Z,62.0
2023-04-29T12:59:40Z,62.0
2023-04-29T12:59:45Z,63.0
2023-04-29T12:59:55Z,62.0
2023-04-29T13:00:10Z,62.0
2023-04-29T13:00:15Z,62.0
2023-04-29T13:00:25Z,63.0
2023-04-29T13:00:30Z,65.0
2023-04-29T13:00:35Z,67.0
2023-04-29T13:00:45Z,66.0
2023-04-29T13:00:50Z,67.0
2023-04-29T13:01:05Z,67.0
2023-04-29T13:01:10Z,75.0
2023-04-29T13:01:15Z,74.0
2023-04-29T13:01:20Z,70.0
2023-04-29T13:01:25Z,67.0
2023-04-29T13:01:35Z,68.0
2023-04-29T13:01:45Z,65.0
2023-04-29T13:01:50Z,64.0
2023-04-29T13:02:00Z,65.0
2023-04-29T13:02:05Z,68.0
2023-04-29T13:02:10Z,70.0
2023-04-29T13:02:20Z,69.0
2023-04-29T13:02:25Z,68.0
2023-04-29T13:02:40Z,67.0
2023-04-29T13:02:45Z,68.0
2023-04-29T13:02:50Z,69.0
2023-04-29T13:03:00Z,68.0
2023-04-29T13:03:05Z,65.0
2023-04-29T13:03:10Z,63.0
2023-04-29T13:03:15Z,62.0
2023-04-29T13:03:30Z,62.0
2023-04-29T13:03:35Z,63.0
2023-04-29T13:03:40Z,64.0
2023-04-29T13:03:45Z,66.0
2023-04-29T13:03:50Z,67.0
2023-04-29T13:03:55Z,66.0
2023-04-29T13:04:00Z,66.0
2023-04-29T13:04:05Z,65.0
2023-04-29T13:04:10Z,64.0
2023-04-29T13:04:15Z,62.0
2023-04-29T13:04:30Z,63.0
2023-04-29T13:04:35Z,64.0
2023-04-29T13:04:45Z,66.0
2023-04-29T13:04:50Z,68.0
2023-04-29T13:05:00Z,68.0
2023-04-29T13:05:15Z,68.0
2023-04-29T13:05:20Z,60.0
2023-04-29T13:05:25Z,58.0
2023-04-29T13:05:30Z,60.0
2023-04-29T13:05:35Z,61.0
2023-04-29T13:05:40Z,62.0
2023-04-29T13:05:45Z,62.0
2023-04-29T13:05:55Z,62.0
2023-04-29T13:06:00Z,60.0
2023-04-29T13:06:10Z,61.0
2023-04-29T13:06:15Z,61.0
2023-04-29T13:06:30Z,61.0
2023-04-29T13:06:35Z,62.0
2023-04-29T13:06:40Z,62.0
2023-04-29T13:06:55Z,62.0
2023-04-29T13:07:00Z,63.0
2023-04-29T13:07:15Z,62.0
2023-04-29T13:07:25Z,64.0
2023-04-29T13:07:30Z,65.0
2023-04-29T13:07:35Z,63.0
2023-04-29T13:07:40Z,63.0
2023-04-29T13:07:45Z,64.0
2023-04-29T13:07:50Z,62.0
2023-04-29T13:08:00Z,63.0
2023-04-29T13:08:05Z,64.0
2023-04-29T13:08:20Z,63.0
2023-04-29T13:08:25Z,61.0
2023-04-29T13:08:35Z,62.0
2023-04-29T13:08:45Z,64.0
2023-04-29T13:09:00Z,63.0
2023-04-29T13:09:10Z,62.0
2023-04-29T13:09:15Z,63.0
2023-04-29T13:09:30Z,69.0
2023-04-29T13:09:35Z,84.0
2023-04-29T13:09:40Z,86.0
2023-04-29T13:09:50Z,85.0
2023-04-29T13:09:55Z,67.0
2023-04-29T13:10:00Z,62.0
2023-04-29T13:10:05Z,61.0
2023-04-29T13:10:10Z,59.0
2023-04-29T13:10:15Z,57.0
2023-04-29T13:10:20Z,57.0
2023-04-29T13:10:25Z,56.0
2023-04-29T13:10:30Z,56.0
2023-04-29T13:10:40Z,58.0
2023-04-29T13:10:45Z,60.0
2023-04-29T13:10:50Z,62.0
2023-04-29T13:11:00Z,60.0
2023-04-29T13:11:05Z,58.0
2023-04-29T13:11:10Z,59.0
2023-04-29T13:11:15Z,61.0
2023-04-29T13:11:20Z,60.0
2023-04-29T13:11:25Z,59.0
2023-04-29T13:11:35Z,58.0
2023-04-29T13:11:40Z,60.0
2023-04-29T13:11:45Z,61.0
2023-04-29T13:11:50Z,61.0
2023-04-29T13:12:00Z,62.0
2023-04-29T13:12:05Z,65.0
2023-04-29T13:12:20Z,65.0
2023-04-29T13:12:25Z,64.0
2023-04-29T13:12:30Z,62.0
2023-04-29T13:12:35Z,59.0
2023-04-29T13:12:45Z,59.0
2023-04-29T13:12:50Z,58.0
2023-04-29T13:13:00Z,57.0
2023-04-29T13:13:10Z,58.0
2023-04-29T13:13:15Z,64.0
2023-04-29T13:13:20Z,65.0
2023-04-29T13:13:30Z,63.0
2023-04-29T13:13:35Z,61.0
2023-04-29T13:13:40Z,59.0
2023-04-29T13:13:50Z,58.0
2023-04-29T13:14:05Z,59.0
2023-04-29T13:14:10Z,60.0
2023-04-29T13:14:20Z,62.0
2023-04-29T13:14:25Z,64.0
2023-04-29T13:14:40Z,63.0
2023-04-29T13:14:45Z,61.0
2023-04-29T13:14:50Z,62.0
2023-04-29T13:15:00Z,61.0
2023-04-29T13:15:10Z,62.0
2023-04-29T13:15:20Z,61.0
2023-04-29T13:15:35Z,60.0
2023-04-29T13:15:45Z,61.0
2023-04-29T13:16:00Z,61.0
2023-04-29T13:16:05Z,60.0
2023-04-29T13:16:20Z,60.0
2023-04-29T13:16:25Z,62.0
2023-04-29T13:16:30Z,65.0
2023-04-29T13:16:40Z,64.0
2023-04-29T13:16:45Z,62.0
2023-04-29T13:16:50Z,61.0
2023-04-29T13:16:55Z,60.0
2023-04-29T13:17:00Z,59.0
2023-04-29T13:17:15Z,59.0
2023-04-29T13:17:25Z,60.0
2023-04-29T13:17:30Z,61.0
2023-04-29T13:17:40Z,60.0
2023-04-29T13:17:45Z,59.0
2023-04-29T13:17:50Z,60.0
2023-04-29T13:17:55Z,61.0
2023-04-29T13:18:00Z,60.0
2023-04-29T13:18:05Z,61.0
2023-04-29T13:18:15Z,59.0
2023-04-29T13:18:25Z,60.0
2023-04-29T13:18:30Z,61.0
2023-04-29T13:18:45Z,59.0
2023-04-29T13:18:50Z,58.0
2023-04-29T13:18:55Z,59.0
2023-04-29T13:19:05Z,60.0
2023-04-29T13:19:10Z,59.0
2023-04-29T13:19:15Z,58.0
2023-04-29T13:19:20Z,59.0
2023-04-29T13:19:25Z,60.0
2023-04-29T13:19:30Z,61.0
2023-04-29T13:19:35Z,60.0
2023-04-29T13:19:40Z,59.0
2023-04-29T13:19:45Z,60.0
2023-04-29T13:19:50Z,59.0
2023-04-29T13:19:55Z,58.0
2023-04-29T13:20:10Z,59.0
2023-04-29T13:20:15Z,60.0
2023-04-29T13:20:20Z,59.0
2023-04-29T13:20:25Z,59.0
2023-04-29T13:20:30Z,58.0
2023-04-29T13:20:40Z,58.0
2023-04-29T13:20:45Z,58.0
2023-04-29T13:20:55Z,57.0
2023-04-29T13:21:00Z,56.0
2023-04-29T13:21:05Z,57.0
2023-04-29T13:21:15Z,58.0
2023-04-29T13:21:30Z,57.0
2023-04-29T13:21:40Z,59.0
2023-04-29T13:21:45Z,61.0
2023-04-29T13:21:50Z,60.0
2023-04-29T13:21:55Z,59.0
2023-04-29T13:22:00Z,58.0
2023-04-29T13:22:15Z,57.0
2023-04-29T13:22:25Z,58.0
2023-04-29T13:22:35Z,59.0
2023-04-29T13:22:50Z,60.0
2023-04-29T13:22:55Z,59.0
2023-04-29T13:23:05Z,58.0
2023-04-29T13:23:10Z,56.0
2023-04-29T13:23:15Z,54.0
2023-04-29T13:23:25Z,55.0
2023-04-29T13:23:40Z,56.0
2023-04-29T13:23:45Z,55.0
2023-04-29T13:23:50Z,53.0
2023-04-29T13:24:00Z,55.0
2023-04-29T13:24:05Z,55.0
2023-04-29T13:24:15Z,54.0
2023-04-29T13:24:30Z,55.0
2023-04-29T13:24:40Z,54.0
2023-04-29T13:24:47Z,54.0
2023-04-29T13:24:52Z,55.0
2023-04-29T13:24:57Z,57.0
2023-04-29T13:25:02Z,58.0
2023-04-29T13:25:07Z,59.0
2023-04-29T13:25:12Z,58.0
2023-04-29T13:25:17Z,56.0
2023-04-29T13:25:27Z,57.0
2023-04-29T13:25:32Z,57.0
2023-04-29T13:25:47Z,59.0
2023-04-29T13:25:52Z,58.0
2023-04-29T13:26:07Z,59.0
2023-04-29T13:26:12Z,58.0
2023-04-29T13:26:17Z,57.0
2023-04-29T13:26:32Z,58.0
2023-04-29T13:26:42Z,59.0
2023-04-29T13:26:47Z,60.0
2023-04-29T13:27:02Z,60.0
2023-04-29T13:27:07Z,62.0
2023-04-29T13:27:12Z,61.0
2023-04-29T13:27:17Z,59.0
2023-04-29T13:27:22Z,58.0
2023-04-29T13:27:37Z,58.0
2023-04-29T13:27:42Z,59.0
2023-04-29T13:27:47Z,60.0
2023-04-29T13:27:52Z,59.0
2023-04-29T13:28:07Z,59.0
2023-04-29T13:28:12Z,59.0
2023-04-29T13:28:27Z,59.0
2023-04-29T13:28:32Z,60.0
2023-04-29T13:28:37Z,61.0
2023-04-29T13:28:42Z,60.0
2023-04-29T13:28:57Z,60.0
2023-04-29T13:29:02Z,59.0
2023-04-29T13:29:07Z,58.0
2023-04-29T13:29:17Z,59.0
2023-04-29T13:29:32Z,60.0
2023-04-29T13:29:37Z,61.0
2023-04-29T13:29:42Z,60.0
2023-04-29T13:29:52Z,61.0
2023-04-29T13:29:57Z,62.0
2023-04-29T13:30:07Z,61.0
2023-04-29T13:30:12Z,60.0
2023-04-29T13:30:22Z,59.0
2023-04-29T13:30:32Z,60.0
2023-04-29T13:30:47Z,61.0
2023-04-29T13:30:57Z,60.0
2023-04-29T13:31:12Z,60.0
2023-04-29T13:31:17Z,61.0
2023-04-29T13:31:27Z,62.0
2023-04-29T13:31:37Z,61.0
2023-04-29T13:31:52Z,62.0
2023-04-29T13:32:02Z,61.0
2023-04-29T13:32:07Z,60.0
2023-04-29T13:32:12Z,60.0
2023-04-29T13:32:22Z,59.0
2023-04-29T13:32:27Z,60.0
2023-04-29T13:32:32Z,61.0
2023-04-29T13:32:47Z,61.0
2023-04-29T13:33:02Z,61.0
2023-04-29T13:33:12Z,62.0
2023-04-29T13:33:17Z,62.0
2023-04-29T13:33:22Z,62.0
2023-04-29T13:33:27Z,60.0
2023-04-29T13:33:32Z,59.0
2023-04-29T13:33:47Z,59.0
2023-04-29T13:33:52Z,60.0
2023-04-29T13:33:57Z,59.0
2023-04-29T13:34:02Z,58.0
2023-04-29T13:34:17Z,60.0
2023-04-29T13:34:28Z,60.0
2023-04-29T13:34:38Z,61.0
2023-04-29T13:34:48Z,62.0
2023-04-29T13:34:53Z,62.0
2023-04-29T13:34:58Z,61.0
2023-04-29T13:35:03Z,60.0
2023-04-29T13:35:13Z,59.0
2023-04-29T13:35:23Z,57.0
2023-04-29T13:35:33Z,58.0
2023-04-29T13:35:43Z,59.0
2023-04-29T13:35:58Z,59.0
2023-04-29T13:36:13Z,60.0
2023-04-29T13:36:28Z,58.0
2023-04-29T13:36:38Z,57.0
2023-04-29T13:36:48Z,58.0
2023-04-29T13:36:53Z,59.0
2023-04-29T13:36:58Z,60.0
2023-04-29T13:37:13Z,58.0
2023-04-29T13:37:18Z,59.0
2023-04-29T13:37:23Z,60.0
2023-04-29T13:37:38Z,60.0
2023-04-29T13:37:43Z,61.0
2023-04-29T13:37:53Z,60.0
2023-04-29T13:37:58Z,57.0
2023-04-29T13:38:08Z,58.0
2023-04-29T13:38:18Z,59.0
2023-04-29T13:38:28Z,60.0
2023-04-29T13:38:33Z,60.0
2023-04-29T13:38:48Z,60.0
2023-04-29T13:39:03Z,61.0
2023-04-29T13:39:18Z,61.0
2023-04-29T13:39:23Z,60.0
2023-04-29T13:39:38Z,60.0
2023-04-29T13:39:53Z,62.0
2023-04-29T13:39:58Z,60.0
2023-04-29T13:40:03Z,59.0
2023-04-29T13:40:08Z,60.0
2023-04-29T13:40:23Z,60.0
2023-04-29T13:40:38Z,60.0
2023-04-29T13:40:43Z,59.0
2023-04-29T13:40:49Z,57.0
2023-04-29T13:40:59Z,58.0
2023-04-29T13:41:09Z,59.0
2023-04-29T13:41:14Z,60.0
2023-04-29T13:41:19Z,59.0
2023-04-29T13:41:29Z,60.0
2023-04-29T13:41:44Z,61.0
2023-04-29T13:41:49Z,60.0
2023-04-29T13:41:54Z,59.0
2023-04-29T13:42:09Z,60.0
2023-04-29T13:42:14Z,59.0
2023-04-29T13:42:29Z,59.0
2023-04-29T13:42:44Z,59.0
2023-04-29T13:42:59Z,58.0
2023-04-29T13:43:04Z,56.0
2023-04-29T13:43:14Z,57.0
2023-04-29T13:43:19Z,58.0
2023-04-29T13:43:24Z,59.0
2023-04-29T13:43:34Z,60.0
2023-04-29T13:43:39Z,59.0
2023-04-29T13:43:54Z,59.0
2023-04-29T13:43:59Z,60.0
2023-04-29T13:44:04Z,61.0
2023-04-29T13:44:09Z,62.0
2023-04-29T13:44:14Z,61.0
2023-04-29T13:44:24Z,60.0
2023-04-29T13:44:39Z,60.0
2023-04-29T13:44:44Z,60.0
2023-04-29T13:44:54Z,61.0
2023-04-29T13:45:04Z,60.0
2023-04-29T13:45:14Z,59.0
2023-04-29T13:45:24Z,60.0
2023-04-29T13:45:34Z,61.0
2023-04-29T13:45:49Z,61.0
2023-04-29T13:45:54Z,60.0
2023-04-29T13:46:09Z,60.0
2023-04-29T13:46:24Z,59.0
2023-04-29T13:46:34Z,60.0
2023-04-29T13:46:49Z,61.0
2023-04-29T13:46:54Z,60.0
2023-04-29T13:47:09Z,60.0
2023-04-29T13:47:14Z,61.0
2023-04-29T13:47:24Z,59.0
2023-04-29T13:47:29Z,57.0
2023-04-29T13:47:34Z,57.0
2023-04-29T13:47:44Z,58.0
2023-04-29T13:47:49Z,59.0
2023-04-29T13:47:54Z,58.0
2023-04-29T13:47:59Z,57.0
2023-04-29T13:48:04Z,58.0
2023-04-29T13:48:09Z,58.0
2023-04-29T13:48:24Z,57.0
2023-04-29T13:48:39Z,58.0
2023-04-29T13:48:44Z,59.0
2023-04-29T13:48:49Z,60.0
2023-04-29T13:48:59Z,58.0
2023-04-29T13:49:14Z,59.0
2023-04-29T13:49:29Z,58.0
2023-04-29T13:49:34Z,57.0
2023-04-29T13:49:44Z,58.0
2023-04-29T13:49:59Z,58.0
2023-04-29T13:50:04Z,59.0
2023-04-29T13:50:14Z,60.0
2023-04-29T13:50:19Z,59.0
2023-04-29T13:50:29Z,58.0
2023-04-29T13:50:44Z,58.0
2023-04-29T13:50:54Z,59.0
2023-04-29T13:51:09Z,58.0
2023-04-29T13:51:19Z,59.0
2023-04-29T13:51:29Z,58.0
2023-04-29T13:51:34Z,57.0
2023-04-29T13:51:39Z,58.0
2023-04-29T13:51:44Z,59.0
2023-04-29T13:51:59Z,58.0
2023-04-29T13:52:14Z,57.0
2023-04-29T13:52:19Z,58.0
2023-04-29T13:52:34Z,60.0
2023-04-29T13:52:44Z,60.0
2023-04-29T13:52:49Z,59.0
2023-04-29T13:52:59Z,58.0
2023-04-29T13:53:04Z,57.0
2023-04-29T13:53:10Z,57.0
2023-04-29T13:53:20Z,58.0
2023-04-29T13:53:25Z,59.0
2023-04-29T13:53:35Z,58.0
2023-04-29T13:53:50Z,58.0
2023-04-29T13:53:55Z,57.0
2023-04-29T13:54:00Z,58.0
2023-04-29T13:54:15Z,58.0
2023-04-29T13:54:25Z,57.0
2023-04-29T13:54:40Z,56.0
2023-04-29T13:54:50Z,57.0
2023-04-29T13:54:55Z,59.0
2023-04-29T13:55:10Z,59.0
2023-04-29T13:55:20Z,58.0
2023-04-29T13:55:35Z,59.0
2023-04-29T13:55:45Z,58.0
2023-04-29T13:56:00Z,57.0
2023-04-29T13:56:10Z,58.0
2023-04-29T13:56:15Z,58.0
2023-04-29T13:56:20Z,59.0
2023-04-29T13:56:35Z,59.0
2023-04-29T13:56:40Z,74.0
2023-04-29T13:56:51Z,72.0
2023-04-29T13:57:01Z,71.0
2023-04-29T13:57:06Z,70.0
2023-04-29T13:57:11Z,68.0
2023-04-29T13:57:16Z,64.0
2023-04-29T13:57:21Z,63.0
2023-04-29T13:57:26Z,60.0
2023-04-29T13:57:31Z,60.0
2023-04-29T13:57:36Z,58.0
2023-04-29T13:57:41Z,56.0
2023-04-29T13:57:51Z,55.0
2023-04-29T13:58:06Z,54.0
2023-04-29T13:58:21Z,54.0
2023-04-29T13:58:26Z,56.0
2023-04-29T13:58:31Z,57.0
2023-04-29T13:58:46Z,57.0
2023-04-29T13:58:51Z,58.0
2023-04-29T13:58:56Z,57.0
2023-04-29T13:59:11Z,58.0
2023-04-29T13:59:26Z,58.0
2023-04-29T13:59:41Z,59.0
2023-04-29T13:59:51Z,60.0
2023-04-29T14:00:06Z,59.0
2023-04-29T14:00:16Z,58.0
2023-04-29T14:00:31Z,57.0
2023-04-29T14:00:46Z,57.0
2023-04-29T14:00:56Z,58.0
2023-04-29T14:01:01Z,61.0
2023-04-29T14:01:06Z,59.0
2023-04-29T14:01:11Z,58.0
2023-04-29T14:01:26Z,58.0
2023-04-29T14:01:41Z,59.0
2023-04-29T14:01:56Z,59.0
2023-04-29T14:02:06Z,59.0
2023-04-29T14:02:11Z,59.0
2023-04-29T14:02:16Z,58.0
2023-04-29T14:02:21Z,59.0
2023-04-29T14:02:26Z,60.0
2023-04-29T14:02:36Z,59.0
2023-04-29T14:02:41Z,58.0
2023-04-29T14:02:51Z,57.0
2023-04-29T14:03:06Z,57.0
2023-04-29T14:03:11Z,56.0
2023-04-29T14:03:21Z,57.0
2023-04-29T14:03:26Z,58.0
2023-04-29T14:03:36Z,59.0
2023-04-29T14:03:51Z,58.0
2023-04-29T14:04:06Z,59.0
2023-04-29T14:04:21Z,59.0
2023-04-29T14:04:26Z,60.0
2023-04-29T14:04:36Z,59.0
2023-04-29T14:04:51Z,58.0
2023-04-29T14:05:06Z,59.0
2023-04-29T14:05:11Z,60.0
2023-04-29T14:05:16Z,60.0
2023-04-29T14:05:31Z,59.0
2023-04-29T14:05:36Z,58.0
2023-04-29T14:05:46Z,59.0
2023-04-29T14:05:51Z,60.0
2023-04-29T14:06:06Z,61.0
2023-04-29T14:06:11Z,60.0
2023-04-29T14:06:16Z,59.0
2023-04-29T14:06:31Z,60.0
2023-04-29T14:06:46Z,61.0
2023-04-29T14:07:01Z,61.0
2023-04-29T14:07:06Z,61.0
2023-04-29T14:07:11Z,61.0
2023-04-29T14:07:16Z,59.0
2023-04-29T14:07:26Z,60.0
2023-04-29T14:07:31Z,61.0
2023-04-29T14:07:46Z,60.0
2023-04-29T14:07:51Z,61.0
2023-04-29T14:07:56Z,61.0
2023-04-29T14:08:01Z,60.0
2023-04-29T14:08:06Z,60.0
2023-04-29T14:08:11Z,59.0
2023-04-29T14:08:21Z,60.0
2023-04-29T14:08:36Z,61.0
2023-04-29T14:08:46Z,60.0
2023-04-29T14:08:56Z,61.0
2023-04-29T14:09:06Z,60.0
2023-04-29T14:09:11Z,60.0
2023-04-29T14:09:21Z,59.0
2023-04-29T14:09:26Z,58.0
2023-04-29T14:09:36Z,59.0
2023-04-29T14:09:51Z,59.0
2023-04-29T14:10:01Z,61.0
2023-04-29T14:10:06Z,59.0
2023-04-29T14:10:11Z,58.0
2023-04-29T14:10:17Z,56.0
2023-04-29T14:10:27Z,57.0
2023-04-29T14:10:32Z,58.0
2023-04-29T14:10:42Z,57.0
2023-04-29T14:10:47Z,58.0
2023-04-29T14:10:52Z,59.0
2023-04-29T14:10:57Z,60.0
2023-04-29T14:11:02Z,59.0
2023-04-29T14:11:17Z,59.0
2023-04-29T14:11:27Z,60.0
2023-04-29T14:11:32Z,61.0
2023-04-29T14:11:42Z,60.0
2023-04-29T14:11:47Z,59.0
2023-04-29T14:11:52Z,60.0
2023-04-29T14:11:57Z,61.0
2023-04-29T14:12:02Z,60.0
2023-04-29T14:12:17Z,59.0
2023-04-29T14:12:32Z,60.0
2023-04-29T14:12:37Z,61.0
2023-04-29T14:12:42Z,62.0
2023-04-29T14:12:47Z,63.0
2023-04-29T14:12:52Z,62.0
2023-04-29T14:12:57Z,61.0
2023-04-29T14:13:07Z,62.0
2023-04-29T14:13:12Z,63.0
2023-04-29T14:13:23Z,62.0
2023-04-29T14:13:28Z,61.0
2023-04-29T14:13:33Z,60.0
2023-04-29T14:13:48Z,60.0
2023-04-29T14:13:58Z,61.0
2023-04-29T14:14:08Z,60.0
2023-04-29T14:14:18Z,61.0
2023-04-29T14:14:23Z,60.0
2023-04-29T14:14:28Z,59.0
2023-04-29T14:14:43Z,57.0
2023-04-29T14:14:58Z,59.0
2023-04-29T14:15:03Z,60.0
2023-04-29T14:15:08Z,61.0
2023-04-29T14:15:13Z,62.0
2023-04-29T14:15:28Z,61.0
2023-04-29T14:15:33Z,60.0
2023-04-29T14:15:48Z,60.0
2023-04-29T14:16:03Z,61.0
2023-04-29T14:16:08Z,60.0
2023-04-29T14:16:13Z,60.0
2023-04-29T14:16:18Z,61.0
2023-04-29T14:16:23Z,62.0
2023-04-29T14:16:28Z,61.0
2023-04-29T14:16:33Z,59.0
2023-04-29T14:16:38Z,59.0
2023-04-29T14:16:43Z,58.0
2023-04-29T14:16:48Z,57.0
2023-04-29T14:16:53Z,57.0
2023-04-29T14:17:03Z,58.0
2023-04-29T14:17:09Z,60.0
2023-04-29T14:17:14Z,61.0
2023-04-29T14:17:19Z,60.0
2023-04-29T14:17:34Z,59.0
2023-04-29T14:17:39Z,61.0
2023-04-29T14:17:49Z,61.0
2023-04-29T14:17:54Z,60.0
2023-04-29T14:18:04Z,61.0
2023-04-29T14:18:19Z,62.0
2023-04-29T14:18:24Z,63.0
2023-04-29T14:18:29Z,62.0
2023-04-29T14:18:34Z,61.0
2023-04-29T14:18:39Z,60.0
2023-04-29T14:18:44Z,62.0
2023-04-29T14:18:49Z,61.0
2023-04-29T14:18:59Z,60.0
2023-04-29T14:19:09Z,59.0
2023-04-29T14:19:24Z,60.0
2023-04-29T14:19:29Z,61.0
2023-04-29T14:19:34Z,60.0
2023-04-29T14:19:49Z,60.0
2023-04-29T14:19:59Z,61.0
2023-04-29T14:20:04Z,60.0
2023-04-29T14:20:14Z,59.0
2023-04-29T14:20:24Z,60.0
2023-04-29T14:20:39Z,59.0
2023-04-29T14:20:44Z,58.0
2023-04-29T14:20:49Z,58.0
2023-04-29T14:20:54Z,60.0
2023-04-29T14:21:04Z,59.0
2023-04-29T14:21:19Z,61.0
2023-04-29T14:21:24Z,63.0
2023-04-29T14:21:29Z,62.0
2023-04-29T14:21:34Z,61.0
2023-04-29T14:21:44Z,60.0
2023-04-29T14:21:49Z,58.0
2023-04-29T14:21:59Z,57.0
2023-04-29T14:22:14Z,59.0
2023-04-29T14:22:19Z,58.0
2023-04-29T14:22:29Z,59.0
2023-04-29T14:22:34Z,60.0
2023-04-29T14:22:39Z,61.0
2023-04-29T14:22:49Z,72.0
2023-04-29T14:22:54Z,82.0
2023-04-29T14:22:59Z,90.0
2023-04-29T14:23:04Z,96.0
2023-04-29T14:23:09Z,97.0
2023-04-29T14:23:14Z,95.0
2023-04-29T14:23:19Z,91.0
2023-04-29T14:23:24Z,88.0
2023-04-29T14:23:34Z,83.0
2023-04-29T14:23:39Z,71.0
2023-04-29T14:23:44Z,65.0
2023-04-29T14:23:49Z,63.0
2023-04-29T14:24:04Z,73.0
2023-04-29T14:24:09Z,76.0
2023-04-29T14:24:14Z,70.0
2023-04-29T14:24:19Z,63.0
2023-04-29T14:24:24Z,60.0
2023-04-29T14:24:29Z,58.0
2023-04-29T14:24:39Z,59.0
2023-04-29T14:24:44Z,57.0
2023-04-29T14:24:49Z,56.0
2023-04-29T14:24:54Z,57.0
2023-04-29T14:24:59Z,58.0
2023-04-29T14:25:14Z,58.0
2023-04-29T14:25:24Z,57.0
2023-04-29T14:25:39Z,58.0
2023-04-29T14:25:44Z,59.0
2023-04-29T14:25:54Z,58.0
2023-04-29T14:25:59Z,59.0
2023-04-29T14:26:04Z,61.0
2023-04-29T14:26:09Z,62.0
2023-04-29T14:26:14Z,63.0
2023-04-29T14:26:19Z,67.0
2023-04-29T14:26:24Z,78.0
2023-04-29T14:26:29Z,79.0
2023-04-29T14:26:44Z,79.0
2023-04-29T14:26:59Z,69.0
2023-04-29T14:27:04Z,64.0
2023-04-29T14:27:09Z,63.0
2023-04-29T14:27:14Z,62.0
2023-04-29T14:27:29Z,60.0
2023-04-29T14:27:34Z,59.0
2023-04-29T14:27:44Z,60.0
2023-04-29T14:27:59Z,60.0
2023-04-29T14:28:04Z,59.0
2023-04-29T14:28:09Z,56.0
2023-04-29T14:28:14Z,54.0
2023-04-29T14:28:24Z,56.0
2023-04-29T14:28:29Z,57.0
2023-04-29T14:28:34Z,58.0
2023-04-29T14:28:39Z,59.0
2023-04-29T14:28:44Z,58.0
2023-04-29T14:28:49Z,58.0
2023-04-29T14:28:54Z,59.0
2023-04-29T14:28:59Z,61.0
2023-04-29T14:29:09Z,62.0
2023-04-29T14:29:19Z,61.0
2023-04-29T14:29:29Z,62.0
2023-04-29T14:29:34Z,60.0
2023-04-29T14:29:49Z,62.0
2023-04-29T14:29:54Z,62.0
2023-04-29T14:30:04Z,62.0
2023-04-29T14:30:09Z,60.0
2023-04-29T14:30:14Z,61.0
2023-04-29T14:30:19Z,62.0
2023-04-29T14:30:24Z,63.0
2023-04-29T14:30:34Z,64.0
2023-04-29T14:30:39Z,62.0
2023-04-29T14:30:44Z,60.0
2023-04-29T14:30:54Z,60.0
2023-04-29T14:30:59Z,60.0
2023-04-29T14:31:05Z,60.0
2023-04-29T14:31:11Z,59.0
2023-04-29T14:31:16Z,57.0
2023-04-29T14:31:31Z,58.0
2023-04-29T14:31:41Z,59.0
2023-04-29T14:31:46Z,60.0
2023-04-29T14:31:51Z,59.0
2023-04-29T14:31:56Z,58.0
2023-04-29T14:32:06Z,57.0
2023-04-29T14:32:16Z,59.0
2023-04-29T14:32:21Z,60.0
2023-04-29T14:32:31Z,62.0
2023-04-29T14:32:36Z,66.0
2023-04-29T14:32:46Z,63.0
2023-04-29T14:32:51Z,62.0
2023-04-29T14:32:56Z,60.0
2023-04-29T14:33:06Z,62.0
2023-04-29T14:33:21Z,62.0
2023-04-29T14:33:26Z,60.0
2023-04-29T14:33:31Z,58.0
2023-04-29T14:33:36Z,59.0
2023-04-29T14:33:41Z,61.0
2023-04-29T14:33:46Z,62.0
2023-04-29T14:34:01Z,61.0
2023-04-29T14:34:16Z,60.0
2023-04-29T14:34:21Z,59.0
2023-04-29T14:34:26Z,59.0
2023-04-29T14:34:31Z,60.0
2023-04-29T14:34:36Z,60.0
2023-04-29T14:34:41Z,64.0
2023-04-29T14:34:46Z,65.0
2023-04-29T14:34:56Z,64.0
2023-04-29T14:35:01Z,62.0
2023-04-29T14:35:06Z,60.0
2023-04-29T14:35:16Z,59.0
2023-04-29T14:35:31Z,59.0
2023-04-29T14:35:36Z,62.0
2023-04-29T14:35:41Z,63.0
2023-04-29T14:35:46Z,60.0
2023-04-29T14:35:51Z,59.0
2023-04-29T14:35:56Z,58.0
2023-04-29T14:36:06Z,59.0
2023-04-29T14:36:11Z,58.0
2023-04-29T14:36:16Z,57.0
2023-04-29T14:36:26Z,57.0
2023-04-29T14:36:31Z,60.0
2023-04-29T14:36:41Z,58.0
2023-04-29T14:36:51Z,57.0
2023-04-29T14:37:01Z,60.0
2023-04-29T14:37:06Z,61.0
2023-04-29T14:37:21Z,61.0
2023-04-29T14:37:26Z,63.0
2023-04-29T14:37:31Z,62.0
2023-04-29T14:37:36Z,61.0
2023-04-29T14:37:41Z,60.0
2023-04-29T14:37:46Z,59.0
2023-04-29T14:37:51Z,56.0
2023-04-29T14:38:06Z,57.0
2023-04-29T14:38:11Z,56.0
2023-04-29T14:38:16Z,58.0
2023-04-29T14:38:26Z,57.0
2023-04-29T14:38:36Z,56.0
2023-04-29T14:38:41Z,57.0
2023-04-29T14:38:46Z,58.0
2023-04-29T14:38:56Z,58.0
2023-04-29T14:39:01Z,59.0
2023-04-29T14:39:06Z,61.0
2023-04-29T14:39:16Z,60.0
2023-04-29T14:39:26Z,62.0
2023-04-29T14:39:31Z,61.0
2023-04-29T14:39:36Z,62.0
2023-04-29T14:39:41Z,61.0
2023-04-29T14:39:46Z,60.0
2023-04-29T14:39:51Z,59.0
2023-04-29T14:40:01Z,58.0
2023-04-29T14:40:06Z,57.0
2023-04-29T14:40:11Z,58.0
2023-04-29T14:40:16Z,60.0
2023-04-29T14:40:21Z,61.0
2023-04-29T14:40:26Z,65.0
2023-04-29T14:40:31Z,64.0
2023-04-29T14:40:46Z,65.0
2023-04-29T14:40:51Z,63.0
2023-04-29T14:40:56Z,61.0
2023-04-29T14:41:06Z,62.0
2023-04-29T14:41:11Z,63.0
2023-04-29T14:41:16Z,64.0
2023-04-29T14:41:21Z,63.0
2023-04-29T14:41:26Z,63.0
2023-04-29T14:41:31Z,65.0
2023-04-29T14:41:41Z,64.0
2023-04-29T14:41:46Z,66.0
2023-04-29T14:41:51Z,65.0
2023-04-29T14:41:56Z,63.0
2023-04-29T14:42:01Z,61.0
2023-04-29T14:42:06Z,60.0
2023-04-29T14:42:16Z,61.0
2023-04-29T14:42:26Z,63.0
2023-04-29T14:42:31Z,64.0
2023-04-29T14:42:46Z,63.0
2023-04-29T14:42:51Z,61.0
2023-04-29T14:42:56Z,60.0
2023-04-29T14:43:01Z,63.0
2023-04-29T14:43:06Z,66.0
2023-04-29T14:43:12Z,65.0
2023-04-29T14:43:17Z,63.0
2023-04-29T14:43:32Z,63.0
2023-04-29T14:43:37Z,64.0
2023-04-29T14:43:52Z,62.0
2023-04-29T14:43:57Z,62.0
2023-04-29T14:44:02Z,63.0
2023-04-29T14:44:07Z,64.0
2023-04-29T14:44:12Z,63.0
2023-04-29T14:44:17Z,61.0
2023-04-29T14:44:22Z,60.0
2023-04-29T14:44:37Z,59.0
2023-04-29T14:44:42Z,60.0
2023-04-29T14:44:47Z,62.0
2023-04-29T14:44:52Z,64.0
2023-04-29T14:45:02Z,65.0
2023-04-29T14:45:07Z,66.0
2023-04-29T14:45:12Z,65.0
2023-04-29T14:45:22Z,64.0
2023-04-29T14:45:27Z,65.0
2023-04-29T14:45:37Z,64.0
2023-04-29T14:45:42Z,62.0
2023-04-29T14:45:47Z,61.0
2023-04-29T14:45:52Z,60.0
2023-04-29T14:45:57Z,61.0
2023-04-29T14:46:02Z,61.0
2023-04-29T14:46:07Z,60.0
2023-04-29T14:46:12Z,60.0
2023-04-29T14:46:27Z,61.0
2023-04-29T14:46:32Z,63.0
2023-04-29T14:46:48Z,61.0
2023-04-29T14:46:53Z,61.0
2023-04-29T14:46:58Z,59.0
2023-04-29T14:47:13Z,58.0
2023-04-29T14:47:18Z,59.0
2023-04-29T14:47:23Z,57.0
2023-04-29T14:47:28Z,56.0
2023-04-29T14:47:33Z,55.0
2023-04-29T14:47:38Z,54.0
2023-04-29T14:47:48Z,55.0
2023-04-29T14:48:03Z,56.0
2023-04-29T14:48:08Z,58.0
2023-04-29T14:48:13Z,60.0
2023-04-29T14:48:18Z,61.0
2023-04-29T14:48:23Z,63.0
2023-04-29T14:48:28Z,64.0
2023-04-29T14:48:33Z,65.0
2023-04-29T14:48:38Z,64.0
2023-04-29T14:48:43Z,63.0
2023-04-29T14:48:48Z,64.0
2023-04-29T14:48:53Z,65.0
2023-04-29T14:49:03Z,66.0
2023-04-29T14:49:08Z,66.0
2023-04-29T14:49:13Z,62.0
2023-04-29T14:49:18Z,57.0
2023-04-29T14:49:23Z,56.0
2023-04-29T14:49:28Z,57.0
2023-04-29T14:49:33Z,60.0
2023-04-29T14:49:38Z,63.0
2023-04-29T14:49:43Z,64.0
2023-04-29T14:49:48Z,67.0
2023-04-29T14:49:53Z,69.0
2023-04-29T14:50:03Z,67.0
2023-04-29T14:50:08Z,67.0
2023-04-29T14:50:18Z,64.0
2023-04-29T14:50:23Z,61.0
2023-04-29T14:50:28Z,60.0
2023-04-29T14:50:33Z,60.0
2023-04-29T14:50:43Z,61.0
2023-04-29T14:50:58Z,61.0
2023-04-29T14:51:03Z,70.0
2023-04-29T14:51:08Z,83.0
2023-04-29T14:51:23Z,83.0
2023-04-29T14:51:38Z,75.0
2023-04-29T14:51:43Z,66.0
2023-04-29T14:51:48Z,63.0
2023-04-29T14:51:53Z,61.0
2023-04-29T14:52:03Z,61.0
2023-04-29T14:52:08Z,58.0
2023-04-29T14:52:13Z,56.0
2023-04-29T14:52:18Z,57.0
2023-04-29T14:52:23Z,58.0
2023-04-29T14:52:38Z,58.0
2023-04-29T14:52:43Z,59.0
2023-04-29T14:52:48Z,58.0
2023-04-29T14:53:03Z,59.0
2023-04-29T14:53:08Z,60.0
2023-04-29T14:53:23Z,73.0
2023-04-29T14:53:28Z,79.0
2023-04-29T14:53:33Z,82.0
2023-04-29T14:53:38Z,83.0
2023-04-29T14:53:43Z,82.0
2023-04-29T14:53:48Z,74.0
2023-04-29T14:53:53Z,69.0
2023-04-29T14:53:58Z,67.0
2023-04-29T14:54:03Z,64.0
2023-04-29T14:54:08Z,62.0
2023-04-29T14:54:13Z,60.0
2023-04-29T14:54:18Z,58.0
2023-04-29T14:54:23Z,57.0
2023-04-29T14:54:33Z,56.0
2023-04-29T14:54:48Z,56.0
2023-04-29T14:54:58Z,55.0
2023-04-29T14:55:13Z,55.0
2023-04-29T14:55:23Z,55.0
2023-04-29T14:55:33Z,65.0
2023-04-29T14:55:38Z,71.0
2023-04-29T14:55:43Z,69.0
2023-04-29T14:55:49Z,66.0
2023-04-29T14:55:54Z,61.0
2023-04-29T14:55:59Z,59.0
2023-04-29T14:56:04Z,57.0
2023-04-29T14:56:09Z,56.0
2023-04-29T14:56:14Z,55.0
2023-04-29T14:56:24Z,56.0
2023-04-29T14:56:29Z,57.0
2023-04-29T14:56:34Z,58.0
2023-04-29T14:56:44Z,57.0
2023-04-29T14:56:49Z,55.0
2023-04-29T14:57:04Z,55.0
2023-04-29T14:57:19Z,55.0
2023-04-29T14:57:29Z,56.0
2023-04-29T14:57:44Z,55.0
2023-04-29T14:57:59Z,55.0
2023-04-29T14:58:09Z,56.0
2023-04-29T14:58:14Z,55.0
2023-04-29T14:58:19Z,54.0
2023-04-29T14:58:24Z,55.0
2023-04-29T14:58:29Z,54.0
2023-04-29T14:58:34Z,53.0
2023-04-29T14:58:39Z,54.0
2023-04-29T14:58:49Z,55.0
2023-04-29T14:58:54Z,54.0
2023-04-29T14:58:59Z,53.0
2023-04-29T14:59:09Z,54.0
2023-04-29T14:59:14Z,55.0
2023-04-29T14:59:24Z,56.0
2023-04-29T14:59:39Z,56.0
2023-04-29T14:59:49Z,57.0
2023-04-29T14:59:54Z,56.0
2023-04-29T15:00:04Z,55.0
2023-04-29T15:00:09Z,56.0
2023-04-29T15:00:24Z,57.0
2023-04-29T15:00:29Z,58.0
2023-04-29T15:00:39Z,57.0
2023-04-29T15:00:44Z,55.0
2023-04-29T15:00:59Z,56.0
2023-04-29T15:01:14Z,55.0
2023-04-29T15:01:29Z,55.0
2023-04-29T15:01:44Z,55.0
2023-04-29T15:01:59Z,55.0
2023-04-29T15:02:09Z,56.0
2023-04-29T15:02:24Z,56.0
2023-04-29T15:02:39Z,56.0
2023-04-29T15:02:50Z,56.0
2023-04-29T15:03:00Z,57.0
2023-04-29T15:03:10Z,58.0
2023-04-29T15:03:15Z,57.0
2023-04-29T15:03:25Z,58.0
2023-04-29T15:03:30Z,57.0
2023-04-29T15:03:35Z,56.0
2023-04-29T15:03:40Z,55.0
2023-04-29T15:03:50Z,56.0
2023-04-29T15:04:05Z,56.0
2023-04-29T15:04:10Z,57.0
2023-04-29T15:04:20Z,56.0
2023-04-29T15:04:25Z,55.0
2023-04-29T15:04:30Z,54.0
2023-04-29T15:04:40Z,54.0
2023-04-29T15:04:45Z,54.0
2023-04-29T15:04:55Z,71.0
2023-04-29T15:05:00Z,85.0
2023-04-29T15:05:05Z,90.0
2023-04-29T15:05:10Z,88.0
2023-04-29T15:05:15Z,80.0
2023-04-29T15:05:20Z,73.0
2023-04-29T15:05:25Z,70.0
2023-04-29T15:05:35Z,76.0
2023-04-29T15:05:40Z,87.0
2023-04-29T15:05:45Z,86.0
2023-04-29T15:05:50Z,78.0
2023-04-29T15:05:55Z,71.0
2023-04-29T15:06:00Z,67.0
2023-04-29T15:06:15Z,73.0
2023-04-29T15:06:20Z,76.0
2023-04-29T15:06:25Z,75.0
2023-04-29T15:06:30Z,76.0
2023-04-29T15:06:40Z,78.0
2023-04-29T15:06:45Z,84.0
2023-04-29T15:06:50Z,83.0
2023-04-29T15:06:55Z,83.0
2023-04-29T15:07:10Z,83.0
2023-04-29T15:07:25Z,82.0
2023-04-29T15:07:40Z,81.0
2023-04-29T15:07:45Z,79.0
2023-04-29T15:07:50Z,80.0
2023-04-29T15:07:55Z,78.0
2023-04-29T15:08:10Z,78.0
2023-04-29T15:08:15Z,79.0
2023-04-29T15:08:20Z,80.0
2023-04-29T15:08:30Z,79.0
2023-04-29T15:08:45Z,79.0
2023-04-29T15:08:50Z,81.0
2023-04-29T15:08:55Z,82.0
2023-04-29T15:09:05Z,81.0
2023-04-29T15:09:10Z,80.0
2023-04-29T15:09:15Z,81.0
2023-04-29T15:09:30Z,78.0
2023-04-29T15:09:35Z,76.0
2023-04-29T15:09:40Z,74.0
2023-04-29T15:09:55Z,76.0
2023-04-29T15:10:00Z,78.0
2023-04-29T15:10:05Z,79.0
2023-04-29T15:10:10Z,80.0
2023-04-29T15:10:15Z,80.0
2023-04-29T15:10:30Z,80.0
2023-04-29T15:10:35Z,81.0
2023-04-29T15:10:50Z,81.0
2023-04-29T15:11:05Z,83.0
2023-04-29T15:11:10Z,85.0
2023-04-29T15:11:20Z,84.0
2023-04-29T15:11:25Z,82.0
2023-04-29T15:11:30Z,82.0
2023-04-29T15:11:45Z,83.0
2023-04-29T15:11:50Z,84.0
2023-04-29T15:11:55Z,85.0
2023-04-29T15:12:05Z,86.0
2023-04-29T15:12:10Z,85.0
2023-04-29T15:12:15Z,84.0
2023-04-29T15:12:25Z,83.0
2023-04-29T15:12:30Z,84.0
2023-04-29T15:12:35Z,85.0
2023-04-29T15:12:40Z,85.0
2023-04-29T15:12:45Z,90.0
2023-04-29T15:12:50Z,86.0
2023-04-29T15:13:05Z,86.0
2023-04-29T15:13:15Z,84.0
2023-04-29T15:13:20Z,86.0
2023-04-29T15:13:35Z,86.0
2023-04-29T15:13:40Z,87.0
2023-04-29T15:13:45Z,88.0
2023-04-29T15:13:50Z,89.0
2023-04-29T15:14:05Z,88.0
2023-04-29T15:29:22Z,70.0
2023-04-29T15:30:20Z,70.0
2023-04-29T15:30:35Z,75.0
2023-04-29T15:30:40Z,80.0
2023-04-29T15:30:45Z,82.0
2023-04-29T15:30:50Z,83.0
2023-04-29T15:30:55Z,84.0
2023-04-29T15:31:05Z,85.0
2023-04-29T15:31:20Z,84.0
2023-04-29T15:31:25Z,84.0
2023-04-29T15:31:30Z,87.0
2023-04-29T15:31:35Z,88.0
2023-04-29T15:31:40Z,89.0
2023-04-29T15:31:55Z,88.0
2023-04-29T15:32:00Z,87.0
2023-04-29T15:32:10Z,86.0
2023-04-29T15:32:15Z,87.0
2023-04-29T15:32:20Z,88.0
2023-04-29T15:32:25Z,79.0
2023-04-29T15:32:40Z,79.0
2023-04-29T15:32:50Z,80.0
2023-04-29T15:33:05Z,80.0
2023-04-29T15:33:10Z,82.0
2023-04-29T15:33:15Z,83.0
2023-04-29T15:33:20Z,84.0
2023-04-29T15:33:25Z,85.0
2023-04-29T15:33:30Z,87.0
2023-04-29T15:33:35Z,88.0
2023-04-29T15:33:40Z,89.0
2023-04-29T15:33:45Z,88.0
2023-04-29T15:33:50Z,87.0
2023-04-29T15:33:55Z,86.0
2023-04-29T15:34:05Z,85.0
2023-04-29T15:34:15Z,87.0
2023-04-29T15:34:25Z,86.0
2023-04-29T15:34:30Z,87.0
2023-04-29T15:34:35Z,89.0
2023-04-29T15:34:45Z,91.0
2023-04-29T15:34:51Z,92.0
2023-04-29T15:34:56Z,93.0
2023-04-29T15:35:11Z,93.0
2023-04-29T15:35:21Z,96.0
2023-04-29T15:35:26Z,97.0
2023-04-29T15:35:31Z,96.0
2023-04-29T15:35:36Z,94.0
2023-04-29T15:35:51Z,93.0
2023-04-29T15:35:56Z,92.0
2023-04-29T15:36:01Z,91.0
2023-04-29T15:36:06Z,91.0
2023-04-29T15:36:11Z,91.0
2023-04-29T15:36:26Z,92.0
2023-04-29T15:36:36Z,91.0
2023-04-29T15:36:46Z,92.0
2023-04-29T15:37:01Z,92.0
2023-04-29T15:37:06Z,93.0
2023-04-29T15:37:11Z,94.0
2023-04-29T15:37:26Z,93.0
2023-04-29T15:37:31Z,90.0
2023-04-29T15:37:36Z,89.0
2023-04-29T15:37:51Z,88.0
2023-04-29T15:37:56Z,87.0
2023-04-29T15:38:06Z,86.0
2023-04-29T15:38:11Z,83.0
2023-04-29T15:38:16Z,84.0
2023-04-29T15:38:21Z,83.0
2023-04-29T15:38:26Z,84.0
2023-04-29T15:38:31Z,85.0
2023-04-29T15:38:36Z,84.0
2023-04-29T15:38:41Z,82.0
2023-04-29T15:38:51Z,83.0
2023-04-29T15:39:01Z,82.0
2023-04-29T15:39:11Z,81.0
2023-04-29T15:39:16Z,80.0
2023-04-29T15:39:26Z,81.0
2023-04-29T15:39:41Z,80.0
2023-04-29T15:39:46Z,79.0
2023-04-29T15:40:01Z,78.0
2023-04-29T15:40:06Z,76.0
2023-04-29T15:40:11Z,74.0
2023-04-29T15:40:21Z,73.0
2023-04-29T15:40:36Z,75.0
2023-04-29T15:40:41Z,78.0
2023-04-29T15:40:46Z,79.0
2023-04-29T15:40:51Z,78.0
2023-04-29T15:40:56Z,80.0
2023-04-29T15:41:01Z,79.0
2023-04-29T15:41:06Z,80.0
2023-04-29T15:41:11Z,79.0
2023-04-29T15:41:22Z,79.0
2023-04-29T15:41:32Z,81.0
2023-04-29T15:41:37Z,82.0
2023-04-29T15:41:42Z,81.0
2023-04-29T15:41:47Z,80.0
2023-04-29T15:41:52Z,78.0
2023-04-29T15:41:57Z,76.0
2023-04-29T15:42:12Z,76.0
2023-04-29T15:42:17Z,75.0
2023-04-29T15:42:22Z,74.0
2023-04-29T15:42:27Z,73.0
2023-04-29T15:42:32Z,74.0
2023-04-29T15:42:37Z,73.0
2023-04-29T15:42:42Z,72.0
2023-04-29T15:42:47Z,71.0
2023-04-29T15:42:52Z,72.0
2023-04-29T15:43:02Z,71.0
2023-04-29T15:43:07Z,70.0
2023-04-29T15:43:12Z,71.0
2023-04-29T15:43:22Z,72.0
2023-04-29T15:43:32Z,71.0
2023-04-29T15:43:37Z,69.0
2023-04-29T15:43:42Z,67.0
2023-04-29T15:43:47Z,66.0
2023-04-29T15:43:52Z,67.0
2023-04-29T15:44:02Z,69.0
2023-04-29T15:44:17Z,68.0
2023-04-29T15:44:22Z,68.0
2023-04-29T15:44:27Z,70.0
2023-04-29T15:44:32Z,69.0
2023-04-29T15:44:37Z,68.0
2023-04-29T15:44:52Z,68.0
2023-04-29T15:44:57Z,69.0
2023-04-29T15:45:02Z,71.0
2023-04-29T15:45:12Z,72.0
2023-04-29T15:45:17Z,73.0
2023-04-29T15:45:22Z,75.0
2023-04-29T15:45:27Z,76.0
2023-04-29T15:45:37Z,76.0
2023-04-29T15:45:42Z,78.0
2023-04-29T15:45:52Z,78.0
2023-04-29T15:46:02Z,79.0
2023-04-29T15:46:07Z,81.0
2023-04-29T15:46:12Z,80.0
2023-04-29T15:46:17Z,80.0
2023-04-29T15:46:22Z,81.0
2023-04-29T15:46:27Z,79.0
2023-04-29T15:46:32Z,78.0
2023-04-29T15:46:37Z,79.0
2023-04-29T15:46:47Z,81.0
2023-04-29T15:46:52Z,82.0
2023-04-29T15:46:57Z,83.0
2023-04-29T15:47:02Z,79.0
2023-04-29T15:47:07Z,72.0
2023-04-29T15:47:12Z,71.0
2023-04-29T15:47:27Z,71.0
2023-04-29T15:47:42Z,73.0
2023-04-29T15:47:47Z,74.0
2023-04-29T15:47:52Z,75.0
2023-04-29T15:48:07Z,74.0
2023-04-29T15:48:12Z,73.0
2023-04-29T15:48:27Z,72.0
2023-04-29T15:48:32Z,73.0
2023-04-29T15:48:37Z,74.0
2023-04-29T15:48:52Z,74.0
2023-04-29T15:49:02Z,73.0
2023-04-29T15:49:17Z,73.0
2023-04-29T15:49:22Z,74.0
2023-04-29T15:49:27Z,76.0
2023-04-29T15:49:32Z,77.0
2023-04-29T15:49:42Z,75.0
2023-04-29T15:49:47Z,73.0
2023-04-29T15:49:57Z,77.0
2023-04-29T15:50:02Z,80.0
2023-04-29T15:50:07Z,79.0
2023-04-29T15:50:22Z,78.0
2023-04-29T15:50:27Z,79.0
2023-04-29T15:50:32Z,80.0
2023-04-29T15:50:37Z,82.0
2023-04-29T15:50:42Z,83.0
2023-04-29T15:50:50Z,84.0
2023-04-29T15:50:55Z,85.0
2023-04-29T15:51:00Z,87.0
2023-04-29T15:51:05Z,88.0
2023-04-29T15:51:15Z,89.0
2023-04-29T15:51:20Z,90.0
2023-04-29T15:51:35Z,90.0
2023-04-29T15:51:50Z,90.0
2023-04-29T15:52:05Z,89.0
2023-04-29T15:52:20Z,89.0
2023-04-29T15:52:35Z,89.0
2023-04-29T15:52:50Z,89.0
2023-04-29T15:53:05Z,90.0
2023-04-29T15:53:10Z,91.0
2023-04-29T15:53:15Z,91.0
2023-04-29T15:53:20Z,92.0
2023-04-29T15:53:35Z,91.0
2023-04-29T15:53:50Z,91.0
2023-04-29T15:53:55Z,90.0
2023-04-29T15:54:00Z,89.0
2023-04-29T15:54:10Z,90.0
2023-04-29T15:54:15Z,89.0
2023-04-29T15:54:20Z,88.0
2023-04-29T15:54:30Z,89.0
2023-04-29T15:54:35Z,91.0
2023-04-29T15:54:40Z,92.0
2023-04-29T15:54:45Z,94.0
2023-04-29T15:54:50Z,95.0
2023-04-29T15:54:55Z,96.0
2023-04-29T15:55:00Z,95.0
2023-04-29T15:55:05Z,94.0
2023-04-29T15:55:10Z,93.0
2023-04-29T15:55:20Z,94.0
2023-04-29T15:55:25Z,98.0
2023-04-29T15:55:30Z,97.0
2023-04-29T15:55:35Z,96.0
2023-04-29T15:55:40Z,95.0
2023-04-29T15:55:45Z,93.0
2023-04-29T15:55:50Z,91.0
2023-04-29T15:55:55Z,87.0
2023-04-29T15:56:00Z,85.0
2023-04-29T15:56:10Z,87.0
2023-04-29T15:56:15Z,88.0
2023-04-29T15:56:20Z,87.0
2023-04-29T15:56:30Z,88.0
2023-04-29T15:56:35Z,89.0
2023-04-29T15:56:40Z,91.0
2023-04-29T15:56:45Z,94.0
2023-04-29T15:56:50Z,97.0
2023-04-29T15:56:55Z,100.0
2023-04-29T15:57:10Z,102.0
2023-04-29T15:57:15Z,104.0
2023-04-29T15:57:20Z,103.0
2023-04-29T15:57:25Z,102.0
2023-04-29T15:57:30Z,102.0
2023-04-29T15:57:35Z,99.0
2023-04-29T15:57:40Z,98.0
2023-04-29T15:57:45Z,95.0
2023-04-29T15:57:50Z,94.0
2023-04-29T15:57:55Z,91.0
2023-04-29T15:58:00Z,90.0
2023-04-29T15:58:15Z,90.0
2023-04-29T15:58:30Z,90.0
2023-04-29T15:58:45Z,89.0
2023-04-29T15:58:50Z,87.0
2023-04-29T15:59:00Z,88.0
2023-04-29T15:59:05Z,90.0
2023-04-29T15:59:20Z,91.0
2023-04-29T15:59:30Z,86.0
2023-04-29T15:59:35Z,76.0
2023-04-29T15:59:40Z,78.0
2023-04-29T15:59:50Z,79.0
2023-04-29T16:00:01Z,79.0
2023-04-29T16:00:06Z,81.0
2023-04-29T16:00:11Z,82.0
2023-04-29T16:00:21Z,83.0
2023-04-29T16:00:26Z,85.0
2023-04-29T16:00:31Z,85.0
2023-04-29T16:00:36Z,84.0
2023-04-29T16:00:46Z,83.0
2023-04-29T16:00:51Z,82.0
2023-04-29T16:01:01Z,83.0
2023-04-29T16:01:06Z,84.0
2023-04-29T16:01:11Z,89.0
2023-04-29T16:01:16Z,90.0
2023-04-29T16:01:31Z,88.0
2023-04-29T16:01:36Z,85.0
2023-04-29T16:01:41Z,83.0
2023-04-29T16:01:46Z,82.0
2023-04-29T16:01:51Z,72.0
2023-04-29T16:01:56Z,70.0
2023-04-29T16:02:06Z,68.0
2023-04-29T16:02:11Z,71.0
2023-04-29T16:02:16Z,72.0
2023-04-29T16:02:21Z,71.0
2023-04-29T16:02:26Z,66.0
2023-04-29T16:02:31Z,65.0
2023-04-29T16:02:46Z,65.0
2023-04-29T16:02:51Z,66.0
2023-04-29T16:03:01Z,68.0
2023-04-29T16:03:06Z,70.0
2023-04-29T16:03:11Z,71.0
2023-04-29T16:03:16Z,73.0
2023-04-29T16:03:21Z,76.0
2023-04-29T16:03:26Z,77.0
2023-04-29T16:03:41Z,79.0
2023-04-29T16:03:46Z,80.0
2023-04-29T16:03:51Z,80.0
2023-04-29T16:03:56Z,83.0
2023-04-29T16:04:01Z,85.0
2023-04-29T16:04:06Z,86.0
2023-04-29T16:04:11Z,85.0
2023-04-29T16:04:21Z,83.0
2023-04-29T16:04:31Z,82.0
2023-04-29T16:04:36Z,85.0
2023-04-29T16:04:41Z,90.0
2023-04-29T16:04:46Z,91.0
2023-04-29T16:04:51Z,89.0
2023-04-29T16:04:56Z,88.0
2023-04-29T16:05:01Z,90.0
2023-04-29T16:05:06Z,91.0
2023-04-29T16:05:16Z,92.0
2023-04-29T16:05:26Z,94.0
2023-04-29T16:05:31Z,93.0
2023-04-29T16:05:36Z,94.0
2023-04-29T16:05:41Z,95.0
2023-04-29T16:05:46Z,96.0
2023-04-29T16:06:01Z,95.0
2023-04-29T16:06:06Z,94.0
2023-04-29T16:06:11Z,93.0
2023-04-29T16:06:16Z,92.0
2023-04-29T16:06:21Z,88.0
2023-04-29T16:06:26Z,85.0
2023-04-29T16:06:31Z,84.0
2023-04-29T16:06:36Z,85.0
2023-04-29T16:06:49Z,86.0
2023-04-29T16:06:59Z,94.0
2023-04-29T16:07:04Z,99.0
2023-04-29T16:07:09Z,105.0
2023-04-29T16:07:14Z,108.0
2023-04-29T16:07:19Z,112.0
2023-04-29T16:07:24Z,116.0
2023-04-29T16:07:29Z,115.0
2023-04-29T16:07:34Z,112.0
2023-04-29T16:07:39Z,106.0
2023-04-29T16:07:44Z,100.0
2023-04-29T16:07:53Z,93.0
2023-04-29T16:07:58Z,79.0
2023-04-29T16:08:03Z,68.0
2023-04-29T16:08:08Z,68.0
2023-04-29T16:08:13Z,69.0
2023-04-29T16:08:23Z,70.0
2023-04-29T16:08:38Z,70.0
2023-04-29T16:08:48Z,71.0
2023-04-29T16:08:53Z,73.0
2023-04-29T16:09:03Z,74.0
2023-04-29T16:09:08Z,73.0
2023-04-29T16:09:13Z,72.0
2023-04-29T16:09:23Z,71.0
2023-04-29T16:09:33Z,73.0
2023-04-29T16:09:38Z,74.0
2023-04-29T16:09:43Z,73.0
2023-04-29T16:09:58Z,73.0
2023-04-29T16:10:13Z,74.0
2023-04-29T16:10:18Z,72.0
2023-04-29T16:10:33Z,74.0
2023-04-29T16:10:38Z,75.0
2023-04-29T16:10:43Z,78.0
2023-04-29T16:10:48Z,79.0
2023-04-29T16:10:58Z,81.0
2023-04-29T16:11:03Z,82.0
2023-04-29T16:11:08Z,82.0
2023-04-29T16:11:23Z,83.0
2023-04-29T16:11:28Z,84.0
2023-04-29T16:11:38Z,85.0
2023-04-29T16:11:43Z,89.0
2023-04-29T16:11:48Z,93.0
2023-04-29T16:11:53Z,91.0
2023-04-29T16:11:58Z,88.0
2023-04-29T16:12:03Z,84.0
2023-04-29T16:12:08Z,81.0
2023-04-29T16:12:13Z,79.0
2023-04-29T16:12:18Z,79.0
2023-04-29T16:12:23Z,78.0
2023-04-29T16:12:28Z,76.0
2023-04-29T16:12:38Z,77.0
2023-04-29T16:12:43Z,79.0
2023-04-29T16:12:48Z,81.0
2023-04-29T16:13:03Z,82.0
2023-04-29T16:13:08Z,83.0
2023-04-29T16:13:13Z,84.0
2023-04-29T16:13:18Z,87.0
2023-04-29T16:13:23Z,89.0
2023-04-29T16:13:28Z,90.0
2023-04-29T16:13:33Z,91.0
2023-04-29T16:13:38Z,92.0
2023-04-29T16:13:53Z,94.0
2023-04-29T16:13:58Z,93.0
2023-04-29T16:14:03Z,91.0
2023-04-29T16:14:08Z,89.0
2023-04-29T16:14:13Z,85.0
2023-04-29T16:14:18Z,83.0
2023-04-29T16:14:56Z,70.0
2023-04-29T16:15:06Z,100.0
2023-04-29T16:15:11Z,111.0
2023-04-29T16:15:16Z,98.0
2023-04-29T16:15:21Z,92.0
2023-04-29T16:15:26Z,90.0
2023-04-29T16:15:36Z,89.0
2023-04-29T16:15:46Z,87.0
2023-04-29T16:15:51Z,72.0
2023-04-29T16:15:56Z,69.0
2023-04-29T16:16:06Z,68.0
2023-04-29T16:16:21Z,69.0
2023-04-29T16:16:31Z,70.0
2023-04-29T16:16:41Z,71.0
2023-04-29T16:16:56Z,71.0
2023-04-29T16:17:11Z,71.0
2023-04-29T16:17:16Z,72.0
2023-04-29T16:17:21Z,73.0
2023-04-29T16:17:26Z,74.0
2023-04-29T16:17:31Z,75.0
2023-04-29T16:17:36Z,75.0
2023-04-29T16:17:41Z,76.0
2023-04-29T16:17:46Z,76.0
2023-04-29T16:17:51Z,70.0
2023-04-29T16:17:56Z,64.0
2023-04-29T16:18:06Z,65.0
2023-04-29T16:18:11Z,67.0
2023-04-29T16:18:16Z,70.0
2023-04-29T16:18:21Z,71.0
2023-04-29T16:18:26Z,71.0
2023-04-29T16:18:31Z,72.0
2023-04-29T16:18:41Z,71.0
2023-04-29T16:18:51Z,73.0
2023-04-29T16:18:56Z,70.0
2023-04-29T16:19:01Z,68.0
2023-04-29T16:19:06Z,69.0
2023-04-29T16:19:16Z,67.0
2023-04-29T16:19:21Z,66.0
2023-04-29T16:19:36Z,67.0
2023-04-29T16:19:41Z,66.0
2023-04-29T16:19:51Z,67.0
2023-04-29T16:20:06Z,68.0
2023-04-29T16:20:11Z,64.0
2023-04-29T16:20:21Z,64.0
2023-04-29T16:20:26Z,63.0
2023-04-29T16:20:31Z,63.0
2023-04-29T16:20:36Z,65.0
2023-04-29T16:20:41Z,66.0
2023-04-29T16:20:56Z,69.0
2023-04-29T16:21:01Z,71.0
2023-04-29T16:21:06Z,69.0
2023-04-29T16:21:11Z,66.0
2023-04-29T16:21:16Z,62.0
2023-04-29T16:21:26Z,63.0
2023-04-29T16:21:31Z,62.0
2023-04-29T16:21:41Z,63.0
2023-04-29T16:21:46Z,64.0
2023-04-29T16:21:51Z,65.0
2023-04-29T16:21:56Z,66.0
2023-04-29T16:22:11Z,67.0
2023-04-29T16:22:16Z,66.0
2023-04-29T16:22:21Z,67.0
2023-04-29T16:22:26Z,71.0
2023-04-29T16:22:31Z,73.0
2023-04-29T16:22:36Z,73.0
2023-04-29T16:22:41Z,72.0
2023-04-29T16:22:51Z,71.0
2023-04-29T16:22:56Z,68.0
2023-04-29T16:23:01Z,67.0
2023-04-29T16:23:11Z,66.0
2023-04-29T16:23:26Z,66.0
2023-04-29T16:23:31Z,68.0
2023-04-29T16:23:36Z,69.0
2023-04-29T16:23:53Z,69.0
2023-04-29T16:24:03Z,68.0
2023-04-29T16:24:08Z,67.0
2023-04-29T16:24:13Z,66.0
2023-04-29T16:24:18Z,65.0
2023-04-29T16:24:28Z,66.0
2023-04-29T16:24:43Z,67.0
2023-04-29T16:24:58Z,66.0
2023-04-29T16:25:03Z,64.0
2023-04-29T16:25:08Z,62.0
2023-04-29T16:25:14Z,62.0
2023-04-29T16:25:19Z,63.0
2023-04-29T16:25:24Z,64.0
2023-04-29T16:25:29Z,65.0
2023-04-29T16:25:34Z,66.0
2023-04-29T16:25:44Z,67.0
2023-04-29T16:25:49Z,70.0
2023-04-29T16:25:54Z,71.0
2023-04-29T16:25:59Z,72.0
2023-04-29T16:26:04Z,73.0
2023-04-29T16:26:09Z,74.0
2023-04-29T16:26:19Z,75.0
2023-04-29T16:26:29Z,74.0
2023-04-29T16:26:34Z,76.0
2023-04-29T16:26:39Z,75.0
2023-04-29T16:26:44Z,73.0
2023-04-29T16:26:59Z,72.0
2023-04-29T16:27:04Z,70.0
2023-04-29T16:27:14Z,69.0
2023-04-29T16:27:19Z,66.0
2023-04-29T16:27:24Z,67.0
2023-04-29T16:27:34Z,68.0
2023-04-29T16:27:44Z,66.0
2023-04-29T16:27:54Z,67.0
2023-04-29T16:27:59Z,68.0
2023-04-29T16:28:09Z,69.0
2023-04-29T16:28:14Z,70.0
2023-04-29T16:28:19Z,71.0
2023-04-29T16:28:24Z,72.0
2023-04-29T16:28:29Z,73.0
2023-04-29T16:28:34Z,70.0
2023-04-29T16:28:44Z,71.0
2023-04-29T16:28:59Z,70.0
2023-04-29T16:29:09Z,71.0
2023-04-29T16:29:14Z,72.0
2023-04-29T16:29:29Z,73.0
2023-04-29T16:29:34Z,69.0
2023-04-29T16:29:39Z,68.0
2023-04-29T16:29:44Z,64.0
2023-04-29T16:29:49Z,65.0
2023-04-29T16:29:54Z,66.0
2023-04-29T16:30:09Z,67.0
2023-04-29T16:30:14Z,68.0
2023-04-29T16:30:19Z,69.0
2023-04-29T16:30:24Z,70.0
2023-04-29T16:30:29Z,71.0
2023-04-29T16:30:39Z,71.0
2023-04-29T16:30:49Z,73.0
2023-04-29T16:30:54Z,74.0
2023-04-29T16:30:59Z,75.0
2023-04-29T16:31:09Z,75.0
2023-04-29T16:31:14Z,76.0
2023-04-29T16:31:19Z,77.0
2023-04-29T16:31:24Z,75.0
2023-04-29T16:31:29Z,71.0
2023-04-29T16:31:34Z,70.0
2023-04-29T16:31:44Z,69.0
2023-04-29T16:31:59Z,68.0
2023-04-29T16:32:04Z,67.0
2023-04-29T16:32:14Z,68.0
2023-04-29T16:32:19Z,67.0
2023-04-29T16:32:24Z,62.0
2023-04-29T16:32:39Z,63.0
2023-04-29T16:32:49Z,62.0
2023-04-29T16:32:54Z,62.0
2023-04-29T16:33:04Z,62.0
2023-04-29T16:33:09Z,63.0
2023-04-29T16:33:14Z,62.0
2023-04-29T16:33:19Z,60.0
2023-04-29T16:33:29Z,64.0
2023-04-29T16:33:39Z,65.0
2023-04-29T16:33:44Z,66.0
2023-04-29T16:33:49Z,65.0
2023-04-29T16:34:04Z,65.0
2023-04-29T16:34:14Z,63.0
2023-04-29T16:34:24Z,62.0
2023-04-29T16:34:39Z,61.0
2023-04-29T16:34:44Z,61.0
2023-04-29T16:34:49Z,62.0
2023-04-29T16:34:54Z,63.0
2023-04-29T16:34:59Z,64.0
2023-04-29T16:35:04Z,64.0
2023-04-29T16:35:14Z,63.0
2023-04-29T16:35:19Z,64.0
2023-04-29T16:35:29Z,63.0
2023-04-29T16:35:39Z,64.0
2023-04-29T16:35:44Z,67.0
2023-04-29T16:35:49Z,66.0
2023-04-29T16:36:04Z,66.0
2023-04-29T16:36:19Z,65.0
2023-04-29T16:36:24Z,66.0
2023-04-29T16:36:39Z,66.0
2023-04-29T16:36:49Z,68.0
2023-04-29T16:36:54Z,69.0
2023-04-29T16:36:59Z,70.0
2023-04-29T16:37:09Z,71.0
2023-04-29T16:37:24Z,71.0
2023-04-29T16:37:39Z,73.0
2023-04-29T16:37:54Z,73.0
2023-04-29T16:37:59Z,72.0
2023-04-29T16:38:04Z,74.0
2023-04-29T16:38:09Z,76.0
2023-04-29T16:38:19Z,76.0
2023-04-29T16:38:34Z,75.0
2023-04-29T16:38:39Z,74.0
2023-04-29T16:38:54Z,74.0
2023-04-29T16:39:04Z,75.0
2023-04-29T16:39:19Z,74.0
2023-04-29T16:39:24Z,73.0
2023-04-29T16:39:29Z,74.0
2023-04-29T16:39:51Z,74.0
2023-04-29T16:40:06Z,75.0
2023-04-29T16:40:11Z,75.0
2023-04-29T16:40:16Z,79.0
2023-04-29T16:40:21Z,80.0
2023-04-29T16:40:26Z,81.0
2023-04-29T16:40:31Z,79.0
2023-04-29T16:40:36Z,74.0
2023-04-29T16:40:41Z,72.0
2023-04-29T16:40:56Z,72.0
2023-04-29T16:41:01Z,73.0
2023-04-29T16:41:06Z,72.0
2023-04-29T16:41:21Z,73.0
2023-04-29T16:41:26Z,75.0
2023-04-29T16:41:36Z,70.0
2023-04-29T16:41:51Z,69.0
2023-04-29T16:41:56Z,70.0
2023-04-29T16:42:06Z,71.0
2023-04-29T16:42:16Z,72.0
2023-04-29T16:42:21Z,73.0
2023-04-29T16:42:26Z,75.0
2023-04-29T16:42:31Z,74.0
2023-04-29T16:42:36Z,72.0
2023-04-29T16:42:41Z,73.0
2023-04-29T16:42:51Z,73.0
2023-04-29T16:42:56Z,74.0
2023-04-29T16:43:11Z,75.0
2023-04-29T16:43:16Z,74.0
2023-04-29T16:43:21Z,73.0
2023-04-29T16:43:36Z,72.0
2023-04-29T16:43:41Z,72.0
2023-04-29T16:43:46Z,73.0
2023-04-29T16:43:56Z,75.0
2023-04-29T16:44:01Z,74.0
2023-04-29T16:44:16Z,75.0
2023-04-29T16:44:21Z,74.0
2023-04-29T16:44:26Z,73.0
2023-04-29T16:44:31Z,72.0
2023-04-29T16:44:36Z,70.0
2023-04-29T16:44:41Z,64.0
2023-04-29T16:44:56Z,64.0
2023-04-29T16:45:01Z,63.0
2023-04-29T16:45:06Z,62.0
2023-04-29T16:45:16Z,63.0
2023-04-29T16:45:31Z,65.0
2023-04-29T16:45:36Z,66.0
2023-04-29T16:45:41Z,68.0
2023-04-29T16:45:46Z,69.0
2023-04-29T16:45:51Z,69.0
2023-04-29T16:45:56Z,66.0
2023-04-29T16:46:01Z,65.0
2023-04-29T16:46:16Z,66.0
2023-04-29T16:46:21Z,67.0
2023-04-29T16:46:26Z,69.0
2023-04-29T16:46:31Z,69.0
2023-04-29T16:46:41Z,68.0
2023-04-29T16:46:46Z,65.0
2023-04-29T16:46:51Z,64.0
2023-04-29T16:47:01Z,65.0
2023-04-29T16:47:06Z,66.0
2023-04-29T16:47:16Z,67.0
2023-04-29T16:47:26Z,68.0
2023-04-29T16:47:31Z,71.0
2023-04-29T16:47:36Z,73.0
2023-04-29T16:47:41Z,74.0
2023-04-29T16:47:46Z,73.0
2023-04-29T16:47:51Z,68.0
2023-04-29T16:47:56Z,66.0
2023-04-29T16:48:01Z,66.0
2023-04-29T16:48:06Z,65.0
2023-04-29T16:48:11Z,60.0
2023-04-29T16:48:16Z,60.0
2023-04-29T16:48:21Z,63.0
2023-04-29T16:48:31Z,64.0
2023-04-29T16:48:46Z,64.0
2023-04-29T16:48:51Z,67.0
2023-04-29T16:48:56Z,68.0
2023-04-29T16:49:01Z,68.0
2023-04-29T16:49:16Z,68.0
2023-04-29T16:49:21Z,69.0
2023-04-29T16:49:26Z,71.0
2023-04-29T16:49:31Z,72.0
2023-04-29T16:49:36Z,71.0
2023-04-29T16:49:41Z,72.0
2023-04-29T16:49:51Z,74.0
2023-04-29T16:49:56Z,76.0
2023-04-29T16:50:01Z,77.0
2023-04-29T16:50:06Z,78.0
2023-04-29T16:50:11Z,79.0
2023-04-29T16:50:21Z,80.0
2023-04-29T16:50:31Z,79.0
2023-04-29T16:50:36Z,76.0
2023-04-29T16:50:41Z,71.0
2023-04-29T16:50:46Z,67.0
2023-04-29T16:50:51Z,66.0
2023-04-29T16:50:56Z,64.0
2023-04-29T16:51:01Z,65.0
2023-04-29T16:51:16Z,65.0
2023-04-29T16:51:31Z,65.0
2023-04-29T16:51:41Z,66.0
2023-04-29T16:51:51Z,63.0
2023-04-29T16:52:06Z,64.0
2023-04-29T16:52:16Z,67.0
2023-04-29T16:52:21Z,68.0
2023-04-29T16:52:26Z,65.0
2023-04-29T16:52:31Z,64.0
2023-04-29T16:52:36Z,65.0
2023-04-29T16:52:41Z,64.0
2023-04-29T16:52:46Z,64.0
2023-04-29T16:52:56Z,65.0
2023-04-29T16:53:01Z,66.0
2023-04-29T16:53:06Z,67.0
2023-04-29T16:53:11Z,68.0
2023-04-29T16:53:16Z,71.0
2023-04-29T16:53:21Z,72.0
2023-04-29T16:53:26Z,74.0
2023-04-29T16:53:31Z,76.0
2023-04-29T16:53:41Z,75.0
2023-04-29T16:53:46Z,75.0
2023-04-29T16:53:51Z,77.0
2023-04-29T16:53:56Z,79.0
2023-04-29T16:54:01Z,80.0
2023-04-29T16:54:06Z,82.0
2023-04-29T16:54:16Z,83.0
2023-04-29T16:54:21Z,83.0
2023-04-29T16:54:31Z,82.0
2023-04-29T16:54:46Z,82.0
2023-04-29T16:54:51Z,80.0
2023-04-29T16:54:56Z,78.0
2023-04-29T16:55:01Z,83.0
2023-04-29T16:55:06Z,81.0
2023-04-29T16:55:11Z,78.0
2023-04-29T16:55:16Z,77.0
2023-04-29T16:55:21Z,75.0
2023-04-29T16:55:36Z,75.0
2023-04-29T16:55:41Z,75.0
2023-04-29T16:55:47Z,76.0
2023-04-29T16:55:53Z,77.0
2023-04-29T16:55:58Z,76.0
2023-04-29T16:56:08Z,74.0
2023-04-29T16:56:13Z,75.0
2023-04-29T16:56:28Z,68.0
2023-04-29T16:56:33Z,64.0
2023-04-29T16:56:38Z,65.0
2023-04-29T16:56:48Z,67.0
2023-04-29T16:56:53Z,68.0
2023-04-29T16:56:58Z,70.0
2023-04-29T16:57:03Z,72.0
2023-04-29T16:57:08Z,74.0
2023-04-29T16:57:18Z,76.0
2023-04-29T16:57:28Z,77.0
2023-04-29T16:57:33Z,78.0
2023-04-29T16:57:38Z,80.0
2023-04-29T16:57:43Z,82.0
2023-04-29T16:57:53Z,83.0
2023-04-29T16:57:58Z,79.0
2023-04-29T16:58:03Z,76.0
2023-04-29T16:58:08Z,75.0
2023-04-29T16:58:13Z,74.0
2023-04-29T16:58:28Z,74.0
2023-04-29T16:58:43Z,74.0
2023-04-29T16:58:48Z,74.0
2023-04-29T16:58:58Z,73.0
2023-04-29T16:59:03Z,72.0
2023-04-29T16:59:08Z,72.0
2023-04-29T16:59:13Z,75.0
2023-04-29T16:59:18Z,76.0
2023-04-29T16:59:23Z,77.0
2023-04-29T16:59:38Z,77.0
2023-04-29T16:59:43Z,83.0
2023-04-29T16:59:48Z,84.0
2023-04-29T16:59:58Z,83.0
2023-04-29T17:00:03Z,82.0
2023-04-29T17:00:08Z,80.0
2023-04-29T17:00:23Z,79.0
2023-04-29T17:00:28Z,76.0
2023-04-29T17:00:33Z,74.0
2023-04-29T17:00:38Z,68.0
2023-04-29T17:00:43Z,64.0
2023-04-29T17:00:58Z,65.0
2023-04-29T17:01:13Z,65.0
2023-04-29T17:01:18Z,66.0
2023-04-29T17:01:23Z,65.0
2023-04-29T17:01:38Z,65.0
2023-04-29T17:01:43Z,66.0
2023-04-29T17:01:48Z,68.0
2023-04-29T17:01:53Z,71.0
2023-04-29T17:02:03Z,70.0
2023-04-29T17:02:08Z,69.0
2023-04-29T17:02:18Z,67.0
2023-04-29T17:02:28Z,66.0
2023-04-29T17:02:33Z,62.0
2023-04-29T17:02:38Z,60.0
2023-04-29T17:02:43Z,60.0
2023-04-29T17:02:53Z,61.0
2023-04-29T17:02:58Z,62.0
2023-04-29T17:03:03Z,63.0
2023-04-29T17:03:18Z,65.0
2023-04-29T17:03:29Z,64.0
2023-04-29T17:03:34Z,62.0
2023-04-29T17:03:39Z,63.0
2023-04-29T17:03:44Z,62.0
2023-04-29T17:03:49Z,63.0
2023-04-29T17:03:54Z,64.0
2023-04-29T17:04:09Z,63.0
2023-04-29T17:04:14Z,64.0
2023-04-29T17:04:19Z,65.0
2023-04-29T17:04:29Z,68.0
2023-04-29T17:04:34Z,68.0
2023-04-29T17:04:44Z,66.0
2023-04-29T17:04:59Z,66.0
2023-04-29T17:05:04Z,67.0
2023-04-29T17:05:09Z,68.0
2023-04-29T17:05:14Z,69.0
2023-04-29T17:05:29Z,69.0
2023-04-29T17:05:34Z,68.0
2023-04-29T17:05:39Z,64.0
2023-04-29T17:05:54Z,64.0
2023-04-29T17:05:59Z,65.0
2023-04-29T17:06:09Z,66.0
2023-04-29T17:06:14Z,68.0
2023-04-29T17:06:19Z,69.0
2023-04-29T17:06:29Z,70.0
2023-04-29T17:06:39Z,69.0
2023-04-29T17:06:44Z,67.0
2023-04-29T17:06:49Z,66.0
2023-04-29T17:07:04Z,67.0
2023-04-29T17:07:09Z,68.0
2023-04-29T17:07:14Z,70.0
2023-04-29T17:07:19Z,72.0
2023-04-29T17:07:24Z,74.0
2023-04-29T17:07:34Z,75.0
2023-04-29T17:07:49Z,76.0
2023-04-29T17:08:04Z,76.0
2023-04-29T17:08:09Z,75.0
2023-04-29T17:08:24Z,76.0
2023-04-29T17:08:29Z,76.0
2023-04-29T17:08:44Z,76.0
2023-04-29T17:08:54Z,77.0
2023-04-29T17:08:59Z,78.0
2023-04-29T17:09:04Z,80.0
2023-04-29T17:09:14Z,80.0
2023-04-29T17:09:29Z,80.0
2023-04-29T17:09:34Z,82.0
2023-04-29T17:09:39Z,81.0
2023-04-29T17:09:49Z,81.0
2023-04-29T17:10:04Z,81.0
2023-04-29T17:10:09Z,80.0
2023-04-29T17:10:14Z,79.0
2023-04-29T17:10:19Z,71.0
2023-04-29T17:10:24Z,65.0
2023-04-29T17:10:29Z,62.0
2023-04-29T17:10:34Z,62.0
2023-04-29T17:10:44Z,63.0
2023-04-29T17:10:49Z,64.0
2023-04-29T17:10:54Z,66.0
2023-04-29T17:11:09Z,68.0
2023-04-29T17:11:14Z,69.0
2023-04-29T17:11:24Z,70.0
2023-04-29T17:11:39Z,69.0
2023-04-29T17:11:49Z,67.0
2023-04-29T17:11:54Z,64.0
2023-04-29T17:11:59Z,63.0
2023-04-29T17:12:09Z,64.0
2023-04-29T17:12:14Z,65.0
2023-04-29T17:12:19Z,66.0
2023-04-29T17:12:24Z,67.0
2023-04-29T17:12:29Z,69.0
2023-04-29T17:12:34Z,70.0
2023-04-29T17:12:39Z,70.0
2023-04-29T17:12:44Z,72.0
2023-04-29T17:12:49Z,71.0
2023-04-29T17:12:54Z,69.0
2023-04-29T17:12:59Z,68.0
2023-04-29T17:13:09Z,66.0
2023-04-29T17:13:14Z,65.0
2023-04-29T17:13:20Z,65.0
2023-04-29T17:13:30Z,64.0
2023-04-29T17:13:35Z,63.0
2023-04-29T17:13:40Z,64.0
2023-04-29T17:13:50Z,65.0
2023-04-29T17:13:55Z,66.0
2023-04-29T17:14:10Z,66.0
2023-04-29T17:14:15Z,65.0
2023-04-29T17:14:25Z,64.0
2023-04-29T17:14:30Z,62.0
2023-04-29T17:14:45Z,62.0
2023-04-29T17:15:00Z,62.0
2023-04-29T17:15:05Z,63.0
2023-04-29T17:15:10Z,65.0
2023-04-29T17:15:15Z,67.0
2023-04-29T17:15:20Z,69.0
2023-04-29T17:15:25Z,70.0
2023-04-29T17:15:30Z,73.0
2023-04-29T17:15:35Z,76.0
2023-04-29T17:15:40Z,75.0
2023-04-29T17:15:55Z,75.0
2023-04-29T17:16:00Z,74.0
2023-04-29T17:16:10Z,75.0
2023-04-29T17:16:15Z,76.0
2023-04-29T17:16:20Z,77.0
2023-04-29T17:16:25Z,78.0
2023-04-29T17:16:30Z,77.0
2023-04-29T17:16:35Z,78.0
2023-04-29T17:16:50Z,77.0
2023-04-29T17:16:55Z,74.0
2023-04-29T17:17:00Z,73.0
2023-04-29T17:17:15Z,74.0
2023-04-29T17:17:20Z,76.0
2023-04-29T17:17:25Z,77.0
2023-04-29T17:17:30Z,78.0
2023-04-29T17:17:40Z,79.0
2023-04-29T17:17:50Z,80.0
2023-04-29T17:17:55Z,79.0
2023-04-29T17:18:00Z,80.0
2023-04-29T17:18:05Z,81.0
2023-04-29T17:18:20Z,79.0
2023-04-29T17:18:25Z,76.0
2023-04-29T17:18:35Z,75.0
2023-04-29T17:18:45Z,76.0
2023-04-29T17:18:55Z,77.0
2023-04-29T17:19:10Z,77.0
2023-04-29T17:19:25Z,77.0
2023-04-29T17:19:35Z,78.0
2023-04-29T17:19:40Z,70.0
2023-04-29T17:19:45Z,70.0
2023-04-29T17:19:50Z,71.0
2023-04-29T17:19:55Z,72.0
2023-04-29T17:20:00Z,72.0
2023-04-29T17:20:05Z,73.0
2023-04-29T17:20:10Z,74.0
2023-04-29T17:20:15Z,75.0
2023-04-29T17:20:20Z,74.0
2023-04-29T17:20:30Z,69.0
2023-04-29T17:20:35Z,66.0
2023-04-29T17:20:40Z,63.0
2023-04-29T17:20:45Z,61.0
2023-04-29T17:20:50Z,62.0
2023-04-29T17:21:05Z,62.0
2023-04-29T17:21:10Z,64.0
2023-04-29T17:21:15Z,66.0
2023-04-29T17:21:20Z,68.0
2023-04-29T17:21:25Z,69.0
2023-04-29T17:21:30Z,70.0
2023-04-29T17:21:35Z,71.0
2023-04-29T17:21:40Z,73.0
2023-04-29T17:21:45Z,75.0
2023-04-29T17:21:50Z,79.0
2023-04-29T17:22:00Z,76.0
2023-04-29T17:22:05Z,74.0
2023-04-29T17:22:10Z,73.0
2023-04-29T17:22:15Z,68.0
2023-04-29T17:22:20Z,62.0
2023-04-29T17:22:25Z,61.0
2023-04-29T17:22:30Z,62.0
2023-04-29T17:22:40Z,61.0
2023-04-29T17:22:45Z,59.0
2023-04-29T17:22:50Z,59.0
2023-04-29T17:22:55Z,60.0
2023-04-29T17:23:00Z,60.0
2023-04-29T17:23:15Z,60.0
2023-04-29T17:23:20Z,61.0
2023-04-29T17:23:35Z,61.0
2023-04-29T17:23:50Z,64.0
2023-04-29T17:23:55Z,68.0
2023-04-29T17:24:00Z,71.0
2023-04-29T17:24:05Z,72.0
2023-04-29T17:24:10Z,72.0
2023-04-29T17:24:15Z,71.0
2023-04-29T17:24:20Z,72.0
2023-04-29T17:24:25Z,73.0
2023-04-29T17:24:30Z,74.0
2023-04-29T17:24:35Z,75.0
2023-04-29T17:24:40Z,77.0
2023-04-29T17:24:45Z,79.0
2023-04-29T17:24:55Z,79.0
2023-04-29T17:25:00Z,77.0
2023-04-29T17:25:05Z,78.0
2023-04-29T17:25:10Z,75.0
2023-04-29T17:25:15Z,74.0
2023-04-29T17:25:20Z,73.0
2023-04-29T17:25:25Z,72.0
2023-04-29T17:25:40Z,72.0
2023-04-29T17:25:50Z,72.0
2023-04-29T17:25:55Z,72.0
2023-04-29T17:26:05Z,70.0
2023-04-29T17:26:10Z,69.0
2023-04-29T17:26:15Z,66.0
2023-04-29T17:26:30Z,66.0
2023-04-29T17:26:35Z,67.0
2023-04-29T17:26:50Z,68.0
2023-04-29T17:27:05Z,68.0
2023-04-29T17:27:20Z,68.0
2023-04-29T17:27:30Z,69.0
2023-04-29T17:27:35Z,72.0
2023-04-29T17:27:40Z,73.0
2023-04-29T17:27:45Z,76.0
2023-04-29T17:27:52Z,77.0
2023-04-29T17:27:57Z,79.0
2023-04-29T17:28:02Z,80.0
2023-04-29T17:28:07Z,81.0
2023-04-29T17:28:12Z,82.0
2023-04-29T17:28:22Z,84.0
2023-04-29T17:28:27Z,86.0
2023-04-29T17:28:32Z,85.0
2023-04-29T17:28:37Z,84.0
2023-04-29T17:28:52Z,84.0
2023-04-29T17:29:02Z,85.0
2023-04-29T17:29:07Z,87.0
2023-04-29T17:29:12Z,89.0
2023-04-29T17:29:17Z,90.0
2023-04-29T17:29:22Z,90.0
2023-04-29T17:29:27Z,93.0
2023-04-29T17:29:32Z,95.0
2023-04-29T17:29:37Z,96.0
2023-04-29T17:29:42Z,94.0
2023-04-29T17:29:47Z,90.0
2023-04-29T17:29:52Z,88.0
2023-04-29T17:29:57Z,85.0
2023-04-29T17:30:02Z,82.0
2023-04-29T17:30:12Z,84.0
2023-04-29T17:30:17Z,81.0
2023-04-29T17:30:22Z,64.0
2023-04-29T17:30:27Z,62.0
2023-04-29T17:30:37Z,63.0
2023-04-29T17:30:42Z,64.0
2023-04-29T17:30:47Z,66.0
2023-04-29T17:30:52Z,68.0
2023-04-29T17:30:57Z,69.0
2023-04-29T17:31:02Z,71.0
2023-04-29T17:31:12Z,65.0
2023-04-29T17:31:17Z,64.0
2023-04-29T17:31:32Z,64.0
2023-04-29T17:31:42Z,65.0
2023-04-29T17:31:47Z,66.0
2023-04-29T17:31:57Z,67.0
2023-04-29T17:32:02Z,69.0
2023-04-29T17:32:07Z,70.0
2023-04-29T17:32:12Z,71.0
2023-04-29T17:32:27Z,71.0
2023-04-29T17:32:32Z,72.0
2023-04-29T17:32:37Z,72.0
2023-04-29T17:32:42Z,73.0
2023-04-29T17:32:47Z,74.0
2023-04-29T17:32:52Z,75.0
2023-04-29T17:33:07Z,75.0
2023-04-29T17:33:22Z,73.0
2023-04-29T17:33:27Z,72.0
2023-04-29T17:33:32Z,69.0
2023-04-29T17:33:37Z,68.0
2023-04-29T17:33:47Z,68.0
2023-04-29T17:33:57Z,69.0
2023-04-29T17:34:02Z,71.0
2023-04-29T17:34:07Z,80.0
2023-04-29T17:34:22Z,81.0
2023-04-29T17:34:27Z,81.0
2023-04-29T17:34:37Z,82.0
2023-04-29T17:34:42Z,81.0
2023-04-29T17:34:52Z,80.0
2023-04-29T17:34:57Z,79.0
2023-04-29T17:35:02Z,81.0
2023-04-29T17:35:07Z,80.0
2023-04-29T17:35:17Z,78.0
2023-04-29T17:35:27Z,76.0
2023-04-29T17:35:32Z,77.0
2023-04-29T17:35:47Z,77.0
2023-04-29T17:35:52Z,74.0
2023-04-29T17:35:57Z,73.0
2023-04-29T17:36:02Z,72.0
2023-04-29T17:36:07Z,71.0
2023-04-29T17:36:22Z,71.0
2023-04-29T17:36:27Z,72.0
2023-04-29T17:36:32Z,75.0
2023-04-29T17:36:37Z,76.0
2023-04-29T17:36:42Z,78.0
2023-04-29T17:36:47Z,81.0
2023-04-29T17:36:52Z,83.0
2023-04-29T17:36:57Z,86.0
2023-04-29T17:37:02Z,89.0
2023-04-29T17:37:07Z,88.0
2023-04-29T17:37:12Z,87.0
2023-04-29T17:37:17Z,86.0
2023-04-29T17:37:27Z,87.0
2023-04-29T17:37:32Z,85.0
2023-04-29T17:37:37Z,83.0
2023-04-29T17:37:42Z,81.0
2023-04-29T17:37:47Z,80.0
2023-04-29T17:37:52Z,79.0
2023-04-29T17:37:57Z,80.0
2023-04-29T17:38:02Z,79.0
2023-04-29T17:38:07Z,77.0
2023-04-29T17:38:12Z,73.0
2023-04-29T17:38:27Z,72.0
2023-04-29T17:38:32Z,71.0
2023-04-29T17:38:37Z,70.0
2023-04-29T17:38:42Z,69.0
2023-04-29T17:38:47Z,68.0
2023-04-29T17:38:52Z,66.0
2023-04-29T17:39:07Z,65.0
2023-04-29T17:39:12Z,64.0
2023-04-29T17:39:17Z,66.0
2023-04-29T17:39:22Z,67.0
2023-04-29T17:39:27Z,68.0
2023-04-29T17:39:37Z,69.0
2023-04-29T17:39:52Z,65.0
2023-04-29T17:39:57Z,62.0
2023-04-29T17:40:07Z,63.0
2023-04-29T17:40:12Z,66.0
2023-04-29T17:40:17Z,65.0
2023-04-29T17:40:22Z,64.0
2023-04-29T17:40:32Z,65.0
2023-04-29T17:40:47Z,65.0
2023-04-29T17:40:52Z,64.0
2023-04-29T17:40:57Z,63.0
2023-04-29T17:41:02Z,62.0
2023-04-29T17:41:17Z,62.0
2023-04-29T17:41:27Z,63.0
2023-04-29T17:41:37Z,65.0
2023-04-29T17:41:42Z,66.0
2023-04-29T17:41:52Z,67.0
2023-04-29T17:41:57Z,68.0
2023-04-29T17:42:02Z,70.0
2023-04-29T17:42:12Z,68.0
2023-04-29T17:42:17Z,67.0
2023-04-29T17:42:32Z,68.0
2023-04-29T17:42:47Z,68.0
2023-04-29T17:42:57Z,67.0
2023-04-29T17:43:02Z,64.0
2023-04-29T17:43:07Z,62.0
2023-04-29T17:43:12Z,63.0
2023-04-29T17:43:22Z,64.0
2023-04-29T17:43:27Z,65.0
2023-04-29T17:43:32Z,66.0
2023-04-29T17:43:37Z,67.0
2023-04-29T17:43:42Z,68.0
2023-04-29T17:43:48Z,68.0
2023-04-29T17:43:56Z,68.0
2023-04-29T17:44:01Z,67.0
2023-04-29T17:44:06Z,66.0
2023-04-29T17:44:16Z,67.0
2023-04-29T17:44:21Z,68.0
2023-04-29T17:44:26Z,68.0
2023-04-29T17:44:31Z,70.0
2023-04-29T17:44:36Z,73.0
2023-04-29T17:44:41Z,75.0
2023-04-29T17:44:46Z,77.0
2023-04-29T17:44:51Z,76.0
2023-04-29T17:44:56Z,75.0
2023-04-29T17:45:06Z,76.0
2023-04-29T17:45:11Z,75.0
2023-04-29T17:45:26Z,74.0
2023-04-29T17:45:36Z,76.0
2023-04-29T17:45:46Z,77.0
2023-04-29T17:46:01Z,77.0
2023-04-29T17:46:16Z,76.0
2023-04-29T17:46:26Z,77.0
2023-04-29T17:46:44Z,77.0
2023-04-29T17:46:49Z,77.0
2023-04-29T17:47:04Z,77.0
2023-04-29T17:47:09Z,74.0
2023-04-29T17:47:14Z,67.0
2023-04-29T17:47:24Z,65.0
2023-04-29T17:47:29Z,61.0
2023-04-29T17:47:34Z,58.0
2023-04-29T17:47:39Z,56.0
2023-04-29T17:47:54Z,58.0
2023-04-29T17:48:04Z,57.0
2023-04-29T17:48:19Z,57.0
2023-04-29T17:48:24Z,56.0
2023-04-29T17:48:29Z,57.0
2023-04-29T17:48:34Z,59.0
2023-04-29T17:48:39Z,60.0
2023-04-29T17:48:54Z,63.0
2023-04-29T17:48:59Z,65.0
2023-04-29T17:49:04Z,67.0
2023-04-29T17:49:09Z,68.0
2023-04-29T17:49:19Z,70.0
2023-04-29T17:49:24Z,71.0
2023-04-29T17:49:29Z,72.0
2023-04-29T17:49:44Z,72.0
2023-04-29T17:49:59Z,73.0
2023-04-29T17:50:14Z,73.0
2023-04-29T17:50:19Z,76.0
2023-04-29T17:50:24Z,77.0
2023-04-29T17:50:29Z,76.0
2023-04-29T17:50:34Z,77.0
2023-04-29T17:50:39Z,79.0
2023-04-29T17:50:44Z,78.0
2023-04-29T17:50:49Z,72.0
2023-04-29T17:50:54Z,67.0
2023-04-29T17:50:59Z,65.0
2023-04-29T17:51:04Z,66.0
2023-04-29T17:51:09Z,65.0
2023-04-29T17:51:19Z,66.0
2023-04-29T17:51:24Z,68.0
2023-04-29T17:51:29Z,70.0
2023-04-29T17:51:34Z,73.0
2023-04-29T17:51:49Z,73.0
2023-04-29T17:51:54Z,75.0
2023-04-29T17:51:59Z,76.0
2023-04-29T17:52:14Z,77.0
2023-04-29T17:52:19Z,78.0
2023-04-29T17:52:24Z,80.0
2023-04-29T17:52:29Z,80.0
2023-04-29T17:52:34Z,79.0
2023-04-29T17:52:44Z,80.0
2023-04-29T17:52:59Z,79.0
2023-04-29T17:53:04Z,80.0
2023-04-29T17:53:14Z,81.0
2023-04-29T17:53:19Z,82.0
2023-04-29T17:53:24Z,82.0
2023-04-29T17:53:39Z,82.0
2023-04-29T17:53:44Z,83.0
2023-04-29T17:53:54Z,89.0
2023-04-29T17:53:59Z,91.0
2023-04-29T17:54:04Z,92.0
2023-04-29T17:54:09Z,91.0
2023-04-29T17:54:14Z,93.0
2023-04-29T17:54:24Z,93.0
2023-04-29T17:54:29Z,93.0
2023-04-29T17:54:44Z,94.0
2023-04-29T17:54:49Z,96.0
2023-04-29T17:54:54Z,97.0
2023-04-29T17:54:59Z,95.0
2023-04-29T17:55:09Z,96.0
2023-04-29T17:55:24Z,95.0
2023-04-29T17:55:34Z,94.0
2023-04-29T17:55:44Z,93.0
2023-04-29T17:55:49Z,92.0
2023-04-29T17:55:54Z,91.0
2023-04-29T17:56:09Z,89.0
2023-04-29T17:56:14Z,82.0
2023-04-29T17:56:24Z,82.0
2023-04-29T17:56:39Z,82.0
2023-04-29T17:56:49Z,83.0
2023-04-29T17:56:59Z,82.0
2023-04-29T17:57:09Z,78.0
2023-04-29T17:57:14Z,76.0
2023-04-29T17:57:24Z,75.0
2023-04-29T17:57:34Z,76.0
2023-04-29T17:57:39Z,75.0
2023-04-29T17:57:44Z,74.0
2023-04-29T17:57:49Z,73.0
2023-04-29T17:57:54Z,72.0
2023-04-29T17:57:59Z,67.0
2023-04-29T17:58:04Z,66.0
2023-04-29T17:58:14Z,67.0
2023-04-29T17:58:20Z,67.0
2023-04-29T17:58:25Z,66.0
2023-04-29T17:58:30Z,65.0
2023-04-29T17:58:40Z,66.0
2023-04-29T17:58:55Z,64.0
2023-04-29T17:59:05Z,65.0
2023-04-29T17:59:20Z,65.0
2023-04-29T17:59:30Z,66.0
2023-04-29T17:59:54Z,66.0
2023-04-29T18:00:09Z,66.0
2023-04-29T18:00:14Z,66.0
2023-04-29T18:00:19Z,66.0
2023-04-29T18:00:29Z,67.0
2023-04-29T18:00:34Z,66.0
2023-04-29T18:00:39Z,67.0
2023-04-29T18:00:44Z,66.0
2023-04-29T18:00:54Z,65.0
2023-04-29T18:00:59Z,66.0
2023-04-29T18:01:04Z,67.0
2023-04-29T18:01:14Z,69.0
2023-04-29T18:01:19Z,68.0
2023-04-29T18:01:24Z,67.0
2023-04-29T18:01:29Z,66.0
2023-04-29T18:01:34Z,65.0
2023-04-29T18:01:39Z,64.0
2023-04-29T18:01:44Z,63.0
2023-04-29T18:01:49Z,61.0
2023-04-29T18:01:54Z,62.0
2023-04-29T18:02:04Z,61.0
2023-04-29T18:02:14Z,61.0
2023-04-29T18:02:19Z,61.0
2023-04-29T18:02:24Z,60.0
2023-04-29T18:02:29Z,61.0
2023-04-29T18:02:34Z,62.0
2023-04-29T18:02:39Z,64.0
2023-04-29T18:02:44Z,65.0
2023-04-29T18:02:49Z,66.0
2023-04-29T18:02:59Z,67.0
2023-04-29T18:03:09Z,66.0
2023-04-29T18:03:14Z,65.0
2023-04-29T18:03:19Z,64.0
2023-04-29T18:03:34Z,61.0
2023-04-29T18:03:39Z,60.0
2023-04-29T18:03:49Z,60.0
2023-04-29T18:03:59Z,61.0
2023-04-29T18:04:04Z,62.0
2023-04-29T18:04:09Z,64.0
2023-04-29T18:04:14Z,67.0
2023-04-29T18:04:19Z,68.0
2023-04-29T18:04:24Z,66.0
2023-04-29T18:04:29Z,63.0
2023-04-29T18:04:34Z,62.0
2023-04-29T18:04:39Z,61.0
2023-04-29T18:04:44Z,62.0
2023-04-29T18:04:59Z,62.0
2023-04-29T18:05:04Z,64.0
2023-04-29T18:05:09Z,66.0
2023-04-29T18:05:15Z,69.0
2023-04-29T18:05:20Z,72.0
2023-04-29T18:05:25Z,73.0
2023-04-29T18:05:30Z,74.0
2023-04-29T18:05:35Z,76.0
2023-04-29T18:05:40Z,78.0
2023-04-29T18:05:45Z,78.0
2023-04-29T18:05:55Z,77.0
2023-04-29T18:06:00Z,77.0
2023-04-29T18:06:05Z,78.0
2023-04-29T18:06:15Z,80.0
2023-04-29T18:06:30Z,81.0
2023-04-29T18:06:35Z,79.0
2023-04-29T18:06:40Z,77.0
2023-04-29T18:06:45Z,78.0
2023-04-29T18:06:55Z,79.0
2023-04-29T18:07:10Z,79.0
2023-04-29T18:07:15Z,77.0
2023-04-29T18:07:20Z,75.0
2023-04-29T18:07:30Z,77.0
2023-04-29T18:07:35Z,78.0
2023-04-29T18:07:45Z,79.0
2023-04-29T18:07:50Z,78.0
2023-04-29T18:08:00Z,79.0
2023-04-29T18:08:05Z,81.0
2023-04-29T18:08:10Z,82.0
2023-04-29T18:08:15Z,83.0
2023-04-29T18:08:20Z,83.0
2023-04-29T18:08:30Z,80.0
2023-04-29T18:08:35Z,75.0
2023-04-29T18:08:40Z,74.0
2023-04-29T18:08:55Z,74.0
2023-04-29T18:09:00Z,73.0
2023-04-29T18:09:05Z,72.0
2023-04-29T18:09:10Z,69.0
2023-04-29T18:09:15Z,66.0
2023-04-29T18:09:20Z,65.0
2023-04-29T18:09:25Z,64.0
2023-04-29T18:09:30Z,66.0
2023-04-29T18:09:35Z,68.0
2023-04-29T18:09:40Z,70.0
2023-04-29T18:09:45Z,72.0
2023-04-29T18:09:50Z,73.0
2023-04-29T18:09:55Z,74.0
2023-04-29T18:10:05Z,75.0
2023-04-29T18:10:15Z,77.0
2023-04-29T18:10:30Z,76.0
2023-04-29T18:10:45Z,76.0
2023-04-29T18:10:50Z,74.0
2023-04-29T18:10:55Z,75.0
2023-04-29T18:11:00Z,76.0
2023-04-29T18:11:10Z,77.0
2023-04-29T18:11:25Z,78.0
2023-04-29T18:11:35Z,76.0
2023-04-29T18:11:40Z,76.0
2023-04-29T18:11:45Z,77.0
2023-04-29T18:11:55Z,79.0
2023-04-29T18:12:05Z,80.0
2023-04-29T18:12:10Z,81.0
2023-04-29T18:12:15Z,80.0
2023-04-29T18:12:25Z,79.0
2023-04-29T18:12:30Z,78.0
2023-04-29T18:12:40Z,77.0
2023-04-29T18:12:45Z,78.0
2023-04-29T18:12:50Z,77.0
2023-04-29T18:12:55Z,75.0
2023-04-29T18:13:00Z,74.0
2023-04-29T18:13:05Z,75.0
2023-04-29T18:13:20Z,75.0
2023-04-29T18:13:25Z,70.0
2023-04-29T18:13:30Z,69.0
2023-04-29T18:13:35Z,68.0
2023-04-29T18:13:40Z,67.0
2023-04-29T18:13:45Z,66.0
2023-04-29T18:13:50Z,65.0
2023-04-29T18:14:00Z,66.0
2023-04-29T18:14:05Z,68.0
2023-04-29T18:14:10Z,70.0
2023-04-29T18:14:15Z,71.0
2023-04-29T18:14:20Z,74.0
2023-04-29T18:14:25Z,75.0
2023-04-29T18:14:30Z,77.0
2023-04-29T18:14:35Z,76.0
2023-04-29T18:14:40Z,75.0
2023-04-29T18:14:45Z,75.0
2023-04-29T18:14:50Z,77.0
2023-04-29T18:14:55Z,79.0
2023-04-29T18:15:00Z,80.0
2023-04-29T18:15:05Z,79.0
2023-04-29T18:15:10Z,78.0
2023-04-29T18:15:15Z,77.0
2023-04-29T18:15:20Z,73.0
2023-04-29T18:15:25Z,69.0
2023-04-29T18:15:30Z,70.0
2023-04-29T18:15:35Z,71.0
2023-04-29T18:15:40Z,72.0
2023-04-29T18:15:46Z,73.0
2023-04-29T18:15:52Z,73.0
2023-04-29T18:15:57Z,72.0
2023-04-29T18:16:02Z,73.0
2023-04-29T18:16:07Z,75.0
2023-04-29T18:16:13Z,77.0
2023-04-29T18:16:18Z,76.0
2023-04-29T18:16:23Z,73.0
2023-04-29T18:16:28Z,68.0
2023-04-29T18:16:33Z,66.0
2023-04-29T18:16:48Z,67.0
2023-04-29T18:16:53Z,70.0
2023-04-29T18:16:58Z,72.0
2023-04-29T18:17:08Z,72.0
2023-04-29T18:17:18Z,73.0
2023-04-29T18:17:33Z,72.0
2023-04-29T18:17:38Z,70.0
2023-04-29T18:17:43Z,68.0
2023-04-29T18:17:48Z,67.0
2023-04-29T18:17:53Z,66.0
2023-04-29T18:17:58Z,67.0
2023-04-29T18:18:03Z,70.0
2023-04-29T18:18:13Z,71.0
2023-04-29T18:18:23Z,73.0
2023-04-29T18:18:28Z,74.0
2023-04-29T18:18:33Z,76.0
2023-04-29T18:18:38Z,77.0
2023-04-29T18:18:53Z,76.0
2023-04-29T18:19:03Z,77.0
2023-04-29T18:19:13Z,78.0
2023-04-29T18:19:23Z,79.0
2023-04-29T18:19:28Z,80.0
2023-04-29T18:19:33Z,82.0
2023-04-29T18:19:38Z,84.0
2023-04-29T18:19:43Z,85.0
2023-04-29T18:19:48Z,86.0
2023-04-29T18:19:53Z,88.0
2023-04-29T18:19:58Z,90.0
2023-04-29T18:20:03Z,93.0
2023-04-29T18:20:08Z,95.0
2023-04-29T18:20:13Z,96.0
2023-04-29T18:20:18Z,96.0
2023-04-29T18:20:23Z,97.0
2023-04-29T18:20:28Z,98.0
2023-04-29T18:20:33Z,94.0
2023-04-29T18:20:38Z,87.0
2023-04-29T18:20:43Z,81.0
2023-04-29T18:20:58Z,80.0
2023-04-29T18:21:03Z,79.0
2023-04-29T18:21:08Z,78.0
2023-04-29T18:21:18Z,76.0
2023-04-29T18:21:23Z,73.0
2023-04-29T18:21:28Z,70.0
2023-04-29T18:21:33Z,68.0
2023-04-29T18:21:38Z,69.0
2023-04-29T18:21:43Z,71.0
2023-04-29T18:21:48Z,74.0
2023-04-29T18:21:53Z,77.0
2023-04-29T18:21:58Z,76.0
2023-04-29T18:22:03Z,76.0
2023-04-29T18:22:08Z,77.0
2023-04-29T18:22:23Z,77.0
2023-04-29T18:22:33Z,76.0
2023-04-29T18:22:38Z,77.0
2023-04-29T18:22:48Z,78.0
2023-04-29T18:22:53Z,79.0
2023-04-29T18:22:58Z,81.0
2023-04-29T18:23:03Z,82.0
2023-04-29T18:23:18Z,82.0
2023-04-29T18:23:23Z,84.0
2023-04-29T18:23:28Z,87.0
2023-04-29T18:23:33Z,90.0
2023-04-29T18:23:38Z,93.0
2023-04-29T18:23:43Z,94.0
2023-04-29T18:23:48Z,95.0
2023-04-29T18:23:53Z,93.0
2023-04-29T18:23:58Z,89.0
2023-04-29T18:24:03Z,87.0
2023-04-29T18:24:08Z,86.0
2023-04-29T18:24:13Z,85.0
2023-04-29T18:24:18Z,84.0
2023-04-29T18:24:23Z,83.0
2023-04-29T18:24:33Z,80.0
2023-04-29T18:24:38Z,75.0
2023-04-29T18:24:43Z,74.0
2023-04-29T18:24:53Z,72.0
2023-04-29T18:24:58Z,71.0
2023-04-29T18:25:03Z,70.0
2023-04-29T18:25:13Z,69.0
2023-04-29T18:25:18Z,68.0
2023-04-29T18:25:23Z,69.0
2023-04-29T18:25:28Z,67.0
2023-04-29T18:25:33Z,66.0
2023-04-29T18:25:48Z,66.0
2023-04-29T18:25:53Z,67.0
2023-04-29T18:25:58Z,68.0
2023-04-29T18:26:03Z,70.0
2023-04-29T18:26:08Z,73.0
2023-04-29T18:26:13Z,72.0
2023-04-29T18:26:18Z,69.0
2023-04-29T18:26:23Z,66.0
2023-04-29T18:26:33Z,65.0
2023-04-29T18:26:48Z,66.0
2023-04-29T18:27:03Z,67.0
2023-04-29T18:27:18Z,69.0
2023-04-29T18:27:28Z,70.0
2023-04-29T18:27:43Z,68.0
2023-04-29T18:27:48Z,66.0
2023-04-29T18:27:53Z,67.0
2023-04-29T18:28:03Z,66.0
2023-04-29T18:28:08Z,65.0
2023-04-29T18:28:18Z,67.0
2023-04-29T18:28:28Z,68.0
2023-04-29T18:28:33Z,67.0
2023-04-29T18:28:38Z,68.0
2023-04-29T18:28:43Z,69.0
2023-04-29T18:28:53Z,70.0
2023-04-29T18:28:58Z,71.0
2023-04-29T18:29:03Z,73.0
2023-04-29T18:29:08Z,75.0
2023-04-29T18:29:18Z,77.0
2023-04-29T18:29:23Z,78.0
2023-04-29T18:29:38Z,78.0
2023-04-29T18:29:48Z,79.0
2023-04-29T18:29:53Z,81.0
2023-04-29T18:30:08Z,80.0
2023-04-29T18:30:13Z,79.0
2023-04-29T18:30:18Z,80.0
2023-04-29T18:30:23Z,79.0
2023-04-29T18:30:28Z,78.0
2023-04-29T18:30:33Z,76.0
2023-04-29T18:30:38Z,74.0
2023-04-29T18:30:43Z,75.0
2023-04-29T18:30:48Z,77.0
2023-04-29T18:30:53Z,79.0
2023-04-29T18:31:08Z,79.0
2023-04-29T18:31:13Z,81.0
2023-04-29T18:31:23Z,82.0
2023-04-29T18:31:28Z,83.0
2023-04-29T18:31:33Z,84.0
2023-04-29T18:31:38Z,82.0
2023-04-29T18:31:43Z,80.0
2023-04-29T18:31:50Z,80.0
2023-04-29T18:31:55Z,85.0
2023-04-29T18:32:00Z,86.0
2023-04-29T18:32:05Z,85.0
2023-04-29T18:32:10Z,82.0
2023-04-29T18:32:15Z,81.0
2023-04-29T18:32:20Z,80.0
2023-04-29T18:32:25Z,80.0
2023-04-29T18:32:30Z,81.0
2023-04-29T18:32:40Z,83.0
2023-04-29T18:32:45Z,93.0
2023-04-29T18:32:50Z,96.0
2023-04-29T18:32:55Z,98.0
2023-04-29T18:33:00Z,93.0
2023-04-29T18:33:05Z,93.0
2023-04-29T18:33:10Z,94.0
2023-04-29T18:33:15Z,95.0
2023-04-29T18:33:20Z,97.0
2023-04-29T18:33:25Z,98.0
2023-04-29T18:33:35Z,99.0
2023-04-29T18:33:40Z,94.0
2023-04-29T18:33:45Z,93.0
2023-04-29T18:33:50Z,97.0
2023-04-29T18:33:55Z,98.0
2023-04-29T18:34:00Z,99.0
2023-04-29T18:34:05Z,98.0
2023-04-29T18:34:10Z,96.0
2023-04-29T18:34:15Z,93.0
2023-04-29T18:34:25Z,94.0
2023-04-29T18:34:40Z,94.0
2023-04-29T18:34:45Z,93.0
2023-04-29T18:34:55Z,94.0
2023-04-29T18:35:00Z,93.0
2023-04-29T18:35:05Z,94.0
2023-04-29T18:35:10Z,95.0
2023-04-29T18:35:15Z,95.0
2023-04-29T18:35:20Z,96.0
2023-04-29T18:35:25Z,96.0
2023-04-29T18:35:35Z,97.0
2023-04-29T18:35:40Z,100.0
2023-04-29T18:35:45Z,102.0
2023-04-29T18:35:50Z,101.0
2023-04-29T18:35:55Z,102.0
2023-04-29T18:36:00Z,101.0
2023-04-29T18:36:10Z,101.0
2023-04-29T18:36:25Z,101.0
2023-04-29T18:36:35Z,104.0
2023-04-29T18:36:45Z,101.0
2023-04-29T18:36:50Z,99.0
2023-04-29T18:36:55Z,94.0
2023-04-29T18:37:00Z,92.0
2023-04-29T18:37:05Z,97.0
2023-04-29T18:37:10Z,100.0
2023-04-29T18:37:15Z,102.0
2023-04-29T18:37:26Z,102.0
2023-04-29T18:37:31Z,101.0
2023-04-29T18:37:36Z,97.0
2023-04-29T18:37:41Z,96.0
2023-04-29T18:37:56Z,96.0
2023-04-29T18:38:01Z,71.0
2023-04-29T18:38:06Z,68.0
2023-04-29T18:38:11Z,66.0
2023-04-29T18:38:16Z,63.0
2023-04-29T18:38:21Z,64.0
2023-04-29T18:38:36Z,64.0
2023-04-29T18:38:41Z,65.0
2023-04-29T18:38:51Z,66.0
2023-04-29T18:38:56Z,67.0
2023-04-29T18:39:01Z,68.0
2023-04-29T18:39:06Z,70.0
2023-04-29T18:39:11Z,74.0
2023-04-29T18:39:16Z,84.0
2023-04-29T18:39:21Z,89.0
2023-04-29T18:39:26Z,92.0
2023-04-29T18:39:31Z,81.0
2023-04-29T18:39:36Z,78.0
2023-04-29T18:39:41Z,78.0
2023-04-29T18:39:46Z,77.0
2023-04-29T18:39:51Z,76.0
2023-04-29T18:39:56Z,73.0
2023-04-29T18:40:06Z,72.0
2023-04-29T18:40:11Z,71.0
2023-04-29T18:40:16Z,69.0
2023-04-29T18:40:21Z,68.0
2023-04-29T18:40:31Z,66.0
2023-04-29T18:40:36Z,65.0
2023-04-29T18:40:41Z,66.0
2023-04-29T18:40:46Z,68.0
2023-04-29T18:40:51Z,69.0
2023-04-29T18:40:56Z,70.0
2023-04-29T18:41:01Z,71.0
2023-04-29T18:41:11Z,73.0
2023-04-29T18:41:16Z,75.0
2023-04-29T18:41:21Z,76.0
2023-04-29T18:41:31Z,75.0
2023-04-29T18:41:36Z,75.0
2023-04-29T18:41:41Z,77.0
2023-04-29T18:41:46Z,75.0
2023-04-29T18:41:56Z,74.0
2023-04-29T18:42:01Z,72.0
2023-04-29T18:42:06Z,70.0
2023-04-29T18:42:16Z,71.0
2023-04-29T18:42:21Z,73.0
2023-04-29T18:42:26Z,74.0
2023-04-29T18:42:36Z,73.0
2023-04-29T18:42:46Z,72.0
2023-04-29T18:43:01Z,72.0
2023-04-29T18:43:16Z,71.0
2023-04-29T18:43:26Z,73.0
2023-04-29T18:43:41Z,73.0
2023-04-29T18:43:51Z,74.0
2023-04-29T18:43:56Z,73.0
2023-04-29T18:44:06Z,74.0
2023-04-29T18:44:11Z,73.0
2023-04-29T18:44:26Z,72.0
2023-04-29T18:44:41Z,73.0
2023-04-29T18:44:46Z,72.0
2023-04-29T18:45:01Z,72.0
2023-04-29T18:45:06Z,74.0
2023-04-29T18:45:11Z,71.0
2023-04-29T18:45:16Z,70.0
2023-04-29T18:45:26Z,69.0
2023-04-29T18:45:41Z,69.0
2023-04-29T18:45:56Z,69.0
2023-04-29T18:46:01Z,70.0
2023-04-29T18:46:06Z,69.0
2023-04-29T18:46:21Z,69.0
2023-04-29T18:46:26Z,70.0
2023-04-29T18:46:41Z,70.0
2023-04-29T18:46:46Z,70.0
2023-04-29T18:46:51Z,70.0
2023-04-29T18:46:56Z,69.0
2023-04-29T18:47:11Z,69.0
2023-04-29T18:47:16Z,69.0
2023-04-29T18:47:21Z,68.0
2023-04-29T18:47:36Z,69.0
2023-04-29T18:47:52Z,69.0
2023-04-29T18:48:02Z,70.0
2023-04-29T18:48:07Z,70.0
2023-04-29T18:48:22Z,71.0
2023-04-29T18:48:37Z,72.0
2023-04-29T18:48:52Z,72.0
2023-04-29T18:49:07Z,71.0
2023-04-29T18:49:12Z,70.0
2023-04-29T18:49:17Z,69.0
2023-04-29T18:49:32Z,70.0
2023-04-29T18:49:47Z,70.0
2023-04-29T18:50:02Z,69.0
2023-04-29T18:50:07Z,70.0
2023-04-29T18:50:22Z,70.0
2023-04-29T18:50:37Z,71.0
2023-04-29T18:50:42Z,71.0
2023-04-29T18:50:47Z,70.0
2023-04-29T18:50:57Z,69.0
2023-04-29T18:51:02Z,67.0
2023-04-29T18:51:07Z,68.0
2023-04-29T18:51:22Z,68.0
2023-04-29T18:51:32Z,69.0
2023-04-29T18:51:47Z,69.0
2023-04-29T18:51:57Z,68.0
2023-04-29T18:52:12Z,68.0
2023-04-29T18:52:22Z,69.0
2023-04-29T18:52:33Z,69.0
2023-04-29T18:52:43Z,70.0
2023-04-29T18:52:58Z,70.0
2023-04-29T18:53:13Z,70.0
2023-04-29T18:53:28Z,70.0
2023-04-29T18:53:33Z,71.0
2023-04-29T18:53:38Z,70.0
2023-04-29T18:53:43Z,70.0
2023-04-29T18:53:53Z,70.0
2023-04-29T18:54:08Z,70.0
2023-04-29T18:54:13Z,71.0
2023-04-29T18:54:18Z,70.0
2023-04-29T18:54:28Z,70.0
2023-04-29T18:54:43Z,70.0
2023-04-29T18:54:53Z,72.0
2023-04-29T18:54:58Z,71.0
2023-04-29T18:55:08Z,72.0
2023-04-29T18:55:13Z,71.0
2023-04-29T18:55:18Z,70.0
2023-04-29T18:55:28Z,70.0
2023-04-29T18:55:43Z,71.0
2023-04-29T18:55:48Z,70.0
2023-04-29T18:55:58Z,70.0
2023-04-29T18:56:03Z,69.0
2023-04-29T18:56:08Z,69.0
2023-04-29T18:56:13Z,69.0
2023-04-29T18:56:18Z,70.0
2023-04-29T18:56:23Z,70.0
2023-04-29T18:56:38Z,71.0
2023-04-29T18:56:48Z,72.0
2023-04-29T18:57:03Z,72.0
2023-04-29T18:57:13Z,75.0
2023-04-29T18:57:18Z,77.0
2023-04-29T18:57:23Z,76.0
2023-04-29T18:57:28Z,74.0
2023-04-29T18:57:33Z,75.0
2023-04-29T18:57:38Z,74.0
2023-04-29T18:57:43Z,72.0
2023-04-29T18:57:48Z,68.0
2023-04-29T18:57:53Z,69.0
2023-04-29T18:57:58Z,70.0
2023-04-29T18:58:03Z,69.0
2023-04-29T18:58:18Z,69.0
2023-04-29T18:58:33Z,69.0
2023-04-29T18:58:48Z,69.0
2023-04-29T18:59:03Z,69.0
2023-04-29T18:59:13Z,70.0
2023-04-29T18:59:18Z,71.0
2023-04-29T18:59:23Z,70.0
2023-04-29T18:59:28Z,71.0
2023-04-29T18:59:33Z,70.0
2023-04-29T18:59:38Z,70.0
2023-04-29T18:59:53Z,70.0
2023-04-29T19:00:08Z,70.0
2023-04-29T19:00:13Z,70.0
2023-04-29T19:00:28Z,70.0
2023-04-29T19:00:38Z,70.0
2023-04-29T19:00:43Z,69.0
2023-04-29T19:00:53Z,70.0
2023-04-29T19:01:08Z,70.0
2023-04-29T19:01:18Z,69.0
2023-04-29T19:01:28Z,69.0
2023-04-29T19:01:33Z,69.0
2023-04-29T19:01:43Z,69.0
2023-04-29T19:01:48Z,67.0
2023-04-29T19:01:58Z,68.0
2023-04-29T19:02:03Z,69.0
2023-04-29T19:02:13Z,70.0
2023-04-29T19:02:28Z,69.0
2023-04-29T19:02:43Z,69.0
2023-04-29T19:02:48Z,70.0
2023-04-29T19:03:03Z,70.0
2023-04-29T19:03:18Z,70.0
2023-04-29T19:03:33Z,69.0
2023-04-29T19:03:38Z,66.0
2023-04-29T19:03:48Z,67.0
2023-04-29T19:03:54Z,69.0
2023-04-29T19:03:59Z,70.0
2023-04-29T19:04:14Z,70.0
2023-04-29T19:04:19Z,70.0
2023-04-29T19:04:34Z,68.0
2023-04-29T19:04:39Z,67.0
2023-04-29T19:04:54Z,68.0
2023-04-29T19:04:59Z,69.0
2023-04-29T19:05:09Z,70.0
2023-04-29T19:05:24Z,70.0
2023-04-29T19:05:39Z,70.0
2023-04-29T19:05:44Z,71.0
2023-04-29T19:05:49Z,72.0
2023-04-29T19:06:04Z,73.0
2023-04-29T19:06:14Z,74.0
2023-04-29T19:06:19Z,85.0
2023-04-29T19:06:24Z,84.0
2023-04-29T19:06:29Z,78.0
2023-04-29T19:06:34Z,76.0
2023-04-29T19:06:39Z,72.0
2023-04-29T19:06:44Z,70.0
2023-04-29T19:06:49Z,69.0
2023-04-29T19:06:54Z,68.0
2023-04-29T19:06:59Z,65.0
2023-04-29T19:07:14Z,64.0
2023-04-29T19:07:19Z,62.0
2023-04-29T19:07:24Z,61.0
2023-04-29T19:07:39Z,62.0
2023-04-29T19:07:44Z,64.0
2023-04-29T19:07:49Z,66.0
2023-04-29T19:07:54Z,67.0
2023-04-29T19:07:59Z,68.0
2023-04-29T19:08:04Z,68.0
2023-04-29T19:08:09Z,69.0
2023-04-29T19:08:19Z,68.0
2023-04-29T19:08:34Z,69.0
2023-04-29T19:08:49Z,69.0
2023-04-29T19:09:04Z,69.0
2023-04-29T19:09:19Z,69.0
2023-04-29T19:09:34Z,69.0
2023-04-29T19:09:49Z,69.0
2023-04-29T19:10:04Z,69.0
2023-04-29T19:10:19Z,69.0
2023-04-29T19:10:24Z,70.0
2023-04-29T19:10:39Z,70.0
2023-04-29T19:10:54Z,70.0
2023-04-29T19:11:09Z,70.0
2023-04-29T19:11:24Z,70.0
2023-04-29T19:11:34Z,72.0
2023-04-29T19:11:39Z,74.0
2023-04-29T19:11:49Z,72.0
2023-04-29T19:11:54Z,69.0
2023-04-29T19:12:09Z,69.0
2023-04-29T19:12:14Z,70.0
2023-04-29T19:12:24Z,69.0
2023-04-29T19:12:34Z,70.0
2023-04-29T19:12:44Z,72.0
2023-04-29T19:12:49Z,73.0
2023-04-29T19:12:54Z,72.0
2023-04-29T19:12:59Z,72.0
2023-04-29T19:13:04Z,71.0
2023-04-29T19:13:14Z,72.0
2023-04-29T19:13:24Z,70.0
2023-04-29T19:13:29Z,70.0
2023-04-29T19:13:45Z,70.0
2023-04-29T19:13:55Z,71.0
2023-04-29T19:14:00Z,70.0
2023-04-29T19:14:05Z,69.0
2023-04-29T19:14:15Z,69.0
2023-04-29T19:14:20Z,69.0
2023-04-29T19:14:35Z,70.0
2023-04-29T19:14:45Z,69.0
2023-04-29T19:14:55Z,70.0
2023-04-29T19:15:10Z,69.0
2023-04-29T19:15:25Z,69.0
2023-04-29T19:15:30Z,70.0
2023-04-29T19:15:35Z,70.0
2023-04-29T19:15:40Z,69.0
2023-04-29T19:15:50Z,70.0
2023-04-29T19:16:05Z,69.0
2023-04-29T19:16:10Z,68.0
2023-04-29T19:16:15Z,66.0
2023-04-29T19:16:20Z,66.0
2023-04-29T19:16:25Z,67.0
2023-04-29T19:16:30Z,70.0
2023-04-29T19:16:35Z,71.0
2023-04-29T19:16:40Z,71.0
2023-04-29T19:16:45Z,70.0
2023-04-29T19:16:55Z,70.0
2023-04-29T19:17:00Z,70.0
2023-04-29T19:17:05Z,69.0
2023-04-29T19:17:10Z,69.0
2023-04-29T19:17:15Z,69.0
2023-04-29T19:17:25Z,70.0
2023-04-29T19:17:35Z,69.0
2023-04-29T19:17:50Z,69.0
2023-04-29T19:18:05Z,70.0
2023-04-29T19:18:10Z,70.0
2023-04-29T19:18:25Z,70.0
2023-04-29T19:18:30Z,70.0
2023-04-29T19:18:40Z,70.0
2023-04-29T19:18:50Z,70.0
2023-04-29T19:19:00Z,70.0
2023-04-29T19:19:05Z,70.0
2023-04-29T19:19:20Z,70.0
2023-04-29T19:19:35Z,72.0
2023-04-29T19:19:40Z,74.0
2023-04-29T19:19:45Z,81.0
2023-04-29T19:19:51Z,86.0
2023-04-29T19:20:01Z,85.0
2023-04-29T19:20:06Z,80.0
2023-04-29T19:20:21Z,80.0
2023-04-29T19:20:26Z,79.0
2023-04-29T19:20:31Z,78.0
2023-04-29T19:20:36Z,77.0
2023-04-29T19:20:41Z,71.0
2023-04-29T19:20:46Z,69.0
2023-04-29T19:20:51Z,68.0
2023-04-29T19:21:01Z,69.0
2023-04-29T19:21:16Z,69.0
2023-04-29T19:21:21Z,68.0
2023-04-29T19:21:26Z,69.0
2023-04-29T19:21:31Z,70.0
2023-04-29T19:21:41Z,69.0
2023-04-29T19:21:56Z,68.0
2023-04-29T19:22:01Z,68.0
2023-04-29T19:22:06Z,69.0
2023-04-29T19:22:16Z,69.0
2023-04-29T19:22:21Z,67.0
2023-04-29T19:22:26Z,64.0
2023-04-29T19:22:31Z,65.0
2023-04-29T19:22:41Z,67.0
2023-04-29T19:22:56Z,68.0
2023-04-29T19:23:01Z,69.0
2023-04-29T19:23:11Z,69.0
2023-04-29T19:23:16Z,69.0
2023-04-29T19:23:21Z,69.0
2023-04-29T19:23:36Z,69.0
2023-04-29T19:23:51Z,69.0
2023-04-29T19:23:56Z,70.0
2023-04-29T19:24:11Z,70.0
2023-04-29T19:24:21Z,71.0
2023-04-29T19:24:36Z,71.0
2023-04-29T19:24:41Z,69.0
2023-04-29T19:24:51Z,70.0
2023-04-29T19:24:56Z,71.0
2023-04-29T19:25:01Z,72.0
2023-04-29T19:25:06Z,73.0
2023-04-29T19:25:11Z,79.0
2023-04-29T19:25:16Z,83.0
2023-04-29T19:25:21Z,85.0
2023-04-29T19:25:26Z,84.0
2023-04-29T19:25:36Z,86.0
2023-04-29T19:25:41Z,87.0
2023-04-29T19:25:51Z,84.0
2023-04-29T19:25:56Z,75.0
2023-04-29T19:26:01Z,72.0
2023-04-29T19:26:06Z,71.0
2023-04-29T19:26:11Z,71.0
2023-04-29T19:26:21Z,73.0
2023-04-29T19:26:26Z,72.0
2023-04-29T19:26:31Z,72.0
2023-04-29T19:26:36Z,71.0
2023-04-29T19:26:46Z,72.0
2023-04-29T19:26:51Z,73.0
2023-04-29T19:26:56Z,75.0
2023-04-29T19:27:11Z,72.0
2023-04-29T19:27:16Z,71.0
2023-04-29T19:27:21Z,70.0
2023-04-29T19:27:26Z,71.0
2023-04-29T19:27:31Z,72.0
2023-04-29T19:27:36Z,70.0
2023-04-29T19:27:41Z,69.0
2023-04-29T19:27:51Z,68.0
2023-04-29T19:27:56Z,69.0
2023-04-29T19:28:06Z,71.0
2023-04-29T19:28:11Z,72.0
2023-04-29T19:28:16Z,71.0
2023-04-29T19:28:21Z,70.0
2023-04-29T19:28:36Z,70.0
2023-04-29T19:28:52Z,70.0
2023-04-29T19:29:07Z,69.0
2023-04-29T19:29:12Z,69.0
2023-04-29T19:29:17Z,70.0
2023-04-29T19:29:22Z,70.0
2023-04-29T19:29:27Z,69.0
2023-04-29T19:29:32Z,69.0
2023-04-29T19:29:37Z,68.0
2023-04-29T19:29:42Z,68.0
2023-04-29T19:29:52Z,69.0
2023-04-29T19:29:57Z,69.0
2023-04-29T19:30:07Z,70.0
2023-04-29T19:30:17Z,69.0
2023-04-29T19:30:27Z,70.0
2023-04-29T19:30:37Z,70.0
2023-04-29T19:30:52Z,74.0
2023-04-29T19:30:57Z,78.0
2023-04-29T19:31:07Z,79.0
2023-04-29T19:31:12Z,83.0
2023-04-29T19:31:17Z,81.0
2023-04-29T19:31:22Z,75.0
2023-04-29T19:31:27Z,69.0
2023-04-29T19:31:42Z,69.0
2023-04-29T19:31:57Z,68.0
2023-04-29T19:32:07Z,67.0
2023-04-29T19:32:22Z,68.0
2023-04-29T19:32:32Z,69.0
2023-04-29T19:32:37Z,70.0
2023-04-29T19:32:52Z,70.0
2023-04-29T19:33:02Z,71.0
2023-04-29T19:33:07Z,72.0
2023-04-29T19:33:22Z,72.0
2023-04-29T19:33:27Z,71.0
2023-04-29T19:33:42Z,73.0
2023-04-29T19:33:57Z,70.0
2023-04-29T19:34:12Z,71.0
2023-04-29T19:34:22Z,66.0
2023-04-29T19:34:27Z,62.0
2023-04-29T19:34:37Z,63.0
2023-04-29T19:34:42Z,62.0
2023-04-29T19:34:52Z,63.0
2023-04-29T19:35:07Z,62.0
2023-04-29T19:35:12Z,63.0
2023-04-29T19:35:17Z,64.0
2023-04-29T19:35:22Z,67.0
2023-04-29T19:35:27Z,68.0
2023-04-29T19:35:32Z,68.0
2023-04-29T19:35:37Z,69.0
2023-04-29T19:35:42Z,70.0
2023-04-29T19:35:54Z,71.0
2023-04-29T19:35:59Z,70.0
2023-04-29T19:36:04Z,69.0
2023-04-29T19:36:19Z,69.0
2023-04-29T19:36:34Z,69.0
2023-04-29T19:36:49Z,70.0
2023-04-29T19:37:04Z,70.0
2023-04-29T19:37:19Z,69.0
2023-04-29T19:37:24Z,70.0
2023-04-29T19:37:29Z,71.0
2023-04-29T19:37:34Z,72.0
2023-04-29T19:37:39Z,74.0
2023-04-29T19:37:44Z,75.0
2023-04-29T19:37:49Z,73.0
2023-04-29T19:38:04Z,71.0
2023-04-29T19:38:09Z,70.0
2023-04-29T19:38:24Z,70.0
2023-04-29T19:38:29Z,71.0
2023-04-29T19:38:34Z,72.0
2023-04-29T19:38:39Z,71.0
2023-04-29T19:38:44Z,73.0
2023-04-29T19:38:49Z,74.0
2023-04-29T19:38:59Z,75.0
2023-04-29T19:39:04Z,76.0
2023-04-29T19:39:09Z,77.0
2023-04-29T19:39:19Z,91.0
2023-04-29T19:39:24Z,93.0
2023-04-29T19:39:29Z,92.0
2023-04-29T19:39:34Z,90.0
2023-04-29T19:39:39Z,82.0
2023-04-29T19:39:44Z,81.0
2023-04-29T19:39:49Z,80.0
2023-04-29T19:39:54Z,79.0
2023-04-29T19:39:59Z,78.0
2023-04-29T19:40:04Z,69.0
2023-04-29T19:40:19Z,69.0
2023-04-29T19:40:24Z,70.0
2023-04-29T19:40:29Z,69.0
2023-04-29T19:40:39Z,70.0
2023-04-29T19:40:54Z,70.0
2023-04-29T19:40:59Z,71.0
2023-04-29T19:41:04Z,72.0
2023-04-29T19:41:14Z,73.0
2023-04-29T19:41:19Z,74.0
2023-04-29T19:41:24Z,76.0
2023-04-29T19:41:29Z,89.0
2023-04-29T19:41:34Z,87.0
2023-04-29T19:41:44Z,82.0
2023-04-29T19:41:49Z,75.0
2023-04-29T19:41:54Z,73.0
2023-04-29T19:42:04Z,72.0
2023-04-29T19:42:09Z,72.0
2023-04-29T19:42:14Z,69.0
2023-04-29T19:42:29Z,69.0
2023-04-29T19:42:39Z,70.0
2023-04-29T19:42:44Z,68.0
2023-04-29T19:42:49Z,64.0
2023-04-29T19:42:59Z,65.0
2023-04-29T19:43:04Z,65.0
2023-04-29T19:43:09Z,63.0
2023-04-29T19:43:14Z,63.0
2023-04-29T19:43:24Z,65.0
2023-04-29T19:43:34Z,66.0
2023-04-29T19:43:39Z,67.0
2023-04-29T19:43:44Z,69.0
2023-04-29T19:43:49Z,72.0
2023-04-29T19:43:54Z,78.0
2023-04-29T19:43:59Z,76.0
2023-04-29T19:44:04Z,77.0
2023-04-29T19:44:09Z,78.0
2023-04-29T19:44:14Z,77.0
2023-04-29T19:44:19Z,78.0
2023-04-29T19:44:24Z,77.0
2023-04-29T19:44:39Z,78.0
2023-04-29T19:44:44Z,79.0
2023-04-29T19:44:59Z,79.0
2023-04-29T19:45:04Z,80.0
2023-04-29T19:45:09Z,81.0
2023-04-29T19:45:14Z,80.0
2023-04-29T19:45:19Z,76.0
2023-04-29T19:45:24Z,74.0
2023-04-29T19:45:29Z,75.0
2023-04-29T19:45:39Z,76.0
2023-04-29T19:45:44Z,74.0
2023-04-29T19:45:49Z,73.0
2023-04-29T19:45:54Z,72.0
2023-04-29T19:45:59Z,71.0
2023-04-29T19:46:14Z,73.0
2023-04-29T19:46:19Z,75.0
2023-04-29T19:46:29Z,76.0
2023-04-29T19:46:34Z,77.0
2023-04-29T19:46:49Z,78.0
2023-04-29T19:47:02Z,80.0
2023-04-29T19:47:17Z,80.0
2023-04-29T19:47:27Z,82.0
2023-04-29T19:47:32Z,85.0
2023-04-29T19:47:47Z,85.0
2023-04-29T19:47:57Z,86.0
2023-04-29T19:48:12Z,85.0
2023-04-29T19:48:17Z,87.0
2023-04-29T19:48:22Z,87.0
2023-04-29T19:48:27Z,80.0
2023-04-29T19:48:42Z,81.0
2023-04-29T19:48:47Z,80.0
2023-04-29T19:48:52Z,68.0
2023-04-29T19:48:57Z,67.0
2023-04-29T19:49:02Z,66.0
2023-04-29T19:49:07Z,67.0
2023-04-29T19:49:22Z,67.0
2023-04-29T19:49:27Z,68.0
2023-04-29T19:49:37Z,69.0
2023-04-29T19:49:42Z,73.0
2023-04-29T19:49:47Z,74.0
2023-04-29T19:50:02Z,74.0
2023-04-29T19:50:17Z,73.0
2023-04-29T19:50:32Z,72.0
2023-04-29T19:50:37Z,71.0
2023-04-29T19:50:42Z,70.0
2023-04-29T19:50:47Z,70.0
2023-04-29T19:50:57Z,69.0
2023-04-29T19:51:12Z,69.0
2023-04-29T19:51:17Z,70.0
2023-04-29T19:51:22Z,71.0
2023-04-29T19:51:37Z,70.0
2023-04-29T19:51:42Z,69.0
2023-04-29T19:51:47Z,70.0
2023-04-29T19:52:02Z,71.0
2023-04-29T19:52:07Z,70.0
2023-04-29T19:52:12Z,71.0
2023-04-29T19:52:22Z,71.0
2023-04-29T19:52:27Z,70.0
2023-04-29T19:52:32Z,69.0
2023-04-29T19:52:37Z,69.0
2023-04-29T19:52:42Z,70.0
2023-04-29T19:52:47Z,71.0
2023-04-29T19:52:53Z,70.0
2023-04-29T19:53:03Z,68.0
2023-04-29T19:53:08Z,68.0
2023-04-29T19:53:23Z,68.0
2023-04-29T19:53:28Z,69.0
2023-04-29T19:53:38Z,68.0
2023-04-29T19:53:48Z,69.0
2023-04-29T19:54:03Z,69.0
2023-04-29T19:54:18Z,69.0
2023-04-29T19:54:23Z,69.0
2023-04-29T19:54:28Z,68.0
2023-04-29T19:54:43Z,68.0
2023-04-29T19:54:48Z,69.0
2023-04-29T19:55:03Z,69.0
2023-04-29T19:55:13Z,68.0
2023-04-29T19:55:23Z,69.0
2023-04-29T19:55:38Z,68.0
2023-04-29T19:55:53Z,68.0
2023-04-29T19:56:03Z,68.0
2023-04-29T19:56:18Z,68.0
2023-04-29T19:56:23Z,68.0
2023-04-29T19:56:28Z,69.0
2023-04-29T19:56:38Z,66.0
2023-04-29T19:56:43Z,65.0
2023-04-29T19:56:53Z,67.0
2023-04-29T19:56:58Z,68.0
2023-04-29T19:57:13Z,68.0
2023-04-29T19:57:18Z,69.0
2023-04-29T19:57:23Z,81.0
2023-04-29T19:57:28Z,79.0
2023-04-29T19:57:33Z,76.0
2023-04-29T19:57:38Z,77.0
2023-04-29T19:57:53Z,77.0
2023-04-29T19:58:03Z,78.0
2023-04-29T19:58:08Z,81.0
2023-04-29T19:58:13Z,80.0
2023-04-29T19:58:18Z,79.0
2023-04-29T19:58:28Z,74.0
2023-04-29T19:58:33Z,67.0
2023-04-29T19:58:38Z,67.0
2023-04-29T19:58:53Z,67.0
2023-04-29T19:59:08Z,68.0
2023-04-29T19:59:23Z,68.0
2023-04-29T19:59:38Z,68.0
2023-04-29T19:59:43Z,69.0
2023-04-29T19:59:48Z,69.0
2023-04-29T20:00:03Z,69.0
2023-04-29T20:00:08Z,68.0
2023-04-29T20:00:23Z,68.0
2023-04-29T20:00:38Z,69.0
2023-04-29T20:00:53Z,69.0
2023-04-29T20:01:03Z,69.0
2023-04-29T20:01:18Z,68.0
2023-04-29T20:01:23Z,69.0
2023-04-29T20:01:28Z,68.0
2023-04-29T20:01:33Z,68.0
2023-04-29T20:01:43Z,68.0
2023-04-29T20:01:48Z,68.0
2023-04-29T20:01:53Z,68.0
2023-04-29T20:02:08Z,68.0
2023-04-29T20:02:13Z,69.0
2023-04-29T20:02:28Z,70.0
2023-04-29T20:02:43Z,71.0
2023-04-29T20:02:48Z,74.0
2023-04-29T20:02:53Z,77.0
2023-04-29T20:02:58Z,75.0
2023-04-29T20:03:03Z,72.0
2023-04-29T20:03:18Z,72.0
2023-04-29T20:03:23Z,72.0
2023-04-29T20:03:28Z,69.0
2023-04-29T20:03:38Z,70.0
2023-04-29T20:03:43Z,71.0
2023-04-29T20:03:48Z,72.0
2023-04-29T20:03:55Z,73.0
2023-04-29T20:04:00Z,74.0
2023-04-29T20:04:05Z,71.0
2023-04-29T20:04:10Z,69.0
2023-04-29T20:04:20Z,70.0
2023-04-29T20:04:35Z,69.0
2023-04-29T20:04:40Z,69.0
2023-04-29T20:04:50Z,70.0
2023-04-29T20:04:55Z,67.0
2023-04-29T20:05:00Z,66.0
2023-04-29T20:05:05Z,66.0
2023-04-29T20:05:10Z,67.0
2023-04-29T20:05:15Z,65.0
2023-04-29T20:05:20Z,67.0
2023-04-29T20:05:25Z,67.0
2023-04-29T20:05:40Z,67.0
2023-04-29T20:05:55Z,67.0
2023-04-29T20:06:10Z,67.0
2023-04-29T20:06:25Z,70.0
2023-04-29T20:06:30Z,72.0
2023-04-29T20:06:35Z,71.0
2023-04-29T20:06:50Z,71.0
2023-04-29T20:07:05Z,71.0
2023-04-29T20:07:10Z,68.0
2023-04-29T20:07:15Z,67.0
2023-04-29T20:07:20Z,68.0
2023-04-29T20:07:25Z,69.0
2023-04-29T20:07:30Z,71.0
2023-04-29T20:07:35Z,72.0
2023-04-29T20:07:50Z,72.0
2023-04-29T20:08:00Z,71.0
2023-04-29T20:08:05Z,70.0
2023-04-29T20:08:20Z,70.0
2023-04-29T20:08:35Z,70.0
2023-04-29T20:08:50Z,72.0
2023-04-29T20:08:55Z,73.0
2023-04-29T20:09:10Z,72.0
2023-04-29T20:09:15Z,69.0
2023-04-29T20:09:25Z,69.0
2023-04-29T20:09:40Z,69.0
2023-04-29T20:09:45Z,70.0
2023-04-29T20:10:00Z,70.0
2023-04-29T20:10:10Z,72.0
2023-04-29T20:10:15Z,74.0
2023-04-29T20:10:20Z,78.0
2023-04-29T20:10:25Z,77.0
2023-04-29T20:10:40Z,76.0
2023-04-29T20:10:55Z,75.0
2023-04-29T20:11:00Z,76.0
2023-04-29T20:11:05Z,71.0
2023-04-29T20:11:10Z,70.0
2023-04-29T20:11:20Z,69.0
2023-04-29T20:11:30Z,68.0
2023-04-29T20:11:35Z,65.0
2023-04-29T20:11:40Z,64.0
2023-04-29T20:11:55Z,65.0
2023-04-29T20:12:10Z,65.0
2023-04-29T20:12:15Z,66.0
2023-04-29T20:12:25Z,68.0
2023-04-29T20:12:30Z,69.0
2023-04-29T20:12:40Z,67.0
2023-04-29T20:12:45Z,66.0
2023-04-29T20:12:50Z,67.0
2023-04-29T20:12:55Z,66.0
2023-04-29T20:13:00Z,67.0
2023-04-29T20:13:15Z,67.0
2023-04-29T20:13:25Z,69.0
2023-04-29T20:13:35Z,68.0
2023-04-29T20:13:50Z,68.0
2023-04-29T20:13:55Z,68.0
2023-04-29T20:14:00Z,68.0
2023-04-29T20:14:15Z,69.0
2023-04-29T20:14:20Z,68.0
2023-04-29T20:14:30Z,66.0
2023-04-29T20:14:35Z,65.0
2023-04-29T20:14:40Z,65.0
2023-04-29T20:14:50Z,65.0
2023-04-29T20:14:55Z,64.0
2023-04-29T20:15:00Z,65.0
2023-04-29T20:15:05Z,66.0
2023-04-29T20:15:10Z,67.0
2023-04-29T20:15:15Z,68.0
2023-04-29T20:15:20Z,67.0
2023-04-29T20:15:35Z,66.0
2023-04-29T20:15:40Z,64.0
2023-04-29T20:15:55Z,64.0
2023-04-29T20:16:00Z,65.0
2023-04-29T20:16:05Z,64.0
2023-04-29T20:16:10Z,64.0
2023-04-29T20:16:25Z,64.0
2023-04-29T20:16:30Z,65.0
2023-04-29T20:16:40Z,66.0
2023-04-29T20:16:45Z,68.0
2023-04-29T20:17:00Z,68.0
2023-04-29T20:17:15Z,67.0
2023-04-29T20:17:31Z,67.0
2023-04-29T20:17:36Z,65.0
2023-04-29T20:17:46Z,64.0
2023-04-29T20:17:56Z,63.0
2023-04-29T20:18:11Z,62.0
2023-04-29T20:18:16Z,61.0
2023-04-29T20:18:31Z,61.0
2023-04-29T20:18:41Z,60.0
2023-04-29T20:18:56Z,60.0
2023-04-29T20:19:06Z,60.0
2023-04-29T20:19:16Z,60.0
2023-04-29T20:19:31Z,60.0
2023-04-29T20:19:41Z,61.0
2023-04-29T20:19:46Z,63.0
2023-04-29T20:19:52Z,63.0
2023-04-29T20:19:57Z,64.0
2023-04-29T20:20:07Z,63.0
2023-04-29T20:20:12Z,62.0
2023-04-29T20:20:22Z,64.0
2023-04-29T20:20:32Z,65.0
2023-04-29T20:20:37Z,67.0
2023-04-29T20:20:42Z,65.0
2023-04-29T20:20:57Z,64.0
2023-04-29T20:21:02Z,63.0
2023-04-29T20:21:07Z,62.0
2023-04-29T20:21:12Z,61.0
2023-04-29T20:21:27Z,61.0
2023-04-29T20:21:32Z,61.0
2023-04-29T20:21:37Z,61.0
2023-04-29T20:21:52Z,61.0
2023-04-29T20:22:07Z,61.0
2023-04-29T20:22:22Z,61.0
2023-04-29T20:22:27Z,62.0
2023-04-29T20:22:32Z,66.0
2023-04-29T20:22:37Z,75.0
2023-04-29T20:22:42Z,76.0
2023-04-29T20:22:47Z,75.0
2023-04-29T20:22:52Z,74.0
2023-04-29T20:22:57Z,73.0
2023-04-29T20:23:02Z,71.0
2023-04-29T20:23:07Z,70.0
2023-04-29T20:23:17Z,70.0
2023-04-29T20:23:22Z,69.0
2023-04-29T20:23:27Z,70.0
2023-04-29T20:23:42Z,74.0
2023-04-29T20:23:47Z,75.0
2023-04-29T20:23:57Z,76.0
2023-04-29T20:24:02Z,77.0
2023-04-29T20:24:07Z,78.0
2023-04-29T20:24:12Z,79.0
2023-04-29T20:24:27Z,79.0
2023-04-29T20:24:32Z,85.0
2023-04-29T20:24:37Z,87.0
2023-04-29T20:24:42Z,85.0
2023-04-29T20:24:47Z,84.0
2023-04-29T20:25:02Z,83.0
2023-04-29T20:25:17Z,84.0
2023-04-29T20:25:32Z,85.0
2023-04-29T20:25:37Z,86.0
2023-04-29T20:25:47Z,87.0
2023-04-29T20:26:02Z,87.0
2023-04-29T20:26:17Z,85.0
2023-04-29T20:26:22Z,84.0
2023-04-29T20:26:27Z,82.0
2023-04-29T20:26:32Z,81.0
2023-04-29T20:26:42Z,82.0
2023-04-29T20:26:52Z,81.0
2023-04-29T20:26:57Z,81.0
2023-04-29T20:27:02Z,82.0
2023-04-29T20:27:12Z,83.0
2023-04-29T20:27:17Z,85.0
2023-04-29T20:27:22Z,86.0
2023-04-29T20:27:27Z,85.0
2023-04-29T20:27:32Z,86.0
2023-04-29T20:27:42Z,87.0
2023-04-29T20:27:47Z,88.0
2023-04-29T20:27:52Z,90.0
2023-04-29T20:27:57Z,91.0
2023-04-29T20:28:07Z,92.0
2023-04-29T20:28:22Z,92.0
2023-04-29T20:28:37Z,91.0
2023-04-29T20:28:42Z,90.0
2023-04-29T20:28:47Z,88.0
2023-04-29T20:28:52Z,89.0
2023-04-29T20:28:57Z,90.0
2023-04-29T20:29:02Z,90.0
2023-04-29T20:29:07Z,88.0
2023-04-29T20:29:12Z,86.0
2023-04-29T20:29:17Z,87.0
2023-04-29T20:29:22Z,91.0
2023-04-29T20:29:27Z,92.0
2023-04-29T20:29:37Z,91.0
2023-04-29T20:29:42Z,90.0
2023-04-29T20:29:47Z,90.0
2023-04-29T20:29:52Z,89.0
2023-04-29T20:29:57Z,88.0
2023-04-29T20:30:07Z,87.0
2023-04-29T20:30:22Z,87.0
2023-04-29T20:30:27Z,86.0
2023-04-29T20:30:33Z,84.0
2023-04-29T20:30:38Z,82.0
2023-04-29T20:30:43Z,81.0
2023-04-29T20:30:48Z,82.0
2023-04-29T20:30:53Z,83.0
2023-04-29T20:31:03Z,82.0
2023-04-29T20:31:13Z,81.0
2023-04-29T20:31:23Z,82.0
2023-04-29T20:31:33Z,83.0
2023-04-29T20:31:38Z,86.0
2023-04-29T20:31:53Z,86.0
2023-04-29T20:31:58Z,85.0
2023-04-29T20:32:03Z,86.0
2023-04-29T20:32:08Z,85.0
2023-04-29T20:32:18Z,84.0
2023-04-29T20:32:23Z,76.0
2023-04-29T20:32:28Z,70.0
2023-04-29T20:32:33Z,69.0
2023-04-29T20:32:38Z,68.0
2023-04-29T20:32:43Z,66.0
2023-04-29T20:32:48Z,65.0
2023-04-29T20:32:58Z,63.0
2023-04-29T20:33:03Z,62.0
2023-04-29T20:33:13Z,62.0
2023-04-29T20:33:18Z,63.0
2023-04-29T20:33:23Z,64.0
2023-04-29T20:33:28Z,65.0
2023-04-29T20:33:33Z,68.0
2023-04-29T20:33:43Z,67.0
2023-04-29T20:33:53Z,68.0
2023-04-29T20:34:08Z,68.0
2023-04-29T20:34:13Z,67.0
2023-04-29T20:34:28Z,68.0
2023-04-29T20:34:33Z,70.0
2023-04-29T20:34:38Z,71.0
2023-04-29T20:34:53Z,72.0
2023-04-29T20:34:58Z,69.0
2023-04-29T20:35:03Z,67.0
2023-04-29T20:35:08Z,66.0
2023-04-29T20:35:13Z,65.0
2023-04-29T20:35:18Z,63.0
2023-04-29T20:35:28Z,64.0
2023-04-29T20:35:38Z,65.0
2023-04-29T20:35:43Z,66.0
2023-04-29T20:35:48Z,67.0
2023-04-29T20:35:58Z,67.0
2023-04-29T20:36:03Z,66.0
2023-04-29T20:36:08Z,66.0
2023-04-29T20:36:23Z,66.0
2023-04-29T20:36:28Z,67.0
2023-04-29T20:36:43Z,67.0
2023-04-29T20:36:48Z,69.0
2023-04-29T20:36:54Z,71.0
2023-04-29T20:36:59Z,73.0
2023-04-29T20:37:04Z,75.0
2023-04-29T20:37:09Z,77.0
2023-04-29T20:37:14Z,79.0
2023-04-29T20:37:19Z,80.0
2023-04-29T20:37:29Z,82.0
2023-04-29T20:37:44Z,85.0
2023-04-29T20:37:49Z,89.0
2023-04-29T20:37:54Z,91.0
2023-04-29T20:37:59Z,92.0
2023-04-29T20:38:04Z,91.0
2023-04-29T20:38:09Z,92.0
2023-04-29T20:38:14Z,94.0
2023-04-29T20:38:19Z,97.0
2023-04-29T20:38:24Z,99.0
2023-04-29T20:38:29Z,100.0
2023-04-29T20:38:34Z,97.0
2023-04-29T20:38:39Z,96.0
2023-04-29T20:38:44Z,95.0
2023-04-29T20:38:49Z,93.0
2023-04-29T20:38:54Z,94.0
2023-04-29T20:38:59Z,92.0
2023-04-29T20:39:04Z,91.0
2023-04-29T20:39:09Z,89.0
2023-04-29T20:39:14Z,85.0
2023-04-29T20:39:29Z,85.0
2023-04-29T20:39:34Z,84.0
2023-04-29T20:39:49Z,83.0
2023-04-29T20:39:54Z,84.0
2023-04-29T20:40:04Z,82.0
2023-04-29T20:40:09Z,73.0
2023-04-29T20:40:19Z,74.0
2023-04-29T20:40:24Z,75.0
2023-04-29T20:40:29Z,77.0
2023-04-29T20:40:34Z,78.0
2023-04-29T20:40:49Z,77.0
2023-04-29T20:40:54Z,76.0
2023-04-29T20:41:09Z,77.0
2023-04-29T20:41:24Z,77.0
2023-04-29T20:41:39Z,77.0
2023-04-29T20:41:44Z,79.0
2023-04-29T20:41:49Z,80.0
2023-04-29T20:41:54Z,81.0
2023-04-29T20:41:59Z,82.0
2023-04-29T20:42:04Z,84.0
2023-04-29T20:42:09Z,86.0
2023-04-29T20:42:14Z,84.0
2023-04-29T20:42:19Z,85.0
2023-04-29T20:42:24Z,82.0
2023-04-29T20:42:34Z,83.0
2023-04-29T20:42:44Z,84.0
2023-04-29T20:42:49Z,85.0
2023-04-29T20:42:54Z,87.0
2023-04-29T20:43:04Z,88.0
2023-04-29T20:43:19Z,88.0
2023-04-29T20:43:24Z,89.0
2023-04-29T20:43:29Z,88.0
2023-04-29T20:43:44Z,88.0
2023-04-29T20:43:54Z,89.0
2023-04-29T20:44:04Z,88.0
2023-04-29T20:44:09Z,87.0
2023-04-29T20:44:14Z,86.0
2023-04-29T20:44:19Z,86.0
2023-04-29T20:44:24Z,83.0
2023-04-29T20:44:29Z,82.0
2023-04-29T20:44:34Z,80.0
2023-04-29T20:44:39Z,73.0
2023-04-29T20:44:44Z,74.0
2023-04-29T20:44:59Z,74.0
2023-04-29T20:45:04Z,71.0
2023-04-29T20:45:09Z,72.0
2023-04-29T20:45:14Z,71.0
2023-04-29T20:45:19Z,73.0
2023-04-29T20:45:34Z,76.0
2023-04-29T20:45:39Z,78.0
2023-04-29T20:45:44Z,79.0
2023-04-29T20:45:54Z,81.0
2023-04-29T20:46:09Z,81.0
2023-04-29T20:46:24Z,82.0
2023-04-29T20:46:29Z,82.0
2023-04-29T20:46:44Z,82.0
2023-04-29T20:46:54Z,80.0
2023-04-29T20:46:59Z,78.0
2023-04-29T20:47:04Z,77.0
2023-04-29T20:47:14Z,79.0
2023-04-29T20:47:30Z,78.0
2023-04-29T20:47:45Z,78.0
2023-04-29T20:47:50Z,76.0
2023-04-29T20:47:55Z,75.0
2023-04-29T20:48:00Z,73.0
2023-04-29T20:48:05Z,72.0
2023-04-29T20:48:10Z,74.0
2023-04-29T20:48:15Z,75.0
2023-04-29T20:48:20Z,76.0
2023-04-29T20:48:25Z,75.0
2023-04-29T20:48:30Z,76.0
2023-04-29T20:48:40Z,78.0
2023-04-29T20:48:45Z,80.0
2023-04-29T20:49:00Z,80.0
2023-04-29T20:49:05Z,79.0
2023-04-29T20:49:10Z,80.0
2023-04-29T20:49:15Z,81.0
2023-04-29T20:49:25Z,80.0
2023-04-29T20:49:30Z,79.0
2023-04-29T20:49:35Z,78.0
2023-04-29T20:49:50Z,79.0
2023-04-29T20:49:55Z,80.0
2023-04-29T20:50:10Z,80.0
2023-04-29T20:50:20Z,81.0
2023-04-29T20:50:30Z,82.0
2023-04-29T20:50:35Z,81.0
2023-04-29T20:50:45Z,82.0
2023-04-29T20:50:50Z,81.0
2023-04-29T20:51:00Z,81.0
2023-04-29T20:51:15Z,81.0
2023-04-29T20:51:25Z,80.0
2023-04-29T20:51:35Z,79.0
2023-04-29T20:51:40Z,81.0
2023-04-29T20:51:45Z,82.0
2023-04-29T20:52:00Z,83.0
2023-04-29T20:52:05Z,84.0
2023-04-29T20:52:10Z,83.0
2023-04-29T20:52:15Z,83.0
2023-04-29T20:52:20Z,82.0
2023-04-29T20:52:30Z,81.0
2023-04-29T20:52:45Z,82.0
2023-04-29T20:52:55Z,83.0
2023-04-29T20:53:00Z,85.0
2023-04-29T20:53:05Z,86.0
2023-04-29T20:53:10Z,87.0
2023-04-29T20:53:15Z,88.0
2023-04-29T20:53:20Z,88.0
2023-04-29T20:53:25Z,87.0
2023-04-29T20:53:35Z,87.0
2023-04-29T20:53:40Z,86.0
2023-04-29T20:53:45Z,84.0
2023-04-29T20:53:50Z,85.0
2023-04-29T20:53:55Z,83.0
2023-04-29T20:54:00Z,82.0
2023-04-29T20:54:05Z,82.0
2023-04-29T20:54:10Z,82.0
2023-04-29T20:54:15Z,83.0
2023-04-29T20:54:20Z,84.0
2023-04-29T20:54:30Z,85.0
2023-04-29T20:54:35Z,86.0
2023-04-29T20:54:40Z,88.0
2023-04-29T20:54:50Z,89.0
2023-04-29T20:54:55Z,91.0
2023-04-29T20:55:00Z,94.0
2023-04-29T20:55:05Z,95.0
2023-04-29T20:55:15Z,92.0
2023-04-29T20:55:20Z,89.0
2023-04-29T20:55:35Z,91.0
2023-04-29T20:55:40Z,93.0
2023-04-29T20:55:45Z,92.0
2023-04-29T20:55:50Z,81.0
2023-04-29T20:55:55Z,76.0
2023-04-29T20:56:00Z,73.0
2023-04-29T20:56:05Z,68.0
2023-04-29T20:56:15Z,69.0
2023-04-29T20:56:25Z,68.0
2023-04-29T20:56:30Z,67.0
2023-04-29T20:56:35Z,66.0
2023-04-29T20:56:41Z,66.0
2023-04-29T20:56:51Z,69.0
2023-04-29T20:56:56Z,71.0
2023-04-29T20:57:01Z,72.0
2023-04-29T20:57:16Z,71.0
2023-04-29T20:57:26Z,69.0
2023-04-29T20:57:36Z,70.0
2023-04-29T20:57:41Z,71.0
2023-04-29T20:57:56Z,71.0
2023-04-29T20:58:01Z,72.0
2023-04-29T20:58:16Z,73.0
2023-04-29T20:58:21Z,74.0
2023-04-29T20:58:26Z,75.0
2023-04-29T20:58:41Z,75.0
2023-04-29T20:58:46Z,74.0
2023-04-29T20:59:01Z,75.0
2023-04-29T20:59:06Z,71.0
2023-04-29T20:59:11Z,70.0
2023-04-29T20:59:21Z,71.0
2023-04-29T20:59:36Z,71.0
2023-04-29T20:59:51Z,72.0
2023-04-29T20:59:56Z,72.0
2023-04-29T21:00:06Z,70.0
2023-04-29T21:00:11Z,70.0
2023-04-29T21:00:16Z,72.0
2023-04-29T21:00:21Z,73.0
2023-04-29T21:00:26Z,74.0
2023-04-29T21:00:31Z,73.0
2023-04-29T21:00:36Z,72.0
2023-04-29T21:00:51Z,72.0
2023-04-29T21:00:56Z,72.0
2023-04-29T21:01:06Z,73.0
2023-04-29T21:01:11Z,76.0
2023-04-29T21:01:16Z,77.0
2023-04-29T21:01:26Z,73.0
2023-04-29T21:01:31Z,71.0
2023-04-29T21:01:36Z,72.0
2023-04-29T21:01:51Z,71.0
2023-04-29T21:02:01Z,72.0
2023-04-29T21:02:16Z,73.0
2023-04-29T21:02:26Z,72.0
2023-04-29T21:02:36Z,73.0
2023-04-29T21:02:46Z,74.0
2023-04-29T21:02:51Z,75.0
2023-04-29T21:02:56Z,74.0
2023-04-29T21:03:01Z,73.0
2023-04-29T21:03:06Z,74.0
2023-04-29T21:03:21Z,74.0
2023-04-29T21:03:26Z,75.0
2023-04-29T21:03:36Z,76.0
2023-04-29T21:03:41Z,77.0
2023-04-29T21:03:46Z,78.0
2023-04-29T21:03:51Z,75.0
2023-04-29T21:03:56Z,74.0
2023-04-29T21:04:01Z,73.0
2023-04-29T21:04:06Z,73.0
2023-04-29T21:04:11Z,70.0
2023-04-29T21:04:16Z,71.0
2023-04-29T21:04:26Z,71.0
2023-04-29T21:04:41Z,72.0
2023-04-29T21:04:46Z,73.0
2023-04-29T21:05:01Z,72.0
2023-04-29T21:05:16Z,72.0
2023-04-29T21:05:31Z,72.0
2023-04-29T21:05:41Z,71.0
2023-04-29T21:05:46Z,72.0
2023-04-29T21:05:51Z,71.0
2023-04-29T21:06:06Z,72.0
2023-04-29T21:06:11Z,73.0
2023-04-29T21:06:16Z,74.0
2023-04-29T21:06:21Z,76.0
2023-04-29T21:06:31Z,77.0
2023-04-29T21:06:36Z,76.0
2023-04-29T21:06:51Z,75.0
2023-04-29T21:07:06Z,75.0
2023-04-29T21:07:22Z,74.0
2023-04-29T21:07:27Z,73.0
2023-04-29T21:07:32Z,71.0
2023-04-29T21:07:37Z,70.0
2023-04-29T21:07:52Z,71.0
2023-04-29T21:08:07Z,70.0
2023-04-29T21:08:22Z,70.0
2023-04-29T21:08:27Z,69.0
2023-04-29T21:08:32Z,68.0
2023-04-29T21:08:37Z,67.0
2023-04-29T21:08:52Z,67.0
2023-04-29T21:08:57Z,70.0
2023-04-29T21:09:02Z,85.0
2023-04-29T21:09:07Z,82.0
2023-04-29T21:09:12Z,72.0
2023-04-29T21:09:17Z,72.0
2023-04-29T21:09:22Z,70.0
2023-04-29T21:09:28Z,70.0
2023-04-29T21:09:33Z,71.0
2023-04-29T21:09:43Z,71.0
2023-04-29T21:09:54Z,69.0
2023-04-29T21:09:59Z,66.0
2023-04-29T21:10:04Z,66.0
2023-04-29T21:10:09Z,65.0
2023-04-29T21:10:19Z,67.0
2023-04-29T21:10:24Z,67.0
2023-04-29T21:10:39Z,66.0
2023-04-29T21:10:49Z,67.0
2023-04-29T21:10:54Z,68.0
2023-04-29T21:10:59Z,70.0
2023-04-29T21:11:04Z,70.0
2023-04-29T21:11:09Z,69.0
2023-04-29T21:11:24Z,69.0
2023-04-29T21:11:39Z,69.0
2023-04-29T21:11:49Z,69.0
2023-04-29T21:11:59Z,70.0
2023-04-29T21:12:04Z,71.0
2023-04-29T21:12:09Z,72.0
2023-04-29T21:12:19Z,72.0
2023-04-29T21:12:24Z,71.0
2023-04-29T21:12:39Z,71.0
2023-04-29T21:12:44Z,70.0
2023-04-29T21:12:54Z,71.0
2023-04-29T21:13:09Z,70.0
2023-04-29T21:13:19Z,71.0
2023-04-29T21:13:24Z,72.0
2023-04-29T21:13:29Z,71.0
2023-04-29T21:13:34Z,71.0
2023-04-29T21:13:44Z,70.0
2023-04-29T21:13:54Z,69.0
2023-04-29T21:14:04Z,68.0
2023-04-29T21:14:19Z,68.0
2023-04-29T21:14:29Z,70.0
2023-04-29T21:14:39Z,69.0
2023-04-29T21:14:54Z,69.0
2023-04-29T21:15:09Z,69.0
2023-04-29T21:15:24Z,70.0
2023-04-29T21:15:29Z,71.0
2023-04-29T21:15:34Z,72.0
2023-04-29T21:15:49Z,72.0
2023-04-29T21:16:04Z,73.0
2023-04-29T21:16:09Z,73.0
2023-04-29T21:16:14Z,74.0
2023-04-29T21:16:25Z,74.0
2023-04-29T21:16:40Z,74.0
2023-04-29T21:16:55Z,74.0
2023-04-29T21:17:00Z,68.0
2023-04-29T21:17:05Z,64.0
2023-04-29T21:17:15Z,65.0
2023-04-29T21:17:20Z,66.0
2023-04-29T21:17:25Z,67.0
2023-04-29T21:17:40Z,67.0
2023-04-29T21:17:50Z,69.0
2023-04-29T21:17:55Z,68.0
2023-04-29T21:18:00Z,67.0
2023-04-29T21:18:05Z,66.0
2023-04-29T21:18:20Z,66.0
2023-04-29T21:18:25Z,65.0
2023-04-29T21:18:30Z,63.0
2023-04-29T21:18:35Z,62.0
2023-04-29T21:18:40Z,63.0
2023-04-29T21:18:45Z,65.0
2023-04-29T21:18:55Z,64.0
2023-04-29T21:19:00Z,63.0
2023-04-29T21:19:15Z,63.0
2023-04-29T21:19:30Z,63.0
2023-04-29T21:19:35Z,63.0
2023-04-29T21:19:40Z,62.0
2023-04-29T21:19:50Z,63.0
2023-04-29T21:19:55Z,64.0
2023-04-29T21:20:00Z,64.0
2023-04-29T21:20:15Z,63.0
2023-04-29T21:20:30Z,65.0
2023-04-29T21:20:40Z,65.0
2023-04-29T21:20:45Z,66.0
2023-04-29T21:20:50Z,67.0
2023-04-29T21:21:05Z,67.0
2023-04-29T21:21:10Z,68.0
2023-04-29T21:21:25Z,67.0
2023-04-29T21:21:35Z,66.0
2023-04-29T21:21:40Z,65.0
2023-04-29T21:21:55Z,65.0
2023-04-29T21:22:10Z,65.0
2023-04-29T21:22:20Z,65.0
2023-04-29T21:22:25Z,66.0
2023-04-29T21:22:40Z,65.0
2023-04-29T21:22:45Z,64.0
2023-04-29T21:22:50Z,66.0
2023-04-29T21:22:55Z,67.0
2023-04-29T21:23:00Z,66.0
2023-04-29T21:23:05Z,68.0
2023-04-29T21:23:20Z,68.0
2023-04-29T21:23:35Z,67.0
2023-04-29T21:23:40Z,66.0
2023-04-29T21:23:55Z,67.0
2023-04-29T21:24:00Z,66.0
2023-04-29T21:24:10Z,67.0
2023-04-29T21:24:15Z,67.0
2023-04-29T21:24:20Z,68.0
2023-04-29T21:24:25Z,69.0
2023-04-29T21:24:30Z,70.0
2023-04-29T21:24:35Z,69.0
2023-04-29T21:24:40Z,70.0
2023-04-29T21:24:45Z,69.0
2023-04-29T21:25:00Z,69.0
2023-04-29T21:25:10Z,70.0
2023-04-29T21:25:15Z,69.0
2023-04-29T21:25:20Z,70.0
2023-04-29T21:25:35Z,71.0
2023-04-29T21:25:45Z,72.0
2023-04-29T21:25:52Z,73.0
2023-04-29T21:25:57Z,74.0
2023-04-29T21:26:07Z,75.0
2023-04-29T21:26:12Z,76.0
2023-04-29T21:26:17Z,78.0
2023-04-29T21:26:22Z,79.0
2023-04-29T21:26:27Z,81.0
2023-04-29T21:26:32Z,83.0
2023-04-29T21:26:37Z,82.0
2023-04-29T21:26:42Z,75.0
2023-04-29T21:26:47Z,68.0
2023-04-29T21:26:52Z,67.0
2023-04-29T21:26:57Z,66.0
2023-04-29T21:27:12Z,66.0
2023-04-29T21:27:27Z,64.0
2023-04-29T21:27:32Z,63.0
2023-04-29T21:27:37Z,64.0
2023-04-29T21:27:47Z,65.0
2023-04-29T21:27:52Z,65.0
2023-04-29T21:27:58Z,66.0
2023-04-29T21:28:13Z,66.0
2023-04-29T21:28:28Z,66.0
2023-04-29T21:28:38Z,65.0
2023-04-29T21:28:43Z,64.0
2023-04-29T21:28:48Z,65.0
2023-04-29T21:28:53Z,66.0
2023-04-29T21:29:08Z,66.0
2023-04-29T21:29:23Z,66.0
2023-04-29T21:29:28Z,65.0
2023-04-29T21:29:38Z,64.0
2023-04-29T21:29:53Z,64.0
2023-04-29T21:30:08Z,65.0
2023-04-29T21:30:13Z,66.0
2023-04-29T21:30:28Z,66.0
2023-04-29T21:30:38Z,67.0
2023-04-29T21:30:53Z,66.0
2023-04-29T21:30:58Z,67.0
2023-04-29T21:31:08Z,68.0
2023-04-29T21:31:23Z,68.0
2023-04-29T21:31:38Z,69.0
2023-04-29T21:31:53Z,69.0
2023-04-29T21:31:58Z,71.0
2023-04-29T21:32:03Z,73.0
2023-04-29T21:32:08Z,72.0
2023-04-29T21:32:23Z,74.0
2023-04-29T21:32:38Z,73.0
2023-04-29T21:32:43Z,73.0
2023-04-29T21:32:58Z,73.0
2023-04-29T21:33:03Z,72.0
2023-04-29T21:33:18Z,72.0
2023-04-29T21:33:28Z,71.0
2023-04-29T21:33:33Z,70.0
2023-04-29T21:33:38Z,69.0
2023-04-29T21:33:43Z,68.0
2023-04-29T21:33:48Z,69.0
2023-04-29T21:34:03Z,69.0
2023-04-29T21:34:08Z,70.0
2023-04-29T21:34:23Z,70.0
2023-04-29T21:34:28Z,71.0
2023-04-29T21:34:33Z,72.0
2023-04-29T21:34:38Z,74.0
2023-04-29T21:34:43Z,73.0
2023-04-29T21:34:48Z,72.0
2023-04-29T21:34:58Z,73.0
2023-04-29T21:35:13Z,73.0
2023-04-29T21:35:18Z,72.0
2023-04-29T21:35:33Z,71.0
2023-04-29T21:35:43Z,72.0
2023-04-29T21:35:48Z,74.0
2023-04-29T21:35:53Z,75.0
2023-04-29T21:35:58Z,73.0
2023-04-29T21:36:03Z,72.0
2023-04-29T21:36:13Z,71.0
2023-04-29T21:36:18Z,72.0
2023-04-29T21:36:28Z,74.0
2023-04-29T21:36:33Z,75.0
2023-04-29T21:36:38Z,77.0
2023-04-29T21:36:48Z,78.0
2023-04-29T21:36:53Z,77.0
2023-04-29T21:36:58Z,74.0
2023-04-29T21:37:08Z,75.0
2023-04-29T21:37:23Z,76.0
2023-04-29T21:37:33Z,77.0
2023-04-29T21:37:43Z,76.0
2023-04-29T21:37:48Z,74.0
2023-04-29T21:37:53Z,72.0
2023-04-29T21:37:58Z,71.0
2023-04-29T21:38:03Z,69.0
2023-04-29T21:38:18Z,69.0
2023-04-29T21:38:23Z,70.0
2023-04-29T21:38:28Z,72.0
2023-04-29T21:38:33Z,73.0
2023-04-29T21:38:38Z,74.0
2023-04-29T21:38:43Z,75.0
2023-04-29T21:38:58Z,75.0
2023-04-29T21:39:08Z,76.0
2023-04-29T21:39:13Z,78.0
2023-04-29T21:39:18Z,78.0
2023-04-29T21:39:28Z,79.0
2023-04-29T21:39:33Z,81.0
2023-04-29T21:39:38Z,82.0
2023-04-29T21:39:43Z,81.0
2023-04-29T21:39:48Z,83.0
2023-04-29T21:39:53Z,81.0
2023-04-29T21:39:58Z,80.0
2023-04-29T21:40:03Z,79.0
2023-04-29T21:40:08Z,77.0
2023-04-29T21:40:18Z,76.0
2023-04-29T21:40:28Z,74.0
2023-04-29T21:40:33Z,73.0
2023-04-29T21:40:48Z,73.0
2023-04-29T21:40:53Z,72.0
2023-04-29T21:40:58Z,70.0
2023-04-29T21:41:03Z,68.0
2023-04-29T21:41:08Z,69.0
2023-04-29T21:41:13Z,71.0
2023-04-29T21:41:18Z,73.0
2023-04-29T21:41:23Z,75.0
2023-04-29T21:41:28Z,76.0
2023-04-29T21:41:38Z,75.0
2023-04-29T21:41:43Z,76.0
2023-04-29T21:41:54Z,76.0
2023-04-29T21:41:59Z,78.0
2023-04-29T21:42:04Z,79.0
2023-04-29T21:42:09Z,75.0
2023-04-29T21:42:14Z,73.0
2023-04-29T21:42:24Z,72.0
2023-04-29T21:42:29Z,71.0
2023-04-29T21:42:34Z,70.0
2023-04-29T21:42:49Z,71.0
2023-04-29T21:42:54Z,71.0
2023-04-29T21:43:00Z,71.0
2023-04-29T21:43:05Z,72.0
2023-04-29T21:43:10Z,72.0
2023-04-29T21:43:15Z,71.0
2023-04-29T21:43:20Z,72.0
2023-04-29T21:43:25Z,73.0
2023-04-29T21:43:30Z,72.0
2023-04-29T21:43:40Z,73.0
2023-04-29T21:43:50Z,74.0
2023-04-29T21:44:05Z,73.0
2023-04-29T21:44:10Z,66.0
2023-04-29T21:44:15Z,67.0
2023-04-29T21:44:20Z,66.0
2023-04-29T21:44:25Z,67.0
2023-04-29T21:44:40Z,67.0
2023-04-29T21:44:45Z,65.0
2023-04-29T21:44:50Z,63.0
2023-04-29T21:44:55Z,64.0
2023-04-29T21:45:05Z,65.0
2023-04-29T21:45:20Z,65.0
2023-04-29T21:45:25Z,66.0
2023-04-29T21:45:30Z,67.0
2023-04-29T21:45:35Z,69.0
2023-04-29T21:45:40Z,70.0
2023-04-29T21:45:45Z,72.0
2023-04-29T21:45:50Z,71.0
2023-04-29T21:46:00Z,70.0
2023-04-29T21:46:05Z,70.0
2023-04-29T21:46:20Z,69.0
2023-04-29T21:46:35Z,68.0
2023-04-29T21:46:50Z,68.0
2023-04-29T21:46:55Z,69.0
2023-04-29T21:47:10Z,68.0
2023-04-29T21:47:25Z,68.0
2023-04-29T21:47:40Z,67.0
2023-04-29T21:47:55Z,67.0
2023-04-29T21:48:10Z,67.0
2023-04-29T21:48:25Z,67.0
2023-04-29T21:48:30Z,68.0
2023-04-29T21:48:45Z,68.0
2023-04-29T21:48:50Z,69.0
2023-04-29T21:48:55Z,72.0
2023-04-29T21:49:00Z,94.0
2023-04-29T21:49:05Z,96.0
2023-04-29T21:49:10Z,96.0
2023-04-29T21:49:15Z,93.0
2023-04-29T21:49:20Z,90.0
2023-04-29T21:49:25Z,84.0
2023-04-29T21:49:30Z,72.0
2023-04-29T21:49:40Z,71.0
2023-04-29T21:49:45Z,71.0
2023-04-29T21:49:50Z,69.0
2023-04-29T21:49:55Z,63.0
2023-04-29T21:50:00Z,63.0
2023-04-29T21:50:05Z,62.0
2023-04-29T21:50:20Z,62.0
2023-04-29T21:50:25Z,63.0
2023-04-29T21:50:30Z,65.0
2023-04-29T21:50:35Z,66.0
2023-04-29T21:50:40Z,64.0
2023-04-29T21:50:50Z,63.0
2023-04-29T21:51:05Z,62.0
2023-04-29T21:51:20Z,62.0
2023-04-29T21:51:25Z,63.0
2023-04-29T21:51:30Z,62.0
2023-04-29T21:51:35Z,63.0
2023-04-29T21:51:50Z,63.0
2023-04-29T21:52:00Z,62.0
2023-04-29T21:52:10Z,63.0
2023-04-29T21:52:25Z,63.0
2023-04-29T21:52:30Z,64.0
2023-04-29T21:52:35Z,65.0
2023-04-29T21:52:50Z,80.0
2023-04-29T21:52:55Z,82.0
2023-04-29T21:53:05Z,83.0
2023-04-29T21:53:10Z,81.0
2023-04-29T21:53:15Z,80.0
2023-04-29T21:53:20Z,77.0
2023-04-29T21:53:25Z,72.0
2023-04-29T21:53:30Z,71.0
2023-04-29T21:53:35Z,69.0
2023-04-29T21:53:45Z,70.0
2023-04-29T21:54:00Z,71.0
2023-04-29T21:54:05Z,70.0
2023-04-29T21:54:10Z,71.0
2023-04-29T21:54:25Z,71.0
2023-04-29T21:54:30Z,72.0
2023-04-29T21:54:35Z,77.0
2023-04-29T21:54:40Z,84.0
2023-04-29T21:54:45Z,83.0
2023-04-29T21:54:50Z,84.0
2023-04-29T21:55:05Z,84.0
2023-04-29T21:55:10Z,85.0
2023-04-29T21:55:15Z,92.0
2023-04-29T21:55:20Z,93.0
2023-04-29T21:55:25Z,88.0
2023-04-29T21:55:30Z,85.0
2023-04-29T21:55:35Z,85.0
2023-04-29T21:55:45Z,84.0
2023-04-29T21:56:00Z,84.0
2023-04-29T21:56:10Z,85.0
2023-04-29T21:56:15Z,84.0
2023-04-29T21:56:20Z,83.0
2023-04-29T21:56:35Z,83.0
2023-04-29T21:56:40Z,82.0
2023-04-29T21:56:45Z,84.0
2023-04-29T21:56:50Z,84.0
2023-04-29T21:56:55Z,83.0
2023-04-29T21:57:10Z,83.0
2023-04-29T21:57:20Z,84.0
2023-04-29T21:57:30Z,85.0
2023-04-29T21:57:35Z,83.0
2023-04-29T21:57:40Z,81.0
2023-04-29T21:57:52Z,79.0
2023-04-29T21:57:57Z,78.0
2023-04-29T21:58:07Z,77.0
2023-04-29T21:58:12Z,76.0
2023-04-29T21:58:17Z,75.0
2023-04-29T21:58:22Z,74.0
2023-04-29T21:58:27Z,73.0
2023-04-29T21:58:32Z,70.0
2023-04-29T21:58:37Z,67.0
2023-04-29T21:58:47Z,66.0
2023-04-29T21:58:52Z,65.0
2023-04-29T21:59:07Z,65.0
2023-04-29T21:59:22Z,65.0
2023-04-29T21:59:32Z,66.0
2023-04-29T21:59:47Z,66.0
2023-04-29T22:00:02Z,67.0
2023-04-29T22:00:07Z,69.0
2023-04-29T22:00:12Z,71.0
2023-04-29T22:00:27Z,72.0
2023-04-29T22:00:32Z,73.0
2023-04-29T22:00:37Z,75.0
2023-04-29T22:00:42Z,84.0
2023-04-29T22:00:47Z,85.0
2023-04-29T22:00:57Z,86.0
2023-04-29T22:01:02Z,87.0
2023-04-29T22:01:07Z,86.0
2023-04-29T22:01:12Z,84.0
2023-04-29T22:01:17Z,81.0
2023-04-29T22:01:22Z,75.0
2023-04-29T22:01:27Z,72.0
2023-04-29T22:01:32Z,72.0
2023-04-29T22:01:47Z,72.0
2023-04-29T22:01:57Z,71.0
2023-04-29T22:02:02Z,70.0
2023-04-29T22:02:07Z,68.0
2023-04-29T22:02:17Z,71.0
2023-04-29T22:02:22Z,83.0
2023-04-29T22:02:27Z,85.0
2023-04-29T22:02:37Z,78.0
2023-04-29T22:02:42Z,71.0
2023-04-29T22:02:47Z,69.0
2023-04-29T22:02:52Z,68.0
2023-04-29T22:03:07Z,68.0
2023-04-29T22:03:17Z,70.0
2023-04-29T22:03:22Z,73.0
2023-04-29T22:03:37Z,76.0
2023-04-29T22:03:42Z,77.0
2023-04-29T22:03:52Z,78.0
2023-04-29T22:03:57Z,79.0
2023-04-29T22:04:02Z,80.0
2023-04-29T22:04:07Z,79.0
2023-04-29T22:04:12Z,83.0
2023-04-29T22:04:17Z,86.0
2023-04-29T22:04:32Z,86.0
2023-04-29T22:04:37Z,89.0
2023-04-29T22:04:42Z,88.0
2023-04-29T22:04:47Z,87.0
2023-04-29T22:04:52Z,88.0
2023-04-29T22:04:57Z,89.0
2023-04-29T22:05:02Z,89.0
2023-04-29T22:05:07Z,86.0
2023-04-29T22:05:17Z,87.0
2023-04-29T22:05:22Z,88.0
2023-04-29T22:05:32Z,90.0
2023-04-29T22:05:37Z,91.0
2023-04-29T22:05:42Z,91.0
2023-04-29T22:05:47Z,89.0
2023-04-29T22:05:52Z,87.0
2023-04-29T22:05:57Z,86.0
2023-04-29T22:06:02Z,85.0
2023-04-29T22:06:17Z,85.0
2023-04-29T22:06:32Z,84.0
2023-04-29T22:06:42Z,83.0
2023-04-29T22:06:57Z,83.0
2023-04-29T22:07:02Z,84.0
2023-04-29T22:07:07Z,85.0
2023-04-29T22:07:12Z,86.0
2023-04-29T22:07:17Z,85.0
2023-04-29T22:07:32Z,86.0
2023-04-29T22:07:37Z,88.0
2023-04-29T22:07:42Z,87.0
2023-04-29T22:07:47Z,85.0
2023-04-29T22:08:02Z,86.0
2023-04-29T22:08:12Z,87.0
2023-04-29T22:08:17Z,89.0
2023-04-29T22:08:22Z,88.0
2023-04-29T22:08:37Z,89.0
2023-04-29T22:08:42Z,88.0
2023-04-29T22:08:52Z,89.0
2023-04-29T22:08:57Z,90.0
2023-04-29T22:09:02Z,91.0
2023-04-29T22:09:07Z,92.0
2023-04-29T22:09:12Z,94.0
2023-04-29T22:09:17Z,93.0
2023-04-29T22:09:22Z,91.0
2023-04-29T22:09:27Z,88.0
2023-04-29T22:09:32Z,87.0
2023-04-29T22:09:37Z,90.0
2023-04-29T22:09:42Z,92.0
2023-04-29T22:09:47Z,91.0
2023-04-29T22:09:52Z,88.0
2023-04-29T22:09:57Z,86.0
2023-04-29T22:10:07Z,80.0
2023-04-29T22:10:12Z,75.0
2023-04-29T22:10:17Z,68.0
2023-04-29T22:10:22Z,67.0
2023-04-29T22:10:27Z,64.0
2023-04-29T22:10:32Z,62.0
2023-04-29T22:10:37Z,62.0
2023-04-29T22:10:47Z,64.0
2023-04-29T22:10:57Z,63.0
2023-04-29T22:11:02Z,64.0
2023-04-29T22:11:07Z,63.0
2023-04-29T22:11:12Z,61.0
2023-04-29T22:11:22Z,62.0
2023-04-29T22:11:37Z,62.0
2023-04-29T22:11:42Z,62.0
2023-04-29T22:11:47Z,63.0
2023-04-29T22:11:52Z,63.0
2023-04-29T22:11:57Z,65.0
2023-04-29T22:12:02Z,66.0
2023-04-29T22:12:07Z,68.0
2023-04-29T22:12:12Z,65.0
2023-04-29T22:12:17Z,67.0
2023-04-29T22:12:22Z,68.0
2023-04-29T22:12:27Z,69.0
2023-04-29T22:12:42Z,66.0
2023-04-29T22:12:47Z,65.0
2023-04-29T22:12:57Z,68.0
2023-04-29T22:13:02Z,67.0
2023-04-29T22:13:08Z,67.0
2023-04-29T22:13:13Z,66.0
2023-04-29T22:13:23Z,66.0
2023-04-29T22:13:28Z,68.0
2023-04-29T22:13:38Z,70.0
2023-04-29T22:13:43Z,69.0
2023-04-29T22:13:48Z,68.0
2023-04-29T22:13:53Z,69.0
2023-04-29T22:14:03Z,70.0
2023-04-29T22:14:08Z,69.0
2023-04-29T22:14:23Z,70.0
2023-04-29T22:14:28Z,68.0
2023-04-29T22:14:33Z,65.0
2023-04-29T22:14:38Z,64.0
2023-04-29T22:14:43Z,65.0
2023-04-29T22:14:48Z,66.0
2023-04-29T22:14:53Z,62.0
2023-04-29T22:14:58Z,62.0
2023-04-29T22:15:08Z,63.0
2023-04-29T22:15:13Z,65.0
2023-04-29T22:15:18Z,66.0
2023-04-29T22:15:23Z,67.0
2023-04-29T22:15:28Z,67.0
2023-04-29T22:15:33Z,66.0
2023-04-29T22:15:38Z,64.0
2023-04-29T22:15:53Z,65.0
2023-04-29T22:15:58Z,66.0
2023-04-29T22:16:03Z,66.0
2023-04-29T22:16:13Z,68.0
2023-04-29T22:16:18Z,69.0
2023-04-29T22:16:23Z,71.0
2023-04-29T22:16:29Z,73.0
2023-04-29T22:16:39Z,74.0
2023-04-29T22:16:49Z,75.0
2023-04-29T22:16:54Z,76.0
2023-04-29T22:17:04Z,77.0
2023-04-29T22:17:09Z,81.0
2023-04-29T22:17:14Z,84.0
2023-04-29T22:17:19Z,82.0
2023-04-29T22:17:24Z,79.0
2023-04-29T22:17:39Z,79.0
2023-04-29T22:17:54Z,79.0
2023-04-29T22:17:59Z,80.0
2023-04-29T22:18:09Z,81.0
2023-04-29T22:18:14Z,78.0
2023-04-29T22:18:19Z,77.0
2023-04-29T22:18:29Z,75.0
2023-04-29T22:18:39Z,74.0
2023-04-29T22:18:49Z,73.0
2023-04-29T22:19:04Z,73.0
2023-04-29T22:19:09Z,74.0
2023-04-29T22:19:24Z,73.0
2023-04-29T22:19:29Z,72.0
2023-04-29T22:19:39Z,73.0
2023-04-29T22:19:44Z,72.0
2023-04-29T22:19:59Z,72.0
2023-04-29T22:20:04Z,71.0
2023-04-29T22:20:19Z,72.0
2023-04-29T22:20:24Z,72.0
2023-04-29T22:20:29Z,73.0
2023-04-29T22:20:44Z,73.0
2023-04-29T22:20:49Z,74.0
2023-04-29T22:20:59Z,73.0
2023-04-29T22:21:04Z,72.0
2023-04-29T22:21:14Z,71.0
2023-04-29T22:21:19Z,70.0
2023-04-29T22:21:29Z,71.0
2023-04-29T22:21:39Z,70.0
2023-04-29T22:21:54Z,70.0
2023-04-29T22:22:04Z,72.0
2023-04-29T22:22:09Z,73.0
2023-04-29T22:22:14Z,72.0
2023-04-29T22:22:29Z,72.0
2023-04-29T22:22:34Z,71.0
2023-04-29T22:22:39Z,70.0
2023-04-29T22:22:44Z,69.0
2023-04-29T22:22:49Z,66.0
2023-04-29T22:22:54Z,65.0
2023-04-29T22:22:59Z,66.0
2023-04-29T22:23:09Z,64.0
2023-04-29T22:23:14Z,65.0
2023-04-29T22:23:29Z,65.0
2023-04-29T22:23:34Z,64.0
2023-04-29T22:23:39Z,65.0
2023-04-29T22:23:44Z,66.0
2023-04-29T22:23:49Z,69.0
2023-04-29T22:23:54Z,71.0
2023-04-29T22:24:04Z,72.0
2023-04-29T22:24:19Z,71.0
2023-04-29T22:24:34Z,73.0
2023-04-29T22:24:39Z,74.0
2023-04-29T22:24:44Z,71.0
2023-04-29T22:24:49Z,69.0
2023-04-29T22:24:54Z,70.0
2023-04-29T22:25:04Z,67.0
2023-04-29T22:25:09Z,66.0
2023-04-29T22:25:14Z,65.0
2023-04-29T22:25:19Z,65.0
2023-04-29T22:25:24Z,68.0
2023-04-29T22:25:29Z,69.0
2023-04-29T22:25:34Z,68.0
2023-04-29T22:25:44Z,68.0
2023-04-29T22:25:49Z,66.0
2023-04-29T22:25:54Z,65.0
2023-04-29T22:25:59Z,66.0
2023-04-29T22:26:04Z,67.0
2023-04-29T22:26:14Z,65.0
2023-04-29T22:26:19Z,66.0
2023-04-29T22:26:29Z,65.0
2023-04-29T22:26:44Z,67.0
2023-04-29T22:26:49Z,69.0
2023-04-29T22:26:59Z,70.0
2023-04-29T22:27:04Z,70.0
2023-04-29T22:27:14Z,69.0
2023-04-29T22:27:19Z,68.0
2023-04-29T22:27:29Z,69.0
2023-04-29T22:27:34Z,70.0
2023-04-29T22:27:39Z,70.0
2023-04-29T22:27:44Z,71.0
2023-04-29T22:27:49Z,70.0
2023-04-29T22:27:54Z,70.0
2023-04-29T22:28:05Z,71.0
2023-04-29T22:28:10Z,71.0
2023-04-29T22:28:25Z,68.0
2023-04-29T22:28:30Z,65.0
2023-04-29T22:28:35Z,68.0
2023-04-29T22:28:40Z,69.0
2023-04-29T22:28:50Z,70.0
2023-04-29T22:28:55Z,70.0
2023-04-29T22:29:00Z,71.0
2023-04-29T22:29:10Z,72.0
2023-04-29T22:29:15Z,69.0
2023-04-29T22:29:20Z,70.0
2023-04-29T22:29:25Z,69.0
2023-04-29T22:29:30Z,70.0
2023-04-29T22:29:35Z,68.0
2023-04-29T22:29:40Z,65.0
2023-04-29T22:29:50Z,64.0
2023-04-29T22:29:55Z,63.0
2023-04-29T22:30:05Z,64.0
2023-04-29T22:30:20Z,63.0
2023-04-29T22:30:35Z,64.0
2023-04-29T22:30:50Z,64.0
2023-04-29T22:30:55Z,65.0
2023-04-29T22:31:10Z,65.0
2023-04-29T22:31:15Z,63.0
2023-04-29T22:31:30Z,64.0
2023-04-29T22:31:35Z,65.0
2023-04-29T22:31:40Z,66.0
2023-04-29T22:31:50Z,67.0
2023-04-29T22:32:00Z,69.0
2023-04-29T22:32:05Z,87.0
2023-04-29T22:32:10Z,88.0
2023-04-29T22:32:15Z,79.0
2023-04-29T22:32:20Z,76.0
2023-04-29T22:32:27Z,75.0
2023-04-29T22:32:32Z,74.0
2023-04-29T22:32:42Z,72.0
2023-04-29T22:32:47Z,69.0
2023-04-29T22:32:52Z,68.0
2023-04-29T22:33:07Z,69.0
2023-04-29T22:33:12Z,70.0
2023-04-29T22:33:17Z,69.0
2023-04-29T22:33:22Z,65.0
2023-04-29T22:33:27Z,68.0
2023-04-29T22:33:37Z,67.0
2023-04-29T22:33:42Z,66.0
2023-04-29T22:33:47Z,67.0
2023-04-29T22:33:52Z,68.0
2023-04-29T22:33:57Z,67.0
2023-04-29T22:34:07Z,68.0
2023-04-29T22:34:23Z,68.0
2023-04-29T22:34:33Z,69.0
2023-04-29T22:34:57Z,70.0
2023-04-29T22:35:02Z,71.0
2023-04-29T22:35:07Z,79.0
2023-04-29T22:35:12Z,83.0
2023-04-29T22:35:17Z,78.0
2023-04-29T22:35:22Z,77.0
2023-04-29T22:35:32Z,75.0
2023-04-29T22:35:37Z,70.0
2023-04-29T22:35:42Z,69.0
2023-04-29T22:35:47Z,68.0
2023-04-29T22:35:52Z,67.0
2023-04-29T22:35:57Z,68.0
2023-04-29T22:36:02Z,69.0
2023-04-29T22:36:07Z,72.0
2023-04-29T22:36:12Z,71.0
2023-04-29T22:36:17Z,69.0
2023-04-29T22:36:22Z,68.0
2023-04-29T22:36:32Z,66.0
2023-04-29T22:36:37Z,65.0
2023-04-29T22:36:42Z,66.0
2023-04-29T22:36:47Z,65.0
2023-04-29T22:37:02Z,66.0
2023-04-29T22:37:07Z,71.0
2023-04-29T22:37:12Z,72.0
2023-04-29T22:37:17Z,71.0
2023-04-29T22:37:22Z,66.0
2023-04-29T22:37:27Z,64.0
2023-04-29T22:37:37Z,64.0
2023-04-29T22:37:42Z,66.0
2023-04-29T22:37:47Z,67.0
2023-04-29T22:37:52Z,68.0
2023-04-29T22:38:07Z,68.0
2023-04-29T22:38:22Z,69.0
2023-04-29T22:38:27Z,70.0
2023-04-29T22:38:32Z,77.0
2023-04-29T22:38:37Z,76.0
2023-04-29T22:38:42Z,71.0
2023-04-29T22:38:47Z,70.0
2023-04-29T22:38:52Z,66.0
2023-04-29T22:38:57Z,66.0
2023-04-29T22:39:12Z,66.0
2023-04-29T22:39:27Z,66.0
2023-04-29T22:39:32Z,65.0
2023-04-29T22:39:37Z,64.0
2023-04-29T22:39:47Z,63.0
2023-04-29T22:39:52Z,62.0
2023-04-29T22:40:07Z,62.0
2023-04-29T22:40:12Z,63.0
2023-04-29T22:40:17Z,64.0
2023-04-29T22:40:22Z,65.0
2023-04-29T22:40:37Z,67.0
2023-04-29T22:40:47Z,68.0
2023-04-29T22:40:52Z,69.0
2023-04-29T22:40:57Z,69.0
2023-04-29T22:41:02Z,65.0
2023-04-29T22:41:07Z,64.0
2023-04-29T22:41:22Z,64.0
2023-04-29T22:41:27Z,67.0
2023-04-29T22:41:32Z,67.0
2023-04-29T22:41:37Z,66.0
2023-04-29T22:41:47Z,65.0
2023-04-29T22:41:52Z,66.0
2023-04-29T22:41:57Z,67.0
2023-04-29T22:42:07Z,68.0
2023-04-29T22:42:12Z,71.0
2023-04-29T22:42:17Z,72.0
2023-04-29T22:42:27Z,73.0
2023-04-29T22:42:33Z,79.0
2023-04-29T22:42:38Z,78.0
2023-04-29T22:42:43Z,72.0
2023-04-29T22:42:48Z,70.0
2023-04-29T22:42:53Z,67.0
2023-04-29T22:42:58Z,67.0
2023-04-29T22:43:08Z,68.0
2023-04-29T22:43:13Z,70.0
2023-04-29T22:43:18Z,69.0
2023-04-29T22:43:23Z,66.0
2023-04-29T22:43:28Z,65.0
2023-04-29T22:43:33Z,64.0
2023-04-29T22:43:43Z,65.0
2023-04-29T22:43:58Z,64.0
2023-04-29T22:44:08Z,66.0
2023-04-29T22:44:13Z,69.0
2023-04-29T22:44:23Z,67.0
2023-04-29T22:44:28Z,65.0
2023-04-29T22:44:33Z,64.0
2023-04-29T22:44:43Z,65.0
2023-04-29T22:44:48Z,71.0
2023-04-29T22:44:53Z,72.0
2023-04-29T22:44:58Z,69.0
2023-04-29T22:45:03Z,67.0
2023-04-29T22:45:13Z,68.0
2023-04-29T22:45:28Z,68.0
2023-04-29T22:45:38Z,67.0
2023-04-29T22:45:43Z,66.0
2023-04-29T22:45:48Z,66.0
2023-04-29T22:46:03Z,65.0
2023-04-29T22:46:13Z,67.0
2023-04-29T22:46:18Z,68.0
2023-04-29T22:46:28Z,67.0
2023-04-29T22:46:33Z,66.0
2023-04-29T22:46:48Z,65.0
2023-04-29T22:46:53Z,64.0
2023-04-29T22:46:58Z,62.0
2023-04-29T22:47:03Z,61.0
2023-04-29T22:47:08Z,62.0
2023-04-29T22:47:13Z,64.0
2023-04-29T22:47:18Z,65.0
2023-04-29T22:47:28Z,66.0
2023-04-29T22:47:43Z,66.0
2023-04-29T22:47:53Z,74.0
2023-04-29T22:47:58Z,82.0
2023-04-29T22:48:03Z,85.0
2023-04-29T22:48:13Z,86.0
2023-04-29T22:48:18Z,86.0
2023-04-29T22:48:29Z,81.0
2023-04-29T22:48:34Z,76.0
2023-04-29T22:48:44Z,75.0
2023-04-29T22:48:54Z,71.0
2023-04-29T22:48:59Z,68.0
2023-04-29T22:49:04Z,66.0
2023-04-29T22:49:09Z,65.0
2023-04-29T22:49:14Z,66.0
2023-04-29T22:49:29Z,67.0
2023-04-29T22:49:39Z,68.0
2023-04-29T22:50:16Z,70.0
2023-04-29T22:50:31Z,92.0
2023-04-29T22:50:36Z,94.0
2023-04-29T22:50:41Z,93.0
2023-04-29T22:50:46Z,92.0
2023-04-29T22:50:51Z,91.0
2023-04-29T22:50:56Z,88.0
2023-04-29T22:51:01Z,81.0
2023-04-29T22:51:06Z,70.0
2023-04-29T22:51:11Z,66.0
2023-04-29T22:51:21Z,64.0
2023-04-29T22:51:26Z,65.0
2023-04-29T22:51:36Z,64.0
2023-04-29T22:51:51Z,66.0
2023-04-29T22:51:56Z,67.0
2023-04-29T22:52:11Z,67.0
2023-04-29T22:52:16Z,65.0
2023-04-29T22:52:26Z,66.0
2023-04-29T22:52:31Z,68.0
2023-04-29T22:52:36Z,69.0
2023-04-29T22:52:46Z,68.0
2023-04-29T22:52:51Z,67.0
2023-04-29T22:52:56Z,66.0
2023-04-29T22:53:01Z,66.0
2023-04-29T22:53:06Z,67.0
2023-04-29T22:53:11Z,69.0
2023-04-29T22:53:16Z,70.0
2023-04-29T22:53:31Z,70.0
2023-04-29T22:53:36Z,69.0
2023-04-29T22:53:41Z,71.0
2023-04-29T22:53:51Z,72.0
2023-04-29T22:54:01Z,73.0
2023-04-29T22:54:06Z,72.0
2023-04-29T22:54:11Z,70.0
2023-04-29T22:54:16Z,68.0
2023-04-29T22:54:21Z,65.0
2023-04-29T22:54:26Z,66.0
2023-04-29T22:54:31Z,67.0
2023-04-29T22:54:41Z,69.0
2023-04-29T22:54:51Z,67.0
2023-04-29T22:55:01Z,66.0
2023-04-29T22:55:11Z,65.0
2023-04-29T22:55:21Z,64.0
2023-04-29T22:55:31Z,65.0
2023-04-29T22:55:36Z,64.0
2023-04-29T22:55:51Z,64.0
2023-04-29T22:56:01Z,65.0
2023-04-29T22:56:16Z,66.0
2023-04-29T22:56:26Z,66.0
2023-04-29T22:56:36Z,67.0
2023-04-29T22:56:41Z,66.0
2023-04-29T22:56:46Z,65.0
2023-04-29T22:57:01Z,64.0
2023-04-29T22:57:16Z,64.0
2023-04-29T22:57:21Z,65.0
2023-04-29T22:57:26Z,67.0
2023-04-29T22:57:31Z,68.0
2023-04-29T22:57:46Z,68.0
2023-04-29T22:57:51Z,67.0
2023-04-29T22:57:56Z,66.0
2023-04-29T22:58:01Z,67.0
2023-04-29T22:58:06Z,67.0
2023-04-29T22:58:11Z,65.0
2023-04-29T22:58:16Z,64.0
2023-04-29T22:58:31Z,66.0
2023-04-29T22:58:36Z,67.0
2023-04-29T22:58:41Z,66.0
2023-04-29T22:58:56Z,66.0
2023-04-29T22:59:01Z,65.0
2023-04-29T22:59:06Z,65.0
2023-04-29T22:59:11Z,65.0
2023-04-29T22:59:26Z,64.0
2023-04-29T22:59:41Z,65.0
2023-04-29T22:59:46Z,67.0
2023-04-29T22:59:51Z,68.0
2023-04-29T22:59:56Z,67.0
2023-04-29T23:00:01Z,68.0
2023-04-29T23:00:06Z,68.0
2023-04-29T23:00:21Z,68.0
2023-04-29T23:00:26Z,69.0
2023-04-29T23:00:36Z,70.0
2023-04-29T23:00:41Z,69.0
2023-04-29T23:00:46Z,69.0
2023-04-29T23:00:51Z,73.0
2023-04-29T23:00:56Z,77.0
2023-04-29T23:01:06Z,76.0
2023-04-29T23:01:11Z,75.0
2023-04-29T23:01:17Z,74.0
2023-04-29T23:01:22Z,73.0
2023-04-29T23:01:27Z,70.0
2023-04-29T23:01:32Z,65.0
2023-04-29T23:01:37Z,63.0
2023-04-29T23:01:42Z,62.0
2023-04-29T23:01:52Z,65.0
2023-04-29T23:02:02Z,66.0
2023-04-29T23:02:07Z,65.0
2023-04-29T23:02:12Z,64.0
2023-04-29T23:02:17Z,65.0
2023-04-29T23:02:22Z,63.0
2023-04-29T23:02:27Z,61.0
2023-04-29T23:02:42Z,63.0
2023-04-29T23:02:47Z,64.0
2023-04-29T23:03:02Z,64.0
2023-04-29T23:03:07Z,65.0
2023-04-29T23:03:17Z,64.0
2023-04-29T23:03:22Z,63.0
2023-04-29T23:03:32Z,64.0
2023-04-29T23:03:42Z,65.0
2023-04-29T23:03:47Z,64.0
2023-04-29T23:03:52Z,63.0
2023-04-29T23:03:57Z,67.0
2023-04-29T23:04:02Z,65.0
2023-04-29T23:04:12Z,66.0
2023-04-29T23:04:17Z,64.0
2023-04-29T23:04:22Z,63.0
2023-04-29T23:04:31Z,63.0
2023-04-29T23:04:36Z,65.0
2023-04-29T23:04:46Z,65.0
2023-04-29T23:04:51Z,66.0
2023-04-29T23:05:06Z,67.0
2023-04-29T23:05:11Z,69.0
2023-04-29T23:05:16Z,67.0
2023-04-29T23:05:21Z,67.0
2023-04-29T23:05:26Z,66.0
2023-04-29T23:05:31Z,65.0
2023-04-29T23:05:41Z,64.0
2023-04-29T23:05:51Z,65.0
2023-04-29T23:05:56Z,64.0
2023-04-29T23:06:06Z,66.0
2023-04-29T23:06:11Z,67.0
2023-04-29T23:06:16Z,68.0
2023-04-29T23:06:31Z,68.0
2023-04-29T23:06:36Z,69.0
2023-04-29T23:06:46Z,67.0
2023-04-29T23:06:51Z,67.0
2023-04-29T23:07:06Z,67.0
2023-04-29T23:07:16Z,69.0
2023-04-29T23:07:21Z,72.0
2023-04-29T23:07:26Z,76.0
2023-04-29T23:07:31Z,82.0
2023-04-29T23:07:46Z,79.0
2023-04-29T23:07:51Z,71.0
2023-04-29T23:07:56Z,69.0
2023-04-29T23:08:11Z,69.0
2023-04-29T23:08:21Z,70.0
2023-04-29T23:08:26Z,69.0
2023-04-29T23:08:31Z,68.0
2023-04-29T23:08:36Z,67.0
2023-04-29T23:08:41Z,66.0
2023-04-29T23:08:56Z,66.0
2023-04-29T23:09:06Z,65.0
2023-04-29T23:09:11Z,66.0
2023-04-29T23:09:26Z,66.0
2023-04-29T23:09:41Z,67.0
2023-04-29T23:09:56Z,67.0
2023-04-29T23:10:11Z,68.0
2023-04-29T23:10:26Z,67.0
2023-04-29T23:10:41Z,66.0
2023-04-29T23:10:46Z,67.0
2023-04-29T23:10:51Z,66.0
2023-04-29T23:11:06Z,66.0
2023-04-29T23:11:16Z,67.0
2023-04-29T23:11:21Z,69.0
2023-04-29T23:11:26Z,71.0
2023-04-29T23:11:36Z,72.0
2023-04-29T23:11:51Z,72.0
2023-04-29T23:11:56Z,71.0
2023-04-29T23:12:06Z,72.0
2023-04-29T23:12:11Z,72.0
2023-04-29T23:12:16Z,72.0
2023-04-29T23:12:31Z,72.0
2023-04-29T23:12:36Z,71.0
2023-04-29T23:12:51Z,71.0
2023-04-29T23:12:56Z,69.0
2023-04-29T23:13:06Z,68.0
2023-04-29T23:13:11Z,63.0
2023-04-29T23:13:16Z,62.0
2023-04-29T23:13:21Z,61.0
2023-04-29T23:13:36Z,62.0
2023-04-29T23:13:41Z,61.0
2023-04-29T23:13:56Z,61.0
2023-04-29T23:14:11Z,61.0
2023-04-29T23:14:16Z,61.0
2023-04-29T23:14:21Z,63.0
2023-04-29T23:14:26Z,64.0
2023-04-29T23:14:36Z,63.0
2023-04-29T23:14:51Z,63.0
2023-04-29T23:15:06Z,63.0
2023-04-29T23:15:16Z,63.0
2023-04-29T23:15:21Z,62.0
2023-04-29T23:15:26Z,62.0
2023-04-29T23:15:31Z,62.0
2023-04-29T23:15:36Z,63.0
2023-04-29T23:15:46Z,64.0
2023-04-29T23:16:01Z,63.0
2023-04-29T23:16:16Z,64.0
2023-04-29T23:16:21Z,64.0
2023-04-29T23:16:31Z,63.0
2023-04-29T23:16:41Z,63.0
2023-04-29T23:16:51Z,63.0
2023-04-29T23:16:56Z,65.0
2023-04-29T23:17:01Z,64.0
2023-04-29T23:17:16Z,65.0
2023-04-29T23:17:21Z,64.0
2023-04-29T23:17:36Z,66.0
2023-04-29T23:17:46Z,65.0
2023-04-29T23:17:56Z,64.0
2023-04-29T23:18:01Z,65.0
2023-04-29T23:18:11Z,64.0
2023-04-29T23:18:26Z,64.0
2023-04-29T23:18:31Z,63.0
2023-04-29T23:18:36Z,62.0
2023-04-29T23:18:41Z,63.0
2023-04-29T23:18:46Z,62.0
2023-04-29T23:18:56Z,63.0
2023-04-29T23:19:01Z,62.0
2023-04-29T23:19:06Z,63.0
2023-04-29T23:19:16Z,63.0
2023-04-29T23:19:31Z,62.0
2023-04-29T23:19:46Z,62.0
2023-04-29T23:20:07Z,63.0
2023-04-29T23:20:12Z,64.0
2023-04-29T23:20:28Z,65.0
2023-04-29T23:20:33Z,64.0
2023-04-29T23:20:48Z,64.0
2023-04-29T23:20:53Z,65.0
2023-04-29T23:20:58Z,80.0
2023-04-29T23:21:03Z,91.0
2023-04-29T23:21:08Z,87.0
2023-04-29T23:21:13Z,74.0
2023-04-29T23:21:18Z,70.0
2023-04-29T23:21:23Z,67.0
2023-04-29T23:21:28Z,66.0
2023-04-29T23:21:43Z,65.0
2023-04-29T23:21:48Z,64.0
2023-04-29T23:21:53Z,63.0
2023-04-29T23:22:03Z,62.0
2023-04-29T23:22:18Z,62.0
2023-04-29T23:22:23Z,62.0
2023-04-29T23:22:28Z,63.0
2023-04-29T23:22:33Z,64.0
2023-04-29T23:22:48Z,66.0
2023-04-29T23:22:53Z,66.0
2023-04-29T23:22:58Z,64.0
2023-04-29T23:23:03Z,65.0
2023-04-29T23:23:08Z,66.0
2023-04-29T23:23:13Z,67.0
2023-04-29T23:23:28Z,68.0
2023-04-29T23:23:43Z,68.0
2023-04-29T23:23:48Z,67.0
2023-04-29T23:23:53Z,64.0
2023-04-29T23:23:58Z,62.0
2023-04-29T23:24:13Z,63.0
2023-04-29T23:24:23Z,63.0
2023-04-29T23:24:38Z,64.0
2023-04-29T23:24:48Z,65.0
2023-04-29T23:24:58Z,66.0
2023-04-29T23:25:03Z,67.0
2023-04-29T23:25:08Z,66.0
2023-04-29T23:25:13Z,66.0
2023-04-29T23:25:18Z,64.0
2023-04-29T23:25:33Z,64.0
2023-04-29T23:25:38Z,63.0
2023-04-29T23:25:43Z,64.0
2023-04-29T23:25:53Z,65.0
2023-04-29T23:25:58Z,64.0
2023-04-29T23:26:13Z,63.0
2023-04-29T23:26:18Z,64.0
2023-04-29T23:26:33Z,65.0
2023-04-29T23:26:38Z,64.0
2023-04-29T23:26:53Z,63.0
2023-04-29T23:27:03Z,62.0
2023-04-29T23:27:08Z,62.0
2023-04-29T23:27:18Z,63.0
2023-04-29T23:27:23Z,64.0
2023-04-29T23:27:38Z,64.0
2023-04-29T23:27:48Z,67.0
2023-04-29T23:27:53Z,81.0
2023-04-29T23:27:58Z,85.0
2023-04-29T23:28:03Z,84.0
2023-04-29T23:28:08Z,75.0
2023-04-29T23:28:13Z,71.0
2023-04-29T23:28:18Z,67.0
2023-04-29T23:28:23Z,66.0
2023-04-29T23:28:38Z,66.0
2023-04-29T23:28:48Z,66.0
2023-04-29T23:28:58Z,67.0
2023-04-29T23:29:03Z,66.0
2023-04-29T23:29:08Z,67.0
2023-04-29T23:29:13Z,68.0
2023-04-29T23:29:18Z,68.0
2023-04-29T23:29:33Z,68.0
2023-04-29T23:29:48Z,68.0
2023-04-29T23:30:03Z,69.0
2023-04-29T23:30:13Z,70.0
2023-04-29T23:30:28Z,70.0
2023-04-29T23:30:33Z,69.0
2023-04-29T23:30:38Z,69.0
2023-04-29T23:30:43Z,70.0
2023-04-29T23:30:48Z,69.0
2023-04-29T23:30:58Z,66.0
2023-04-29T23:31:13Z,66.0
2023-04-29T23:31:28Z,67.0
2023-04-29T23:31:33Z,70.0
2023-04-29T23:31:38Z,70.0
2023-04-29T23:31:43Z,67.0
2023-04-29T23:31:48Z,66.0
2023-04-29T23:32:03Z,66.0
2023-04-29T23:32:18Z,66.0
2023-04-29T23:32:33Z,66.0
2023-04-29T23:32:48Z,66.0
2023-04-29T23:32:53Z,65.0
2023-04-29T23:33:08Z,66.0
2023-04-29T23:33:23Z,66.0
2023-04-29T23:33:38Z,66.0
2023-04-29T23:33:43Z,65.0
2023-04-29T23:33:48Z,63.0
2023-04-29T23:33:58Z,64.0
2023-04-29T23:34:13Z,64.0
2023-04-29T23:34:28Z,64.0
2023-04-29T23:34:33Z,65.0
2023-04-29T23:34:48Z,65.0
2023-04-29T23:35:03Z,65.0
2023-04-29T23:35:13Z,66.0
2023-04-29T23:35:18Z,66.0
2023-04-29T23:35:23Z,66.0
2023-04-29T23:35:38Z,67.0
2023-04-29T23:35:43Z,69.0
2023-04-29T23:35:48Z,68.0
2023-04-29T23:35:53Z,67.0
2023-04-29T23:35:58Z,68.0
2023-04-29T23:36:14Z,66.0
2023-04-29T23:36:19Z,63.0
2023-04-29T23:36:24Z,64.0
2023-04-29T23:36:32Z,63.0
2023-04-29T23:36:47Z,64.0
2023-04-29T23:36:52Z,65.0
2023-04-29T23:36:57Z,67.0
2023-04-29T23:37:32Z,70.0
2023-04-29T23:37:42Z,101.0
2023-04-29T23:37:47Z,119.0
2023-04-29T23:37:52Z,110.0
2023-04-29T23:37:57Z,97.0
2023-04-29T23:38:02Z,91.0
2023-04-29T23:38:07Z,88.0
2023-04-29T23:38:12Z,86.0
2023-04-29T23:38:17Z,85.0
2023-04-29T23:38:22Z,85.0
2023-04-29T23:38:27Z,83.0
2023-04-29T23:38:32Z,80.0
2023-04-29T23:38:37Z,78.0
2023-04-29T23:38:42Z,76.0
2023-04-29T23:38:47Z,66.0
2023-04-29T23:38:52Z,63.0
2023-04-29T23:38:57Z,63.0
2023-04-29T23:39:12Z,63.0
2023-04-29T23:39:17Z,63.0
2023-04-29T23:39:27Z,62.0
2023-04-29T23:39:42Z,62.0
2023-04-29T23:39:47Z,61.0
2023-04-29T23:40:02Z,61.0
2023-04-29T23:40:07Z,62.0
2023-04-29T23:40:12Z,61.0
2023-04-29T23:40:27Z,61.0
2023-04-29T23:40:32Z,62.0
2023-04-29T23:40:42Z,63.0
2023-04-29T23:40:57Z,64.0
2023-04-29T23:41:07Z,65.0
2023-04-29T23:41:22Z,65.0
2023-04-29T23:41:37Z,65.0
2023-04-29T23:41:47Z,64.0
2023-04-29T23:41:52Z,61.0
2023-04-29T23:41:57Z,60.0
2023-04-29T23:42:02Z,60.0
2023-04-29T23:42:12Z,61.0
2023-04-29T23:42:27Z,61.0
2023-04-29T23:42:37Z,62.0
2023-04-29T23:42:52Z,64.0
2023-04-29T23:43:02Z,65.0
2023-04-29T23:43:17Z,66.0
2023-04-29T23:43:22Z,67.0
2023-04-29T23:43:32Z,68.0
2023-04-29T23:43:47Z,68.0
2023-04-29T23:43:52Z,69.0
2023-04-29T23:43:57Z,70.0
2023-04-29T23:44:07Z,71.0
2023-04-29T23:44:12Z,72.0
2023-04-29T23:44:27Z,74.0
2023-04-29T23:44:32Z,90.0
2023-04-29T23:44:37Z,86.0
2023-04-29T23:44:42Z,81.0
2023-04-29T23:44:47Z,73.0
2023-04-29T23:44:52Z,66.0
2023-04-29T23:44:57Z,63.0
2023-04-29T23:45:12Z,62.0
2023-04-29T23:45:27Z,62.0
2023-04-29T23:45:32Z,63.0
2023-04-29T23:45:47Z,63.0
2023-04-29T23:46:02Z,64.0
2023-04-29T23:46:07Z,65.0
2023-04-29T23:46:12Z,66.0
2023-04-29T23:46:27Z,66.0
2023-04-29T23:46:42Z,66.0
2023-04-29T23:46:47Z,67.0
2023-04-29T23:46:52Z,68.0
2023-04-29T23:46:57Z,69.0
2023-04-29T23:47:12Z,69.0
2023-04-29T23:47:22Z,67.0
2023-04-29T23:47:27Z,68.0
2023-04-29T23:47:32Z,67.0
2023-04-29T23:47:42Z,67.0
2023-04-29T23:47:52Z,68.0
2023-04-29T23:47:57Z,68.0
2023-04-29T23:48:02Z,68.0
2023-04-29T23:48:07Z,67.0
2023-04-29T23:48:22Z,66.0
2023-04-29T23:48:27Z,64.0
2023-04-29T23:48:37Z,65.0
2023-04-29T23:48:42Z,67.0
2023-04-29T23:48:57Z,67.0
2023-04-29T23:49:07Z,66.0
2023-04-29T23:49:12Z,65.0
2023-04-29T23:49:17Z,66.0
2023-04-29T23:49:22Z,65.0
2023-04-29T23:49:37Z,65.0
2023-04-29T23:49:52Z,65.0
2023-04-29T23:50:07Z,65.0
2023-04-29T23:50:22Z,64.0
2023-04-29T23:50:27Z,65.0
2023-04-29T23:50:32Z,63.0
2023-04-29T23:50:47Z,64.0
2023-04-29T23:50:52Z,63.0
2023-04-29T23:50:58Z,64.0
2023-04-29T23:51:08Z,63.0
2023-04-29T23:51:18Z,63.0
2023-04-29T23:51:23Z,65.0
2023-04-29T23:51:28Z,66.0
2023-04-29T23:51:33Z,65.0
2023-04-29T23:51:43Z,66.0
2023-04-29T23:51:58Z,65.0
2023-04-29T23:52:13Z,65.0
2023-04-29T23:52:30Z,65.0
2023-04-29T23:52:40Z,67.0
2023-04-29T23:52:45Z,70.0
2023-04-29T23:53:00Z,71.0
2023-04-29T23:53:05Z,70.0
2023-04-29T23:53:10Z,71.0
2023-04-29T23:53:15Z,70.0
2023-04-29T23:53:30Z,71.0
2023-04-29T23:53:35Z,70.0
2023-04-29T23:53:40Z,68.0
2023-04-29T23:53:45Z,67.0
2023-04-29T23:53:55Z,65.0
2023-04-29T23:54:00Z,65.0
2023-04-29T23:54:15Z,65.0
2023-04-29T23:54:25Z,66.0
2023-04-29T23:54:30Z,67.0
2023-04-29T23:54:45Z,86.0
2023-04-29T23:54:50Z,88.0
2023-04-29T23:54:55Z,82.0
2023-04-29T23:55:10Z,76.0
2023-04-29T23:55:15Z,70.0
2023-04-29T23:55:20Z,69.0
2023-04-29T23:55:25Z,70.0
2023-04-29T23:55:40Z,67.0
2023-04-29T23:55:45Z,64.0
2023-04-29T23:55:50Z,64.0
2023-04-29T23:55:56Z,64.0
2023-04-29T23:56:06Z,65.0
2023-04-29T23:56:11Z,66.0
2023-04-29T23:56:21Z,67.0
2023-04-29T23:56:26Z,69.0
2023-04-29T23:56:31Z,70.0
2023-04-29T23:56:36Z,71.0
2023-04-29T23:56:51Z,71.0
2023-04-29T23:56:56Z,73.0
2023-04-29T23:57:06Z,72.0
2023-04-29T23:57:11Z,72.0
2023-04-29T23:57:16Z,73.0
2023-04-29T23:57:21Z,75.0
2023-04-29T23:57:26Z,77.0
2023-04-29T23:57:31Z,78.0
2023-04-29T23:57:36Z,79.0
2023-04-29T23:57:41Z,80.0
2023-04-29T23:57:51Z,81.0
2023-04-29T23:58:06Z,82.0
2023-04-29T23:58:11Z,80.0
2023-04-29T23:58:16Z,78.0
2023-04-29T23:58:26Z,81.0
2023-04-29T23:58:31Z,83.0
2023-04-29T23:58:36Z,85.0
2023-04-29T23:58:41Z,90.0
2023-04-29T23:58:46Z,93.0
2023-04-29T23:58:51Z,92.0
2023-04-29T23:58:56Z,92.0
2023-04-29T23:59:01Z,92.0
2023-04-29T23:59:06Z,92.0
2023-04-29T23:59:11Z,92.0
2023-04-29T23:59:16Z,92.0
2023-04-29T23:59:21Z,93.0
2023-04-29T23:59:26Z,96.0
2023-04-29T23:59:31Z,97.0
2023-04-29T23:59:41Z,98.0
2023-04-29T23:59:46Z,96.0
2023-04-29T23:59:51Z,93.0
